Position,Company Name,Location,website
Business Analyst,AboveBoard,United States,http://www.aboveboard.com
Business Analyst - 4212716,Accenture,"Irving, TX",http://www.accenture.com
Business Analyst - 4212716,Accenture,"Irving, TX",http://www.accenture.com
(REMOTE) Business Analyst,Acosta,United States,http://www.acosta.com
(REMOTE) Business Analyst,Acosta,United States,http://www.acosta.com
Product Owner / Business Analyst (Fully Remote),Adorama,United States,http://www.adorama.com
Product Owner / Business Analyst (Fully Remote),Adorama,United States,http://www.adorama.com
Application Development Business Analyst,AGIA Affinity,United States,http://www.agia.com
Application Development Business Analyst,AGIA Affinity,United States,http://www.agia.com
Business Analyst,AllSTEM Connections,"Plano, TX",http://www.allstemconnections.com
Business Analyst,AllSTEM Connections,"Plano, TX",http://www.allstemconnections.com
Business Analyst II,Altruista Health,United States,http://www.altruistahealth.com
Business Analyst II,Altruista Health,United States,http://www.altruistahealth.com
"Business Analyst, WW Consumer, Devices, Entertainment & Media Compensation",Amazon,United States,http://www.amazon.com
Business Analyst,Amazon Web Services (AWS),United States,http://www.amazon.com
Business Analyst,Amazon Web Services (AWS),United States,http://www.amazon.com
Business Analyst,"AmTrust Financial Services, Inc.",United States,http://www.amtrustfinancial.com
Business Analyst,"AmTrust Financial Services, Inc.",United States,http://www.amtrustfinancial.com
Consumer Business Analyst (2557),Amyris,United States,http://www.amyris.com
Consumer Business Analyst (2557),Amyris,United States,http://www.amyris.com
Business Analyst,Aperia,"Dallas, TX",http://www.aperia.com
Business Analyst,Aperia,"Dallas, TX",http://www.aperia.com
Service Line Business Analyst,APTIM,"Dallas, TX",http://www.aptim.com
Service Line Business Analyst,APTIM,"Dallas, TX",http://www.aptim.com
Business Analyst (Software),Arbor Research Collaborative for Health,United States,http://www.arborresearch.org
Business Analyst (Software),Arbor Research Collaborative for Health,United States,http://www.arborresearch.org
Business Analyst with ecommerce,"Ascii Group, LLC",United States,http://www.asciigroup.com
"Business Analyst, Operations",Aspiration,United States,http://www.aspiration.com
"Business Analyst, Operations",Aspiration,United States,http://www.aspiration.com
Business Analyst,Babich & Associates,"Dallas, TX",http://www.babich.com
Business Analyst,Babich & Associates,"Dallas, TX",http://www.babich.com
Business Analyst,Bayside Solutions,United States,http://www.baysidesolutions.com
Business Analyst,Bayside Solutions,United States,http://www.baysidesolutions.com
Business Analyst / Customer Support Representative,Brown & Brown Insurance,United States,http://www.bbinsurance.com
Business Analyst / Customer Support Representative,Brown & Brown Insurance,United States,http://www.bbinsurance.com
Business Analyst,BCD Meetings & Events,United States,http://www.bcdme.com
Business Analyst,BCD Meetings & Events,United States,http://www.bcdme.com
Business Analyst,BravoTECH,"McKinney, TX",http://www.bravotech.com
Business Analyst,BRP,"Plano, TX",http://www.brp.com
Business Analyst,BRP,"Plano, TX",http://www.brp.com
Business Analyst,BSI Financial Services,"Irving, TX",http://www.bsifinancial.com
Business Analyst,BSI Financial Services,"Irving, TX",http://www.bsifinancial.com
Business Analyst - TMS,Business Centric Technology,Dallas-Fort Worth Metroplex,http://www.businesscentrictechnology.com
Business Analyst - TMS,Business Centric Technology,Dallas-Fort Worth Metroplex,http://www.businesscentrictechnology.com
Business Analyst - Integrations,CancerIQ,United States,http://www.canceriq.com
Business Analyst - Integrations,CancerIQ,United States,http://www.canceriq.com
Data/Business Analyst - Guidewire Policy Center (1178594_11957679),Capgemini,"Dallas, TX",http://www.capgemini.com
Data/Business Analyst - Guidewire Policy Center (1178594_11957679),Capgemini,"Dallas, TX",http://www.capgemini.com
"Business Analyst (Dallas, TX)",Crescent Bank,"Carrollton, TX",http://www.cbtno.com
"Business Analyst (Dallas, TX)",Crescent Bank,"Carrollton, TX",http://www.cbtno.com
Operations Business Analyst,Cetera Financial Group,United States,http://www.cetera.com
Operations Business Analyst,Cetera Financial Group,United States,http://www.cetera.com
Decisions Business Analyst,Configurable Management,"Lewisville, TX",http://www.cfg-mgt.com
Decisions Business Analyst,Configurable Management,"Lewisville, TX",http://www.cfg-mgt.com
Business Analyst,Charlton Morris,United States,http://www.charltonmorris.com
Business Analyst,Charlton Morris,United States,http://www.charltonmorris.com
Business Analyst,Citi,"Irving, TX",http://www.citigroup.com
Pricefx Business Analyst,Cognitus,"Dallas, TX",http://www.cognitusconsulting.com
Pricefx Business Analyst,Cognitus,"Dallas, TX",http://www.cognitusconsulting.com
Business Analyst with Health Care industry,Cognizant,United States,http://www.cognizant.com
Business Analyst with Health Care industry,Cognizant,United States,http://www.cognizant.com
"Business Analyst, Software Products",Cogstate,United States,http://www.cogstate.com
"Business Analyst, Software Products",Cogstate,United States,http://www.cogstate.com
Business Analyst (Hospitality – Front office systems),ComTec Information Systems (IT),"Dallas, TX",http://www.comtecinfo.com
Business Analyst (Hospitality – Front office systems),ComTec Information Systems (IT),"Dallas, TX",http://www.comtecinfo.com
TPM BA,ConnectedX Inc.,"Plano, TX",http://www.connectedxinc.com
Business Analyst,Consolidated Analytics,"Dallas, TX",http://www.consolidatedanalytics.com
Business Analyst,Consolidated Analytics,"Dallas, TX",http://www.consolidatedanalytics.com
Business Analyst,"ConsumerTrack, Inc.",United States,http://www.consumertrack.com
Business Analyst,"ConsumerTrack, Inc.",United States,http://www.consumertrack.com
Business Analyst,Continuum Clinical,United States,http://www.continuumclinical.com
Business Analyst,Continuum Clinical,United States,http://www.continuumclinical.com
Business Analyst - USA,Cora Systems,United States,http://www.corasystems.com
Business Analyst - USA,Cora Systems,United States,http://www.corasystems.com
Business Analyst,Cotiviti,United States,http://www.cotiviti.com
Business Analyst,Cotiviti,United States,http://www.cotiviti.com
Business Insights Analyst,Crain Communications,United States,http://www.crain.com
Business Insights Analyst,Crain Communications,United States,http://www.crain.com
Business Analyst,Comstock Resources,"Frisco, TX",http://www.crkfrisco.com
Business Analyst,CSG Government Solutions,United States,http://www.csgdelivers.com
Business Analyst,CSG Government Solutions,United States,http://www.csgdelivers.com
Business Analyst,CSI Companies,United States,http://www.csicompanies.com
Business Analyst,CSI Companies,United States,http://www.csicompanies.com
Business Analyst,Cypress HCM,United States,http://www.cypresshcm.com
Business Analyst,Cypress HCM,United States,http://www.cypresshcm.com
Business Tools Analyst & Trainer,D.A. Davidson Companies,United States,http://www.dadavidson.com
Business Tools Analyst & Trainer,D.A. Davidson Companies,United States,http://www.dadavidson.com
BSA-AML Analyst II,Dallas Capital Bank,"Dallas, TX",http://www.dallascapitalbank.com
BSA-AML Analyst II,Dallas Capital Bank,"Dallas, TX",http://www.dallascapitalbank.com
Business Relationships Analyst,Deloitte,"Westlake, TX",http://www.deloitte.com
Business Analyst II,Dice,"Fort Worth, TX",http://www.dice.com
Business Analyst II,Dice,"Fort Worth, TX",http://www.dice.com
$25-30/hr W2 max - Direct End Client - UAT Business Analyst - 100 % Remote -,Digipulse Technologies Inc.,United States,http://www.digipulsetech.com
$25-30/hr W2 max - Direct End Client - UAT Business Analyst - 100 % Remote -,Digipulse Technologies Inc.,United States,http://www.digipulsetech.com
Cloud BA - Remote,Digital Prospectors,United States,http://www.digitalprospectors.com
Cloud BA - Remote,Digital Prospectors,United States,http://www.digitalprospectors.com
Business Analyst,DriveTime,"Dallas, TX",http://www.drivetime.com
Business Analyst,DriveTime,"Dallas, TX",http://www.drivetime.com
Business Analyst - CRD,eClerx,United States,http://www.eclerx.com
Business Analyst - CRD,eClerx,United States,http://www.eclerx.com
Business Analyst - Compensation,Edward Jones,"Dallas, TX",http://www.edwardjones.com
Business Analyst - Compensation,Edward Jones,"Dallas, TX",http://www.edwardjones.com
Business Analyst - Manufacturing/Integrations,Elan Partners,Dallas-Fort Worth Metroplex,http://www.elanpartners.com
Business Analyst - Manufacturing/Integrations,Elan Partners,Dallas-Fort Worth Metroplex,http://www.elanpartners.com
Business Analyst II,Elevate,"Fort Worth, TX",http://www.elevateapp.com
Business Analyst II,Elevate,"Fort Worth, TX",http://www.elevateapp.com
Business Analyst (Risk),Eliassen Group,United States,http://www.eliassen.com
Business Analyst (Risk),Eliassen Group,United States,http://www.eliassen.com
Senior HRIS Business Analyst (exp with SAP Successfactors) - REMOTE,Ellucian,United States,http://www.ellucian.com
Senior HRIS Business Analyst (exp with SAP Successfactors) - REMOTE,Ellucian,United States,http://www.ellucian.com
Business Analyst,Elsdon Consulting ltd,United States,http://www.elsdonconsulting.com
Business Analyst,Elsdon Consulting ltd,United States,http://www.elsdonconsulting.com
Red Team Security Engineer,Engage Partners Inc.,United States,http://www.engagestaff.com
Red Team Security Engineer,Engage Partners Inc.,United States,http://www.engagestaff.com
Business Analyst,Enlighten Operational Excellence,United States,http://www.enlighten-opex.com
Business Analyst,Enlighten Operational Excellence,United States,http://www.enlighten-opex.com
Business Analyst,EPITEC,"Plano, TX",http://www.epitec.com
Business Analyst,EPITEC,"Plano, TX",http://www.epitec.com
Business Analyst,ettain group,"Addison, TX",http://www.ettaingroup.com
Business Analyst,ettain group,"Addison, TX",http://www.ettaingroup.com
"Business Analyst, Implementation",Evolent Health,United States,http://www.evolenthealth.com
"Business Analyst, Implementation",Evolent Health,United States,http://www.evolenthealth.com
CT Technology Business Analyst - Assistant Director,EY,"Dallas, TX",http://www.ey.com
CT Technology Business Analyst - Assistant Director,EY,"Dallas, TX",http://www.ey.com
Payments Business Analyst,FastSpring,United States,http://www.fastspring.com
Payments Business Analyst,FastSpring,United States,http://www.fastspring.com
"Business Analyst III, Manhattan",FedEx Logistics,"Dallas, TX",http://www.fedex.com
"Consultant, Business Analyst",Fidelity Investments,"Westlake, TX",http://www.fidelity.com
"Consultant, Business Analyst",Fidelity Investments,"Westlake, TX",http://www.fidelity.com
Business Analyst I - Loan Operations,First United Bank,"Durant, OK",http://www.firstunitedbank.com
Business Analyst I - Loan Operations,First United Bank,"Durant, OK",http://www.firstunitedbank.com
Technology Business Analyst (401(k) Shared Technology Services),Fisher Investments,"Plano, TX",http://www.fisherinvestments.com
Technology Business Analyst (401(k) Shared Technology Services),Fisher Investments,"Plano, TX",http://www.fisherinvestments.com
Medicare Health Business Analyst,Florida Blue,United States,http://www.floridablue.com
Medicare Health Business Analyst,Florida Blue,United States,http://www.floridablue.com
Business Analyst,Frontier Communications,"Allen, TX",http://www.frontier.com/
Business Analyst III,GCB Services,"Frisco, TX",http://www.gcbservices.com
Business Analyst III,GCB Services,"Frisco, TX",http://www.gcbservices.com
Business Analyst Advisor (EHR) REMOTE BASED ROLE,General Dynamics Information Technology,United States,http://www.gdit.com
Business Analyst Advisor (EHR) REMOTE BASED ROLE,General Dynamics Information Technology,United States,http://www.gdit.com
Business Analyst,GearsCRM,United States,http://www.gearscrm.com
Business Analyst,GearsCRM,United States,http://www.gearscrm.com
Business Insights Analyst,Gerber Life Insurance Company,United States,http://www.gerberlife.com
Business Insights Analyst,Gerber Life Insurance Company,United States,http://www.gerberlife.com
Business Analyst - remote,Concero,United States,http://www.getconcero.com
Business Analyst - remote,Concero,United States,http://www.getconcero.com
Software Business Analyst-healthcare,Get Real Health,United States,http://www.getrealhealth.com
Software Business Analyst-healthcare,Get Real Health,United States,http://www.getrealhealth.com
Business Analyst,GBLI | Global Indemnity,United States,http://www.globalindemnity.ie
Business Analyst,Global Soft Technologies LLC,United States,http://www.globalss.com
Business Analyst,Global Soft Technologies LLC,United States,http://www.globalss.com
Business Analyst,Globe Life,"McKinney, TX",http://www.globeontheweb.com
Business Analyst,Globe Life,"McKinney, TX",http://www.globeontheweb.com
Business Facing Marketing Science Analyst,General Motors,United States,http://www.gm.com
Business Facing Marketing Science Analyst,General Motors,United States,http://www.gm.com
Business Automation Analyst,GM Financial,"Fort Worth, TX",http://www.gmfinancial.com
Business Automation Analyst,GM Financial,"Fort Worth, TX",http://www.gmfinancial.com
"Business Analyst (Dynamics 365, Dataverse, Power Apps)",Planet Technologies,United States,http://www.go-planet.com
"Business Analyst (Dynamics 365, Dataverse, Power Apps)",Planet Technologies,United States,http://www.go-planet.com
"Finance Planning & Analysis, Business Finance, Anaplan Team, Associate - Dallas",Goldman Sachs,"Dallas, TX",http://www.goldmansachs.com
"Finance Planning & Analysis, Business Finance, Anaplan Team, Associate - Dallas",Goldman Sachs,"Dallas, TX",http://www.goldmansachs.com
Business Analyst,Sunpro Solar Energy Specialists,United States,http://www.gosunpro.com
Business Analyst,Sunpro Solar Energy Specialists,United States,http://www.gosunpro.com
Business Analyst,"Global Technology Associates, Ltd.","Plano, TX",http://www.gtaprofessionals.com
Business Analyst,"Global Technology Associates, Ltd.","Plano, TX",http://www.gtaprofessionals.com
Business Analyst Specialist III (Group Insurance) - Remote,Guardian Life,United States,http://www.guardianlife.com
Business Analyst Specialist III (Group Insurance) - Remote,Guardian Life,United States,http://www.guardianlife.com
Analyst III - Business Analysis,GuideWell,United States,http://www.guidewell.com
Analyst III - Business Analysis,GuideWell,United States,http://www.guidewell.com
Business Analyst,TestRail by Gurock,United States,http://www.gurock.com
Business Analyst,TestRail by Gurock,United States,http://www.gurock.com
Business Analyst,Hathway,United States,http://www.hathway.com
Business Analyst,Hathway,United States,http://www.hathway.com
Business Analyst,HealthCare Recruiters International,"Plano, TX",http://www.hcrnetwork.com
Business Analyst,HealthCare Recruiters International,"Plano, TX",http://www.hcrnetwork.com
Business Analyst - Govt Enablement Team,"Blue Cross and Blue Shield of Illinois, Montana, New Mexico, Oklahoma & Texas","Richardson, TX",http://www.hcsc.com
Business Analyst - IT (Remote),"H&E Equipment Services, Inc.","Dallas, TX",http://www.he-equipment.com
Business Analyst - IT (Remote),"H&E Equipment Services, Inc.","Dallas, TX",http://www.he-equipment.com
Business Analyst (ITAM/ITIL),Healthtalentpro,"Dallas, TX",http://www.healthtalentpro.com
Business Analyst (ITAM/ITIL),Healthtalentpro,"Dallas, TX",http://www.healthtalentpro.com
Business Analyst,American Heart Association,"Dallas, TX",http://www.heart.org
Business Analyst,American Heart Association,"Dallas, TX",http://www.heart.org
JDE Business Analyst- Finance,Hillwood,"Dallas, TX",http://www.hillwood.com
JDE Business Analyst- Finance,Hillwood,"Dallas, TX",http://www.hillwood.com
Digital Business Analyst,Hilti North America,"Plano, TX",http://www.hilti.group
Digital Business Analyst,Hilti North America,"Plano, TX",http://www.hilti.group
Business Analyst (Remote),Hunter International Recruiting,United States,http://www.hirecruiting.com
Business Analyst (Remote),Hunter International Recruiting,United States,http://www.hirecruiting.com
Business Analyst II - Remote,HireGenics,United States,http://www.hiregenics.com
Business Analyst - IV #: 22-02726,HireTalent - Diversity Staffing & Recruiting Firm,"Dallas, TX",http://www.hiretalent.com
Business Analyst - IV #: 22-02726,HireTalent - Diversity Staffing & Recruiting Firm,"Dallas, TX",http://www.hiretalent.com
Business Analyst,Hitachi Vantara,"Dallas, TX",http://www.hitachivantara.com
Business Analyst,Horizon Hobby,United States,http://www.horizonhobby.com
Business Analyst,Horizon Hobby,United States,http://www.horizonhobby.com
Business Analyst,HTC Global Services,United States,http://www.htcinc.com
Business Analyst,HTC Global Services,United States,http://www.htcinc.com
AML Business Analyst 2,Huntington National Bank,United States,http://www.huntington.com
AML Business Analyst 2,Huntington National Bank,United States,http://www.huntington.com
Business Analyst (RPO) - Remote,IBM,"Coppell, TX",http://www.ibm.com
REMOTE Business Analyst 2,Intellectual Capitol (ICAP),United States,http://www.icapsolutions.net
REMOTE Business Analyst 2,Intellectual Capitol (ICAP),United States,http://www.icapsolutions.net
Business Analyst,2 Tech Inc,United States,http://www.ii-tech.com
Business Analyst,ikon Technologies,"Arlington, TX",http://www.ikontechnologies.com
Business Analyst,ikon Technologies,"Arlington, TX",http://www.ikontechnologies.com
Business Analyst,"IMA Financial Group, Inc.","Dallas, TX",http://www.imacorp.com
Business Analyst,"IMA Financial Group, Inc.","Dallas, TX",http://www.imacorp.com
"Hiring Business Analyst with banking, financial or treasury software experience @ Remote",Infinite Computer Solutions,United States,http://www.infinite.com
Business Analyst,"InfoIMAGE, Inc.","Coppell, TX",http://www.infoimageinc.com
Business Analyst,"InfoIMAGE, Inc.","Coppell, TX",http://www.infoimageinc.com
Business Analyst,InfoStride,United States,http://www.infostride.com
Business Analyst,InfoStride,United States,http://www.infostride.com
Actimize Business Analyst,Infosys,United States,http://www.infosys.com
Actimize Business Analyst,Infosys,United States,http://www.infosys.com
Business Analyst - POS,InfoVision Inc.,"Irving, TX",http://www.infovision.com
Business Analyst - POS,InfoVision Inc.,"Irving, TX",http://www.infovision.com
Senior Finance Process Improvement/Business Analyst,Inovalon,United States,http://www.inovalon.com
Senior Finance Process Improvement/Business Analyst,Inovalon,United States,http://www.inovalon.com
Business Analyst,Insight Global,United States,http://www.insightglobal.com
Business Analyst,Insight Global,United States,http://www.insightglobal.com
Business Analyst,Iris Software Inc.,"Irving, TX",http://www.irissoftware.com
Business Analyst,Iris Software Inc.,"Irving, TX",http://www.irissoftware.com
BA with domain exp of 9+ years inin Airline Industry,isite itecnologies inc,United States,http://www.isiteinfo.com
BA with domain exp of 9+ years inin Airline Industry,isite itecnologies inc,United States,http://www.isiteinfo.com
Business Analyst,IT Motives,United States,http://www.itmotives.com
Business Analyst,IT Motives,United States,http://www.itmotives.com
Business Analyst for OpenText xPressions Migration,"InfoTech Resources, Inc.",United States,http://www.itresources.com
Business Analyst for OpenText xPressions Migration,"InfoTech Resources, Inc.",United States,http://www.itresources.com
Business Analyst - EASE,Jack Henry & Associates,United States,http://www.jackhenry.com
Business Analyst - EASE,Jack Henry & Associates,United States,http://www.jackhenry.com
Business Analyst,JCPenney,"Dallas, TX",http://www.jcpenney.com
Business Analyst,JCPenney,"Dallas, TX",http://www.jcpenney.com
Business Analyst,Johnson Controls,"Irving, TX",http://www.johnsoncontrols.com
Business Analyst,Johnson Controls,"Irving, TX",http://www.johnsoncontrols.com
Talent Acquisition Business Analyst,JPMorgan Chase & Co.,"Plano, TX",http://www.jpmorganchase.com
Talent Acquisition Business Analyst,JPMorgan Chase & Co.,"Plano, TX",http://www.jpmorganchase.com
Business Analyst (eCommerce),JRD Systems,United States,http://www.jrdsi.com
Business Analyst (eCommerce),JRD Systems,United States,http://www.jrdsi.com
Business Analyst - Remote,June Homes (we're hiring!),United States,http://www.junehomes.com
Business Analyst- Health Insurance Industry,"Kaeppel Consulting, LLC",United States,http://www.kaeppelconsulting.com
Business Analyst- Health Insurance Industry,"Kaeppel Consulting, LLC",United States,http://www.kaeppelconsulting.com
Business Analyst - Dallas,KLM Careers,"Dallas, TX",http://www.klm.com
Business Analyst - Dallas,KLM Careers,"Dallas, TX",http://www.klm.com
Business Analyst,Knauf Insulation North America,United States,http://www.knaufnorthamerica.com
Business Analyst,Knauf Insulation North America,United States,http://www.knaufnorthamerica.com
Business Analyst Salesforce Sales Cloud - June 2021,KOMMLINk GmbH,United States,http://www.kommlink.de
Business Analyst Salesforce Sales Cloud - June 2021,KOMMLINk GmbH,United States,http://www.kommlink.de
Business Analyst,"LanceSoft, Inc.",United States,http://www.lancesoft.com
Business Analyst,"LanceSoft, Inc.",United States,http://www.lancesoft.com
100% Remote Business Analyst,Latitude Inc,United States,http://www.latitudeinc.net
100% Remote Business Analyst,Latitude Inc,United States,http://www.latitudeinc.net
Business Analyst - Southwest Region,Lehigh Hanson,"Irving, TX",http://www.lehighhanson.com
Business Analyst - Southwest Region,Lehigh Hanson,"Irving, TX",http://www.lehighhanson.com
Business Analyst Regulatory Reporting (CCAR/BASEL),LTI - Larsen & Toubro Infotech,"Irving, TX",http://www.lntinfotech.com
Business Analyst Regulatory Reporting (CCAR/BASEL),LTI - Larsen & Toubro Infotech,"Irving, TX",http://www.lntinfotech.com
Business Analyst,Longroad Energy,United States,http://www.longroadenergy.com
Business Analyst,Longroad Energy,United States,http://www.longroadenergy.com
LOR - 35944 - Business Analyst w/Enrollment - Remote,Lorven Technologies Inc,United States,http://www.lorventech.com
LOR - 35944 - Business Analyst w/Enrollment - Remote,Lorven Technologies Inc,United States,http://www.lorventech.com
Business Analyst (23341),"Levi, Ray & Shoup, Inc. (LRS)",United States,http://www.lrs.com
Business Analyst (23341),"Levi, Ray & Shoup, Inc. (LRS)",United States,http://www.lrs.com
Business Analyst,Lume Deodorant,United States,http://www.lumedeodorant.com
Business Analyst,Lume Deodorant,United States,http://www.lumedeodorant.com
Business Analyst,Luminos Labs,United States,http://www.luminoslabs.com
Business Analyst,Luminos Labs,United States,http://www.luminoslabs.com
Business Analyst/Quality Analyst,Lunavi,United States,http://www.lunavi.nl
Business Analyst/Quality Analyst,Lunavi,United States,http://www.lunavi.nl
SimCorp Business Analyst,Luxoft,United States,http://www.luxoft.com
SimCorp Business Analyst,Luxoft,United States,http://www.luxoft.com
Recruiting Business Analyst,Lyft,United States,http://www.lyft.com
Recruiting Business Analyst,Lyft,United States,http://www.lyft.com
Business Analyst,"Martek Global Services, Inc.",NAMER,http://www.martekglobal.com
Business Analyst,"Martek Global Services, Inc.",NAMER,http://www.martekglobal.com
Business Analyst- Informatics,Mastech Digital,United States,http://www.mastechdigital.com
Business Analyst- Informatics,Mastech Digital,United States,http://www.mastechdigital.com
"Agile Business Analyst (Addison, TX; Chicago, IL; Denver, CO; Washington DC)",Matlen Silver,"Addison, TX",http://www.matlensilver.com
"Agile Business Analyst (Addison, TX; Chicago, IL; Denver, CO; Washington DC)",Matlen Silver,"Addison, TX",http://www.matlensilver.com
Business Analyst,MATRIX Resources,Dallas-Fort Worth Metroplex,http://www.matrixres.com
Business Analyst,MATRIX Resources,Dallas-Fort Worth Metroplex,http://www.matrixres.com
Info Security Business Analyst,Midwest Consulting Group,Dallas-Fort Worth Metroplex,http://www.mcginfo.com
Info Security Business Analyst,Midwest Consulting Group,Dallas-Fort Worth Metroplex,http://www.mcginfo.com
Econometric Modeling and Forecasting BA,Meridian Technologies,United States,http://www.meridiantechnologies.net
Econometric Modeling and Forecasting BA,Meridian Technologies,United States,http://www.meridiantechnologies.net
Telco Wireline Networks Business Analyst/Product Owner,"Metasys Technologies, Inc.","Dallas, TX",http://www.metasysinc.com
Telco Wireline Networks Business Analyst/Product Owner,"Metasys Technologies, Inc.","Dallas, TX",http://www.metasysinc.com
*Immediate*//Job Opportunity//Direct Client//Business Analyst (Reinsurance OR IFRS 17 OR P&C)// Remote (need to work in EST time),MFX,United States,http://www.mfxservices.com
*Immediate*//Job Opportunity//Direct Client//Business Analyst (Reinsurance OR IFRS 17 OR P&C)// Remote (need to work in EST time),MFX,United States,http://www.mfxservices.com
Business Analyst Salesforce,Modis,Dallas-Fort Worth Metroplex,http://www.modis.com
Business Analyst Salesforce,Modis,Dallas-Fort Worth Metroplex,http://www.modis.com
Business Analyst,Mojo Trek,United States,http://www.mojotrek.com
Business Analyst,Mojo Trek,United States,http://www.mojotrek.com
"Analyst, Business",Molina Healthcare,United States,http://www.molinahealthcare.com
"Analyst, Business",Molina Healthcare,United States,http://www.molinahealthcare.com
Business Analyst - Remote USA,MoneyGram International,"Dallas, TX",http://www.moneygram.com
Business Analyst - Remote USA,MoneyGram International,"Dallas, TX",http://www.moneygram.com
Business Analyst,Nascent Global,"Dallas, TX",http://www.nascentglobal.com
Business Analyst,Nascent Global,"Dallas, TX",http://www.nascentglobal.com
Entry Level Business Analyst,National Software Management,"Dallas, TX",http://www.nationalsoftwaremanagement.com
Entry Level Business Analyst,National Software Management,"Dallas, TX",http://www.nationalsoftwaremanagement.com
Business Analyst,NBCUniversal,United States,http://www.nbcuniversal.com
Business Analyst,NBCUniversal,United States,http://www.nbcuniversal.com
Business Analyst,Nelnet Community Engagement,United States,http://www.nelnet.com
Agile Business Analyst,Ness Digital Engineering,United States,http://www.ness.com
Agile Business Analyst,Ness Digital Engineering,United States,http://www.ness.com
Business Analyst,Neudesic,"Dallas, TX",http://www.neudesic.com
Business Analyst,Neudesic,"Dallas, TX",http://www.neudesic.com
Business Analyst,Nolan Transportation Group (NTG),United States,http://www.ntgfreight.com
Business Analyst,Nolan Transportation Group (NTG),United States,http://www.ntgfreight.com
Business Analyst - Life & Annuities,NTT DATA Services,"Dallas, TX",http://www.nttdata.com
Business Analyst - Life & Annuities,NTT DATA Services,"Dallas, TX",http://www.nttdata.com
HRIS Business Analyst - Remote,Oceaneering,United States,http://www.oceaneering.com
HRIS Business Analyst - Remote,Oceaneering,United States,http://www.oceaneering.com
Business Analyst,Oculus VR,United States,http://www.oculus.com
Business Analyst,Oculus VR,United States,http://www.oculus.com
Cloud Business Analyst,OpenText,"Dallas, TX",http://www.opentext.com
Cloud Business Analyst,OpenText,"Dallas, TX",http://www.opentext.com
Software Business Analyst,Oracle,United States,http://www.oracle.com
Software Business Analyst,Oracle,United States,http://www.oracle.com
Business Analyst,Oregon Lottery,United States,http://www.oregonlottery.org
Business Analyst,Oregon Lottery,United States,http://www.oregonlottery.org
Business Analyst Mid,OscarMike,"Irving, TX",http://www.oscarmike.org
Business Analyst Mid,OscarMike,"Irving, TX",http://www.oscarmike.org
Business Analyst II (REMOTE),Patriot Talent Solutions,United States,http://www.patriottalent.com
Business Analyst II (REMOTE),Patriot Talent Solutions,United States,http://www.patriottalent.com
Mortgage Business Analyst - Encompass/ Tavant (Remote),PenFed Credit Union,"Frisco, TX",http://www.penfed.org
Mortgage Business Analyst - Encompass/ Tavant (Remote),PenFed Credit Union,"Frisco, TX",http://www.penfed.org
Business Analyst II - Portfolio Communications,PENNYMAC,"Fort Worth, TX",http://www.pennymac.com
Business Analyst II - Portfolio Communications,PENNYMAC,"Fort Worth, TX",http://www.pennymac.com
Business Analyst,Periscope Holdings,United States,http://www.periscopeholdings.com
Business Analyst,Periscope Holdings,United States,http://www.periscopeholdings.com
Business Analyst (Nashville TN),Philips,United States,http://www.philips.com
Business Analyst (Nashville TN),Philips,United States,http://www.philips.com
Business Analyst (bilingual English and French),Phyton Talent Advisors,"Dallas, TX",http://www.phytontalent.com
Business Analyst (bilingual English and French),Phyton Talent Advisors,"Dallas, TX",http://www.phytontalent.com
Business Analyst,"Pinnacle Group, Inc.","Plano, TX",http://www.pinnacle1.com
Business Analyst,"Pinnacle Group, Inc.","Plano, TX",http://www.pinnacle1.com
REMOTE Business Analysis resource III (HRIS Administrator),Planet Pharma,United States,http://www.planet-pharma.com
REMOTE Business Analysis resource III (HRIS Administrator),Planet Pharma,United States,http://www.planet-pharma.com
JD Edwards Business Analyst (Manufacturing/Finance),Planet Technology,United States,http://www.planet.com.tw
JD Edwards Business Analyst (Manufacturing/Finance),Planet Technology,United States,http://www.planet.com.tw
Business Analyst,PLS Logistics Services,United States,http://www.plslogistics.com
Business Analyst,PLS Logistics Services,United States,http://www.plslogistics.com
Business Alliance Analyst,Project Management Institute,United States,http://www.pmi.org
Business Alliance Analyst,Project Management Institute,United States,http://www.pmi.org
Business Analyst,Professional Diversity Network,"Dallas, TX",http://www.prodivnet.com
Business Analyst,Professional Diversity Network,"Dallas, TX",http://www.prodivnet.com
"Business Analyst, Life Product Development (Remote/Virtual)",Prudential Financial,United States,http://www.prudential.com
"Business Analyst, Life Product Development (Remote/Virtual)",Prudential Financial,United States,http://www.prudential.com
BA-Regulatory,RAPS Consulting Inc,"Irving, TX",http://www.rci-usa.com
BA-Regulatory,RAPS Consulting Inc,"Irving, TX",http://www.rci-usa.com
Business Analyst (IT PMO),"RealPage, Inc.","Richardson, TX",http://www.realpage.com
Business Analyst (IT PMO),"RealPage, Inc.","Richardson, TX",http://www.realpage.com
Business Analyst - Remote,Red Hat,United States,http://www.redhat.com
Business Analyst - Remote,Red Hat,United States,http://www.redhat.com
ServiceNow- ITAM/ITIL - change/asset/config management,Resiliency LLC,"Dallas, TX",http://www.resiliency.us
ServiceNow- ITAM/ITIL - change/asset/config management,Resiliency LLC,"Dallas, TX",http://www.resiliency.us
"Analyst, Business Analytics",Resolve Tech Solutions,Dallas-Fort Worth Metroplex,http://www.resolvetech.com
"Analyst, Business Analytics",Resolve Tech Solutions,Dallas-Fort Worth Metroplex,http://www.resolvetech.com
Business Analyst,Resource Innovations,United States,http://www.resource-innovations.com
Business Analyst,Resource Innovations,United States,http://www.resource-innovations.com
Business Analyst,RetailMeNot,"Dallas, TX",http://www.retailmenot.com
Business Analyst,RetailMeNot,"Dallas, TX",http://www.retailmenot.com
Business Analyst,Reyes Beer Division,United States,http://www.reyesbeerdivision.com
Business Analyst,Reyes Beer Division,United States,http://www.reyesbeerdivision.com
Health Cloud Business Analyst -Remote,"RIT Solutions, Inc.","Dallas, TX",http://www.ritsolinc.com
Health Cloud Business Analyst -Remote,"RIT Solutions, Inc.","Dallas, TX",http://www.ritsolinc.com
Business Analyst,Republic National Distributing Company,"Grand Prairie, TX",http://www.rndc-usa.com
Business Analyst,Republic National Distributing Company,"Grand Prairie, TX",http://www.rndc-usa.com
Business Analyst,Robert Half Technology,"Dallas, TX",http://www.roberthalf.ca
Business Analyst,Robert Half Technology,"Dallas, TX",http://www.roberthalf.ca
Business Analyst,Robert Half,"Addison, TX",http://www.roberthalf.com
Business Analyst,Robert Half,"Addison, TX",http://www.roberthalf.com
Business Analyst II,R Systems,"Fort Worth, TX",http://www.rsystems.com
Business Analyst II,R Systems,"Fort Worth, TX",http://www.rsystems.com
Ecommerce Business Analyst,Sally Beauty,"Denton, TX",http://www.sallybeauty.com
Ecommerce Business Analyst,Sally Beauty,"Denton, TX",http://www.sallybeauty.com
JDE Order-To-Cash Business Analyst,"Schuback Search Associates, Ltd.","Dallas, TX",http://www.schubacksearch.com
JDE Order-To-Cash Business Analyst,"Schuback Search Associates, Ltd.","Dallas, TX",http://www.schubacksearch.com
Business Analyst,Sentral,United States,http://www.sentral.com.au
Business Analyst,Sentral,United States,http://www.sentral.com.au
Remote Business Analyst I - Interoperability,Surgical Information Systems,United States,http://www.sisfirst.com
Remote Business Analyst I - Interoperability,Surgical Information Systems,United States,http://www.sisfirst.com
Business Analyst - Fort Worth,Slalom,"Fort Worth, TX",http://www.slalom.com
Business Analyst - Fort Worth,Slalom,"Fort Worth, TX",http://www.slalom.com
Workday HCM Business Analyst,SMCI,United States,http://www.smci.com
Workday HCM Business Analyst,SMCI,United States,http://www.smci.com
Business Analyst - SEO,Snagajob,"Dallas, TX",http://www.snagajob.com
Business Analyst - SEO,Snagajob,"Dallas, TX",http://www.snagajob.com
Business Analyst - nCino,SolomonEdwards,United States,http://www.solomonedwards.com
Business Analyst - nCino,SolomonEdwards,United States,http://www.solomonedwards.com
Business Practices Analyst,Splunk,"Dallas, TX",http://www.splunk.com
Business Practices Analyst,Splunk,"Dallas, TX",http://www.splunk.com
Business Analyst 8+ years,Staffing Technologies,"Dallas, TX",http://www.staffingtechnologies.com
Business Analyst 8+ years,Staffing Technologies,"Dallas, TX",http://www.staffingtechnologies.com
Business Analyst,STAND 8 Technology Services,"Fort Worth, TX",http://www.stand8.io
Business Analyst,STAND 8 Technology Services,"Fort Worth, TX",http://www.stand8.io
Business Analyst (ISO & NAIC Coding),"Stratus Technology Services, LLC",United States,http://www.stratustech.com
Business Analyst (ISO & NAIC Coding),"Stratus Technology Services, LLC",United States,http://www.stratustech.com
nCino Business Analyst,Strategic Systems Inc,United States,http://www.strsi.com
nCino Business Analyst,Strategic Systems Inc,United States,http://www.strsi.com
Business Analyst,UST,United States,http://www.stthomas.edu
Business Analyst,UST,United States,http://www.stthomas.edu
Ivalua Implementation program Manager & Business Analyst,"Synchrony Systems, Inc",United States,http://www.sync-sys.com
Ivalua Implementation program Manager & Business Analyst,"Synchrony Systems, Inc",United States,http://www.sync-sys.com
Business Analyst (Regulatory),Synechron,"Irving, TX",http://www.synechron.com
Business Analyst (Regulatory),Synechron,"Irving, TX",http://www.synechron.com
Business Analyst - IV,"TalentBurst, an Inc 5000 company","Dallas, TX",http://www.talentburst.com
Business Analyst - IV,"TalentBurst, an Inc 5000 company","Dallas, TX",http://www.talentburst.com
Business Analyst,Talentsearchpro,"Dallas, TX",http://www.talentsearchpro.com
Business Analyst,Talentsearchpro,"Dallas, TX",http://www.talentsearchpro.com
Business Technical Analyst I,Texas A&M University-Commerce,"Commerce, TX",http://www.tamuc.edu
Business Technical Analyst I,Texas A&M University-Commerce,"Commerce, TX",http://www.tamuc.edu
Business Analyst,Tech Mahindra,"Dallas, TX",http://www.techmahindra.com
Business Analyst,Tech Mahindra,"Dallas, TX",http://www.techmahindra.com
Business Analyst with SQL or SSRS,TekPartners,United States,http://www.tekpartners.com
Business Analyst with SQL or SSRS,TekPartners,United States,http://www.tekpartners.com
Business Analyst / Program Manager,Tenable,United States,http://www.tenable.com
Business Analyst / Program Manager,Tenable,United States,http://www.tenable.com
Business Analyst,Texas Capital Bank,"Richardson, TX",http://www.texascapitalbank.com
Business Analyst,Texas Capital Bank,"Richardson, TX",http://www.texascapitalbank.com
Business Analyst,The Hired Guns,United States,http://www.thehiredguns.com
Business Analyst,The Hired Guns,United States,http://www.thehiredguns.com
Business Analyst( Insurance/Healthcare - SQL),Tietoevry,"Dallas, TX",http://www.tietoevry.com
Business Analyst( Insurance/Healthcare - SQL),Tietoevry,"Dallas, TX",http://www.tietoevry.com
Remote Business Analyst,Titan Professional Resources,United States,http://www.titanprojobs.com
Remote Business Analyst,Titan Professional Resources,United States,http://www.titanprojobs.com
CTR - Business Analyst,TMX Finance Family of Companies,"Carrollton, TX",http://www.tmxfinancefamily.com
CTR - Business Analyst,TMX Finance Family of Companies,"Carrollton, TX",http://www.tmxfinancefamily.com
"Business Analyst, Data Steward",Toyota North America,"Plano, TX",http://www.toyota.com
"Business Analyst, Data Steward",Toyota North America,"Plano, TX",http://www.toyota.com
Business Technical Analyst,"True Group, Inc.",United States,http://www.truegroup.net
Business Technical Analyst,"True Group, Inc.",United States,http://www.truegroup.net
Product Owner/Business Analyst,Turnberry Solutions,United States,http://www.turnberrysolutions.com
Business Analyst - Remote/IL - Shield IL,University of Illinois System,United States,http://www.uillinois.edu
Business Analyst - Remote/IL - Shield IL,University of Illinois System,United States,http://www.uillinois.edu
Business Analyst,Ultimate Staffing,United States,http://www.ultimatestaffing.com
Business Analyst,Ultimate Staffing,United States,http://www.ultimatestaffing.com
Operations Business Analyst I,UNIFY Financial Credit Union,"Allen, TX",http://www.unifyfcu.com
Operations Business Analyst I,UNIFY Financial Credit Union,"Allen, TX",http://www.unifyfcu.com
Business Analyst,Braintrust,United States,http://www.usebraintrust.com
Business Analyst,Braintrust,United States,http://www.usebraintrust.com
Business Analyst,US Tech Solutions,United States,http://www.ustechsolutions.com
Business Analyst,US Tech Solutions,United States,http://www.ustechsolutions.com
Business Analyst II FMS,The University of Texas at Dallas,"Dallas, TX",http://www.utdallas.edu
Business Analyst II FMS,The University of Texas at Dallas,"Dallas, TX",http://www.utdallas.edu
"Business Analyst, Clinical & Translational Research",UT Southwestern Medical Center,"Dallas, TX",http://www.utsouthwestern.edu
"Business Analyst, Clinical & Translational Research",UT Southwestern Medical Center,"Dallas, TX",http://www.utsouthwestern.edu
Business Analyst,"Veritone, Inc.",United States,http://www.veritone.com
Business Analyst,"Veritone, Inc.",United States,http://www.veritone.com
Conversion Business Analyst II - AMS360 (Remote),Vertafore,United States,http://www.vertafore.com
Conversion Business Analyst II - AMS360 (Remote),Vertafore,United States,http://www.vertafore.com
Business Analyst II - Web Portal Applications,VertexOne,United States,http://www.vertexone.net
Business Analyst II - Web Portal Applications,VertexOne,United States,http://www.vertexone.net
AML/BSA Compliance Analyst,ViaPath Technologies,"Dallas, TX",http://www.viapath.co.uk
AML/BSA Compliance Analyst,ViaPath Technologies,"Dallas, TX",http://www.viapath.co.uk
Business Analyst,Virtual Service Operations,United States,http://www.vso-inc.com
Business Analyst,Virtual Service Operations,United States,http://www.vso-inc.com
"Business Analyst - Irving, TX",WellMed Medical Management,"Irving, TX",http://www.wellmedhealthcare.com
"Business Analyst - Irving, TX",WellMed Medical Management,"Irving, TX",http://www.wellmedhealthcare.com
Business Analyst - OBIEE Developer,Wells Fargo,"Irving, TX",http://www.wellsfargo.com
Business Analyst - OBIEE Developer,Wells Fargo,"Irving, TX",http://www.wellsfargo.com
Business Analyst with Actimize,Wipro Technologies,United States,http://www.wipro.com
IAM Business Analyst,Wipro,"Plano, TX",http://www.wiprodigital.com
IAM Business Analyst,Wipro,"Plano, TX",http://www.wiprodigital.com
"Job Opportunity | Business Analyst / Technical Writer---Dallas/Irving, TX --Job # 8174",World Wide Technology,"Irving, TX",http://www.wwt.com
"Job Opportunity | Business Analyst / Technical Writer---Dallas/Irving, TX --Job # 8174",World Wide Technology,"Irving, TX",http://www.wwt.com
E-Commerce Business Analyst,Zaelab,United States,http://www.zaelab.com
E-Commerce Business Analyst,Zaelab,United States,http://www.zaelab.com
"Business Analyst, Collaboration Tools",Zendesk,United States,http://www.zendesk.com
"Business Analyst, Collaboration Tools",Zendesk,United States,http://www.zendesk.com
Business Analyst,(ISC)²,United States,http://www.isc2.org
