Penetration Tester (Mid to Senior),Accenture,Birmingham, AL
Penetration Tester (Mid to Senior),Accenture,Birmingham, AL
Quality Tester,JobsInLogistics.com,Birmingham, AL
Penetration Tester (Mid to Senior),Accenture,Birmingham, AL
Quality Tester,JobsInLogistics.com,Birmingham, AL
Quality Technician - Night Shift,Plastipak,McCalla, AL
Penetration Tester (Mid to Senior),Accenture,Birmingham, AL
Quality Tester,JobsInLogistics.com,Birmingham, AL
Quality Technician - Night Shift,Plastipak,McCalla, AL
MGH-Air and Gas Tester,Rheem Manufacturing,Montgomery, AL
Penetration Tester (Mid to Senior),Accenture,Birmingham, AL
Quality Tester,JobsInLogistics.com,Birmingham, AL
Quality Technician - Night Shift,Plastipak,McCalla, AL
MGH-Air and Gas Tester,Rheem Manufacturing,Montgomery, AL
Tester,Emerson Automation Solutions,Rainsville, AL
Penetration Tester (Mid to Senior),Accenture,Birmingham, AL
Quality Tester,JobsInLogistics.com,Birmingham, AL
Quality Technician - Night Shift,Plastipak,McCalla, AL
MGH-Air and Gas Tester,Rheem Manufacturing,Montgomery, AL
Tester,Emerson Automation Solutions,Rainsville, AL
Tester,Kyndryl,USA, AL
Penetration Tester (Mid to Senior),Accenture,Birmingham, AL
Quality Tester,JobsInLogistics.com,Birmingham, AL
Quality Technician - Night Shift,Plastipak,McCalla, AL
MGH-Air and Gas Tester,Rheem Manufacturing,Montgomery, AL
Tester,Emerson Automation Solutions,Rainsville, AL
Tester,Kyndryl,USA, AL
EDI Manual Tester,TISTA Science and Technology Corporation,USA, AL
Penetration Tester (Mid to Senior),Accenture,Birmingham, AL
Penetration Tester (Mid to Senior),Accenture,Birmingham, AL
Quality Tester,JobsInLogistics.com,Birmingham, AL
Penetration Tester (Mid to Senior),Accenture,Birmingham, AL
Quality Tester,JobsInLogistics.com,Birmingham, AL
Quality Technician - Night Shift,Plastipak,McCalla, AL
Penetration Tester (Mid to Senior),Accenture,Birmingham, AL
Quality Tester,JobsInLogistics.com,Birmingham, AL
Quality Technician - Night Shift,Plastipak,McCalla, AL
MGH-Air and Gas Tester,Rheem Manufacturing,Montgomery, AL
Penetration Tester (Mid to Senior),Accenture,Birmingham, AL
Quality Tester,JobsInLogistics.com,Birmingham, AL
Quality Technician - Night Shift,Plastipak,McCalla, AL
MGH-Air and Gas Tester,Rheem Manufacturing,Montgomery, AL
Tester,Emerson Automation Solutions,Rainsville, AL
Penetration Tester (Mid to Senior),Accenture,Birmingham, AL
Quality Tester,JobsInLogistics.com,Birmingham, AL
Quality Technician - Night Shift,Plastipak,McCalla, AL
MGH-Air and Gas Tester,Rheem Manufacturing,Montgomery, AL
Tester,Emerson Automation Solutions,Rainsville, AL
Tester,Kyndryl,USA, AL
Penetration Tester (Mid to Senior),Accenture,Birmingham, AL
Quality Tester,JobsInLogistics.com,Birmingham, AL
Quality Technician - Night Shift,Plastipak,McCalla, AL
MGH-Air and Gas Tester,Rheem Manufacturing,Montgomery, AL
Tester,Emerson Automation Solutions,Rainsville, AL
Tester,Kyndryl,USA, AL
EDI Manual Tester,TISTA Science and Technology Corporation,USA, AL
