Mobile Device Tester,Dice,Aurora, CO
Mobile Device Tester,Dice,Aurora, CO
Tester 4,GovCIO,Aurora, CO
Mobile Device Tester,Dice,Aurora, CO
Tester 4,GovCIO,Aurora, CO
Manual Tester/ Business Analyst,TEKsystems,Broomfield, CO
Mobile Device Tester,Dice,Aurora, CO
Tester 4,GovCIO,Aurora, CO
Manual Tester/ Business Analyst,TEKsystems,Broomfield, CO
WiFi Tester,DISYS,Centennial, CO
Mobile Device Tester,Dice,Aurora, CO
Tester 4,GovCIO,Aurora, CO
Manual Tester/ Business Analyst,TEKsystems,Broomfield, CO
WiFi Tester,DISYS,Centennial, CO
Tester/Quality Control - NISSC II,Career Staffing,Colorado Springs, CO
Mobile Device Tester,Dice,Aurora, CO
Tester 4,GovCIO,Aurora, CO
Manual Tester/ Business Analyst,TEKsystems,Broomfield, CO
WiFi Tester,DISYS,Centennial, CO
Tester/Quality Control - NISSC II,Career Staffing,Colorado Springs, CO
Mobile Quality Assurance Tester,Abacus Service Corporation,Denver, CO
Mobile Device Tester,Dice,Aurora, CO
Tester 4,GovCIO,Aurora, CO
Manual Tester/ Business Analyst,TEKsystems,Broomfield, CO
WiFi Tester,DISYS,Centennial, CO
Tester/Quality Control - NISSC II,Career Staffing,Colorado Springs, CO
Mobile Quality Assurance Tester,Abacus Service Corporation,Denver, CO
Penetration Tester (Mid to Senior),Accenture,Denver, CO
Mobile Device Tester,Dice,Aurora, CO
Tester 4,GovCIO,Aurora, CO
Manual Tester/ Business Analyst,TEKsystems,Broomfield, CO
WiFi Tester,DISYS,Centennial, CO
Tester/Quality Control - NISSC II,Career Staffing,Colorado Springs, CO
Mobile Quality Assurance Tester,Abacus Service Corporation,Denver, CO
Penetration Tester (Mid to Senior),Accenture,Denver, CO
Trails Tester/Contractor,Ampcus Inc,Denver, CO
Mobile Device Tester,Dice,Aurora, CO
Tester 4,GovCIO,Aurora, CO
Manual Tester/ Business Analyst,TEKsystems,Broomfield, CO
WiFi Tester,DISYS,Centennial, CO
Tester/Quality Control - NISSC II,Career Staffing,Colorado Springs, CO
Mobile Quality Assurance Tester,Abacus Service Corporation,Denver, CO
Penetration Tester (Mid to Senior),Accenture,Denver, CO
Trails Tester/Contractor,Ampcus Inc,Denver, CO
Quality Assurance Tester,Crescens Inc.,Denver, CO
Mobile Device Tester,Dice,Aurora, CO
Tester 4,GovCIO,Aurora, CO
Manual Tester/ Business Analyst,TEKsystems,Broomfield, CO
WiFi Tester,DISYS,Centennial, CO
Tester/Quality Control - NISSC II,Career Staffing,Colorado Springs, CO
Mobile Quality Assurance Tester,Abacus Service Corporation,Denver, CO
Penetration Tester (Mid to Senior),Accenture,Denver, CO
Trails Tester/Contractor,Ampcus Inc,Denver, CO
Quality Assurance Tester,Crescens Inc.,Denver, CO
API Tester,Dice,Denver, CO
Mobile Device Tester,Dice,Aurora, CO
Tester 4,GovCIO,Aurora, CO
Manual Tester/ Business Analyst,TEKsystems,Broomfield, CO
WiFi Tester,DISYS,Centennial, CO
Tester/Quality Control - NISSC II,Career Staffing,Colorado Springs, CO
Mobile Quality Assurance Tester,Abacus Service Corporation,Denver, CO
Penetration Tester (Mid to Senior),Accenture,Denver, CO
Trails Tester/Contractor,Ampcus Inc,Denver, CO
Quality Assurance Tester,Crescens Inc.,Denver, CO
API Tester,Dice,Denver, CO
WiFi Tester,Dice,Denver, CO
Mobile Device Tester,Dice,Aurora, CO
Tester 4,GovCIO,Aurora, CO
Manual Tester/ Business Analyst,TEKsystems,Broomfield, CO
WiFi Tester,DISYS,Centennial, CO
Tester/Quality Control - NISSC II,Career Staffing,Colorado Springs, CO
Mobile Quality Assurance Tester,Abacus Service Corporation,Denver, CO
Penetration Tester (Mid to Senior),Accenture,Denver, CO
Trails Tester/Contractor,Ampcus Inc,Denver, CO
Quality Assurance Tester,Crescens Inc.,Denver, CO
API Tester,Dice,Denver, CO
WiFi Tester,Dice,Denver, CO
"Mobile Quality Assurance Tester / Denver, CO, 6 months",Dice,Denver, CO
Mobile Device Tester,Dice,Aurora, CO
Tester 4,GovCIO,Aurora, CO
Manual Tester/ Business Analyst,TEKsystems,Broomfield, CO
WiFi Tester,DISYS,Centennial, CO
Tester/Quality Control - NISSC II,Career Staffing,Colorado Springs, CO
Mobile Quality Assurance Tester,Abacus Service Corporation,Denver, CO
Penetration Tester (Mid to Senior),Accenture,Denver, CO
Trails Tester/Contractor,Ampcus Inc,Denver, CO
Quality Assurance Tester,Crescens Inc.,Denver, CO
API Tester,Dice,Denver, CO
WiFi Tester,Dice,Denver, CO
"Mobile Quality Assurance Tester / Denver, CO, 6 months",Dice,Denver, CO
Mobile Quality Assurance Tester,Expedite Technology Solutions LLC,Denver, CO
Mobile Device Tester,Dice,Aurora, CO
Tester 4,GovCIO,Aurora, CO
Manual Tester/ Business Analyst,TEKsystems,Broomfield, CO
WiFi Tester,DISYS,Centennial, CO
Tester/Quality Control - NISSC II,Career Staffing,Colorado Springs, CO
Mobile Quality Assurance Tester,Abacus Service Corporation,Denver, CO
Penetration Tester (Mid to Senior),Accenture,Denver, CO
Trails Tester/Contractor,Ampcus Inc,Denver, CO
Quality Assurance Tester,Crescens Inc.,Denver, CO
API Tester,Dice,Denver, CO
WiFi Tester,Dice,Denver, CO
"Mobile Quality Assurance Tester / Denver, CO, 6 months",Dice,Denver, CO
Mobile Quality Assurance Tester,Expedite Technology Solutions LLC,Denver, CO
Manual QA Tester,Frndly TV,Denver, CO
Mobile Device Tester,Dice,Aurora, CO
Tester 4,GovCIO,Aurora, CO
Manual Tester/ Business Analyst,TEKsystems,Broomfield, CO
WiFi Tester,DISYS,Centennial, CO
Tester/Quality Control - NISSC II,Career Staffing,Colorado Springs, CO
Mobile Quality Assurance Tester,Abacus Service Corporation,Denver, CO
Penetration Tester (Mid to Senior),Accenture,Denver, CO
Trails Tester/Contractor,Ampcus Inc,Denver, CO
Quality Assurance Tester,Crescens Inc.,Denver, CO
API Tester,Dice,Denver, CO
WiFi Tester,Dice,Denver, CO
"Mobile Quality Assurance Tester / Denver, CO, 6 months",Dice,Denver, CO
Mobile Quality Assurance Tester,Expedite Technology Solutions LLC,Denver, CO
Manual QA Tester,Frndly TV,Denver, CO
Petroleum Equipment Technician/Tester,"Jones Covey Group, Inc.",Denver, CO
Mobile Device Tester,Dice,Aurora, CO
Tester 4,GovCIO,Aurora, CO
Manual Tester/ Business Analyst,TEKsystems,Broomfield, CO
WiFi Tester,DISYS,Centennial, CO
Tester/Quality Control - NISSC II,Career Staffing,Colorado Springs, CO
Mobile Quality Assurance Tester,Abacus Service Corporation,Denver, CO
Penetration Tester (Mid to Senior),Accenture,Denver, CO
Trails Tester/Contractor,Ampcus Inc,Denver, CO
Quality Assurance Tester,Crescens Inc.,Denver, CO
API Tester,Dice,Denver, CO
WiFi Tester,Dice,Denver, CO
"Mobile Quality Assurance Tester / Denver, CO, 6 months",Dice,Denver, CO
Mobile Quality Assurance Tester,Expedite Technology Solutions LLC,Denver, CO
Manual QA Tester,Frndly TV,Denver, CO
Petroleum Equipment Technician/Tester,"Jones Covey Group, Inc.",Denver, CO
"Mobile Quality Assurance Tester / Denver, CO, 6 months",Suncap Technology,Denver, CO
Mobile Device Tester,Dice,Aurora, CO
Tester 4,GovCIO,Aurora, CO
Manual Tester/ Business Analyst,TEKsystems,Broomfield, CO
WiFi Tester,DISYS,Centennial, CO
Tester/Quality Control - NISSC II,Career Staffing,Colorado Springs, CO
Mobile Quality Assurance Tester,Abacus Service Corporation,Denver, CO
Penetration Tester (Mid to Senior),Accenture,Denver, CO
Trails Tester/Contractor,Ampcus Inc,Denver, CO
Quality Assurance Tester,Crescens Inc.,Denver, CO
API Tester,Dice,Denver, CO
WiFi Tester,Dice,Denver, CO
"Mobile Quality Assurance Tester / Denver, CO, 6 months",Dice,Denver, CO
Mobile Quality Assurance Tester,Expedite Technology Solutions LLC,Denver, CO
Manual QA Tester,Frndly TV,Denver, CO
Petroleum Equipment Technician/Tester,"Jones Covey Group, Inc.",Denver, CO
"Mobile Quality Assurance Tester / Denver, CO, 6 months",Suncap Technology,Denver, CO
Mobile Quality Assurance Tester,TALENT Software Services,Denver, CO
Mobile Device Tester,Dice,Aurora, CO
Tester 4,GovCIO,Aurora, CO
Manual Tester/ Business Analyst,TEKsystems,Broomfield, CO
WiFi Tester,DISYS,Centennial, CO
Tester/Quality Control - NISSC II,Career Staffing,Colorado Springs, CO
Mobile Quality Assurance Tester,Abacus Service Corporation,Denver, CO
Penetration Tester (Mid to Senior),Accenture,Denver, CO
Trails Tester/Contractor,Ampcus Inc,Denver, CO
Quality Assurance Tester,Crescens Inc.,Denver, CO
API Tester,Dice,Denver, CO
WiFi Tester,Dice,Denver, CO
"Mobile Quality Assurance Tester / Denver, CO, 6 months",Dice,Denver, CO
Mobile Quality Assurance Tester,Expedite Technology Solutions LLC,Denver, CO
Manual QA Tester,Frndly TV,Denver, CO
Petroleum Equipment Technician/Tester,"Jones Covey Group, Inc.",Denver, CO
"Mobile Quality Assurance Tester / Denver, CO, 6 months",Suncap Technology,Denver, CO
Mobile Quality Assurance Tester,TALENT Software Services,Denver, CO
"Concrete Tester/Loader Operator - Carbondale, CO",United Companies,Denver, CO
Mobile Device Tester,Dice,Aurora, CO
Tester 4,GovCIO,Aurora, CO
Manual Tester/ Business Analyst,TEKsystems,Broomfield, CO
WiFi Tester,DISYS,Centennial, CO
Tester/Quality Control - NISSC II,Career Staffing,Colorado Springs, CO
Mobile Quality Assurance Tester,Abacus Service Corporation,Denver, CO
Penetration Tester (Mid to Senior),Accenture,Denver, CO
Trails Tester/Contractor,Ampcus Inc,Denver, CO
Quality Assurance Tester,Crescens Inc.,Denver, CO
API Tester,Dice,Denver, CO
WiFi Tester,Dice,Denver, CO
"Mobile Quality Assurance Tester / Denver, CO, 6 months",Dice,Denver, CO
Mobile Quality Assurance Tester,Expedite Technology Solutions LLC,Denver, CO
Manual QA Tester,Frndly TV,Denver, CO
Petroleum Equipment Technician/Tester,"Jones Covey Group, Inc.",Denver, CO
"Mobile Quality Assurance Tester / Denver, CO, 6 months",Suncap Technology,Denver, CO
Mobile Quality Assurance Tester,TALENT Software Services,Denver, CO
"Concrete Tester/Loader Operator - Carbondale, CO",United Companies,Denver, CO
Manual Tester (OTT Domain),Infostretch,Englewood, CO
Mobile Device Tester,Dice,Aurora, CO
Tester 4,GovCIO,Aurora, CO
Manual Tester/ Business Analyst,TEKsystems,Broomfield, CO
WiFi Tester,DISYS,Centennial, CO
Tester/Quality Control - NISSC II,Career Staffing,Colorado Springs, CO
Mobile Quality Assurance Tester,Abacus Service Corporation,Denver, CO
Penetration Tester (Mid to Senior),Accenture,Denver, CO
Trails Tester/Contractor,Ampcus Inc,Denver, CO
Quality Assurance Tester,Crescens Inc.,Denver, CO
API Tester,Dice,Denver, CO
WiFi Tester,Dice,Denver, CO
"Mobile Quality Assurance Tester / Denver, CO, 6 months",Dice,Denver, CO
Mobile Quality Assurance Tester,Expedite Technology Solutions LLC,Denver, CO
Manual QA Tester,Frndly TV,Denver, CO
Petroleum Equipment Technician/Tester,"Jones Covey Group, Inc.",Denver, CO
"Mobile Quality Assurance Tester / Denver, CO, 6 months",Suncap Technology,Denver, CO
Mobile Quality Assurance Tester,TALENT Software Services,Denver, CO
"Concrete Tester/Loader Operator - Carbondale, CO",United Companies,Denver, CO
Manual Tester (OTT Domain),Infostretch,Englewood, CO
Penetration Tester (Mid to Senior),Accenture,Fort Collins, CO
Mobile Device Tester,Dice,Aurora, CO
Tester 4,GovCIO,Aurora, CO
Manual Tester/ Business Analyst,TEKsystems,Broomfield, CO
WiFi Tester,DISYS,Centennial, CO
Tester/Quality Control - NISSC II,Career Staffing,Colorado Springs, CO
Mobile Quality Assurance Tester,Abacus Service Corporation,Denver, CO
Penetration Tester (Mid to Senior),Accenture,Denver, CO
Trails Tester/Contractor,Ampcus Inc,Denver, CO
Quality Assurance Tester,Crescens Inc.,Denver, CO
API Tester,Dice,Denver, CO
WiFi Tester,Dice,Denver, CO
"Mobile Quality Assurance Tester / Denver, CO, 6 months",Dice,Denver, CO
Mobile Quality Assurance Tester,Expedite Technology Solutions LLC,Denver, CO
Manual QA Tester,Frndly TV,Denver, CO
Petroleum Equipment Technician/Tester,"Jones Covey Group, Inc.",Denver, CO
"Mobile Quality Assurance Tester / Denver, CO, 6 months",Suncap Technology,Denver, CO
Mobile Quality Assurance Tester,TALENT Software Services,Denver, CO
"Concrete Tester/Loader Operator - Carbondale, CO",United Companies,Denver, CO
Manual Tester (OTT Domain),Infostretch,Englewood, CO
Penetration Tester (Mid to Senior),Accenture,Fort Collins, CO
Covid-19 Tester,Valley View Hospital,Glenwood Springs, CO
Mobile Device Tester,Dice,Aurora, CO
Tester 4,GovCIO,Aurora, CO
Manual Tester/ Business Analyst,TEKsystems,Broomfield, CO
WiFi Tester,DISYS,Centennial, CO
Tester/Quality Control - NISSC II,Career Staffing,Colorado Springs, CO
Mobile Quality Assurance Tester,Abacus Service Corporation,Denver, CO
Penetration Tester (Mid to Senior),Accenture,Denver, CO
Trails Tester/Contractor,Ampcus Inc,Denver, CO
Quality Assurance Tester,Crescens Inc.,Denver, CO
API Tester,Dice,Denver, CO
WiFi Tester,Dice,Denver, CO
"Mobile Quality Assurance Tester / Denver, CO, 6 months",Dice,Denver, CO
Mobile Quality Assurance Tester,Expedite Technology Solutions LLC,Denver, CO
Manual QA Tester,Frndly TV,Denver, CO
Petroleum Equipment Technician/Tester,"Jones Covey Group, Inc.",Denver, CO
"Mobile Quality Assurance Tester / Denver, CO, 6 months",Suncap Technology,Denver, CO
Mobile Quality Assurance Tester,TALENT Software Services,Denver, CO
"Concrete Tester/Loader Operator - Carbondale, CO",United Companies,Denver, CO
Manual Tester (OTT Domain),Infostretch,Englewood, CO
Penetration Tester (Mid to Senior),Accenture,Fort Collins, CO
Covid-19 Tester,Valley View Hospital,Glenwood Springs, CO
Transport Acceptance Tester,DISH Network,Littleton, CO
Mobile Device Tester,Dice,Aurora, CO
Tester 4,GovCIO,Aurora, CO
Manual Tester/ Business Analyst,TEKsystems,Broomfield, CO
WiFi Tester,DISYS,Centennial, CO
Tester/Quality Control - NISSC II,Career Staffing,Colorado Springs, CO
Mobile Quality Assurance Tester,Abacus Service Corporation,Denver, CO
Penetration Tester (Mid to Senior),Accenture,Denver, CO
Trails Tester/Contractor,Ampcus Inc,Denver, CO
Quality Assurance Tester,Crescens Inc.,Denver, CO
API Tester,Dice,Denver, CO
WiFi Tester,Dice,Denver, CO
"Mobile Quality Assurance Tester / Denver, CO, 6 months",Dice,Denver, CO
Mobile Quality Assurance Tester,Expedite Technology Solutions LLC,Denver, CO
Manual QA Tester,Frndly TV,Denver, CO
Petroleum Equipment Technician/Tester,"Jones Covey Group, Inc.",Denver, CO
"Mobile Quality Assurance Tester / Denver, CO, 6 months",Suncap Technology,Denver, CO
Mobile Quality Assurance Tester,TALENT Software Services,Denver, CO
"Concrete Tester/Loader Operator - Carbondale, CO",United Companies,Denver, CO
Manual Tester (OTT Domain),Infostretch,Englewood, CO
Penetration Tester (Mid to Senior),Accenture,Fort Collins, CO
Covid-19 Tester,Valley View Hospital,Glenwood Springs, CO
Transport Acceptance Tester,DISH Network,Littleton, CO
Transport Acceptance Tester,Dice,Littleton, CO
Mobile Device Tester,Dice,Aurora, CO
Tester 4,GovCIO,Aurora, CO
Manual Tester/ Business Analyst,TEKsystems,Broomfield, CO
WiFi Tester,DISYS,Centennial, CO
Tester/Quality Control - NISSC II,Career Staffing,Colorado Springs, CO
Mobile Quality Assurance Tester,Abacus Service Corporation,Denver, CO
Penetration Tester (Mid to Senior),Accenture,Denver, CO
Trails Tester/Contractor,Ampcus Inc,Denver, CO
Quality Assurance Tester,Crescens Inc.,Denver, CO
API Tester,Dice,Denver, CO
WiFi Tester,Dice,Denver, CO
"Mobile Quality Assurance Tester / Denver, CO, 6 months",Dice,Denver, CO
Mobile Quality Assurance Tester,Expedite Technology Solutions LLC,Denver, CO
Manual QA Tester,Frndly TV,Denver, CO
Petroleum Equipment Technician/Tester,"Jones Covey Group, Inc.",Denver, CO
"Mobile Quality Assurance Tester / Denver, CO, 6 months",Suncap Technology,Denver, CO
Mobile Quality Assurance Tester,TALENT Software Services,Denver, CO
"Concrete Tester/Loader Operator - Carbondale, CO",United Companies,Denver, CO
Manual Tester (OTT Domain),Infostretch,Englewood, CO
Penetration Tester (Mid to Senior),Accenture,Fort Collins, CO
Covid-19 Tester,Valley View Hospital,Glenwood Springs, CO
Transport Acceptance Tester,DISH Network,Littleton, CO
Transport Acceptance Tester,Dice,Littleton, CO
"Assembly & Tester, Associate",Lockheed Martin,Littleton, CO
