Penetration Tester (Mid to Senior),Accenture,Washington, DC
Penetration Tester (Mid to Senior),Accenture,Washington, DC
"Automated Tester, Mid",Booz Allen Hamilton,Washington, DC
Penetration Tester (Mid to Senior),Accenture,Washington, DC
"Automated Tester, Mid",Booz Allen Hamilton,Washington, DC
Database Security Tester,Booz Allen Hamilton,Washington, DC
Penetration Tester (Mid to Senior),Accenture,Washington, DC
"Automated Tester, Mid",Booz Allen Hamilton,Washington, DC
Database Security Tester,Booz Allen Hamilton,Washington, DC
Salesforce QA Contract,Calibro Corp.,Washington, DC
Penetration Tester (Mid to Senior),Accenture,Washington, DC
"Automated Tester, Mid",Booz Allen Hamilton,Washington, DC
Database Security Tester,Booz Allen Hamilton,Washington, DC
Salesforce QA Contract,Calibro Corp.,Washington, DC
"Tester, Mid with Security Clearance",ClearanceJobs,Washington, DC
Penetration Tester (Mid to Senior),Accenture,Washington, DC
"Automated Tester, Mid",Booz Allen Hamilton,Washington, DC
Database Security Tester,Booz Allen Hamilton,Washington, DC
Salesforce QA Contract,Calibro Corp.,Washington, DC
"Tester, Mid with Security Clearance",ClearanceJobs,Washington, DC
Tester with Security Clearance,ClearanceJobs,Washington, DC
Penetration Tester (Mid to Senior),Accenture,Washington, DC
"Automated Tester, Mid",Booz Allen Hamilton,Washington, DC
Database Security Tester,Booz Allen Hamilton,Washington, DC
Salesforce QA Contract,Calibro Corp.,Washington, DC
"Tester, Mid with Security Clearance",ClearanceJobs,Washington, DC
Tester with Security Clearance,ClearanceJobs,Washington, DC
Microsoft Office 365 Test Engineer with Security Clearance,ClearanceJobs,Washington, DC
Penetration Tester (Mid to Senior),Accenture,Washington, DC
"Automated Tester, Mid",Booz Allen Hamilton,Washington, DC
Database Security Tester,Booz Allen Hamilton,Washington, DC
Salesforce QA Contract,Calibro Corp.,Washington, DC
"Tester, Mid with Security Clearance",ClearanceJobs,Washington, DC
Tester with Security Clearance,ClearanceJobs,Washington, DC
Microsoft Office 365 Test Engineer with Security Clearance,ClearanceJobs,Washington, DC
508 Developer Tester with Security Clearance,ClearanceJobs,Washington, DC
Penetration Tester (Mid to Senior),Accenture,Washington, DC
"Automated Tester, Mid",Booz Allen Hamilton,Washington, DC
Database Security Tester,Booz Allen Hamilton,Washington, DC
Salesforce QA Contract,Calibro Corp.,Washington, DC
"Tester, Mid with Security Clearance",ClearanceJobs,Washington, DC
Tester with Security Clearance,ClearanceJobs,Washington, DC
Microsoft Office 365 Test Engineer with Security Clearance,ClearanceJobs,Washington, DC
508 Developer Tester with Security Clearance,ClearanceJobs,Washington, DC
"Automated Tester, Mid with Security Clearance",ClearanceJobs,Washington, DC
Penetration Tester (Mid to Senior),Accenture,Washington, DC
"Automated Tester, Mid",Booz Allen Hamilton,Washington, DC
Database Security Tester,Booz Allen Hamilton,Washington, DC
Salesforce QA Contract,Calibro Corp.,Washington, DC
"Tester, Mid with Security Clearance",ClearanceJobs,Washington, DC
Tester with Security Clearance,ClearanceJobs,Washington, DC
Microsoft Office 365 Test Engineer with Security Clearance,ClearanceJobs,Washington, DC
508 Developer Tester with Security Clearance,ClearanceJobs,Washington, DC
"Automated Tester, Mid with Security Clearance",ClearanceJobs,Washington, DC
Database Security Tester with Security Clearance,ClearanceJobs,Washington, DC
Penetration Tester (Mid to Senior),Accenture,Washington, DC
"Automated Tester, Mid",Booz Allen Hamilton,Washington, DC
Database Security Tester,Booz Allen Hamilton,Washington, DC
Salesforce QA Contract,Calibro Corp.,Washington, DC
"Tester, Mid with Security Clearance",ClearanceJobs,Washington, DC
Tester with Security Clearance,ClearanceJobs,Washington, DC
Microsoft Office 365 Test Engineer with Security Clearance,ClearanceJobs,Washington, DC
508 Developer Tester with Security Clearance,ClearanceJobs,Washington, DC
"Automated Tester, Mid with Security Clearance",ClearanceJobs,Washington, DC
Database Security Tester with Security Clearance,ClearanceJobs,Washington, DC
Cyber Security Developer/Tester with Security Clearance,ClearanceJobs,Washington, DC
Penetration Tester (Mid to Senior),Accenture,Washington, DC
"Automated Tester, Mid",Booz Allen Hamilton,Washington, DC
Database Security Tester,Booz Allen Hamilton,Washington, DC
Salesforce QA Contract,Calibro Corp.,Washington, DC
"Tester, Mid with Security Clearance",ClearanceJobs,Washington, DC
Tester with Security Clearance,ClearanceJobs,Washington, DC
Microsoft Office 365 Test Engineer with Security Clearance,ClearanceJobs,Washington, DC
508 Developer Tester with Security Clearance,ClearanceJobs,Washington, DC
"Automated Tester, Mid with Security Clearance",ClearanceJobs,Washington, DC
Database Security Tester with Security Clearance,ClearanceJobs,Washington, DC
Cyber Security Developer/Tester with Security Clearance,ClearanceJobs,Washington, DC
ServiceNow Engineer/Tester,"Crystal Management, LLC",Washington, DC
Penetration Tester (Mid to Senior),Accenture,Washington, DC
"Automated Tester, Mid",Booz Allen Hamilton,Washington, DC
Database Security Tester,Booz Allen Hamilton,Washington, DC
Salesforce QA Contract,Calibro Corp.,Washington, DC
"Tester, Mid with Security Clearance",ClearanceJobs,Washington, DC
Tester with Security Clearance,ClearanceJobs,Washington, DC
Microsoft Office 365 Test Engineer with Security Clearance,ClearanceJobs,Washington, DC
508 Developer Tester with Security Clearance,ClearanceJobs,Washington, DC
"Automated Tester, Mid with Security Clearance",ClearanceJobs,Washington, DC
Database Security Tester with Security Clearance,ClearanceJobs,Washington, DC
Cyber Security Developer/Tester with Security Clearance,ClearanceJobs,Washington, DC
ServiceNow Engineer/Tester,"Crystal Management, LLC",Washington, DC
837 EDI Tester,Dice,Washington, DC
Penetration Tester (Mid to Senior),Accenture,Washington, DC
"Automated Tester, Mid",Booz Allen Hamilton,Washington, DC
Database Security Tester,Booz Allen Hamilton,Washington, DC
Salesforce QA Contract,Calibro Corp.,Washington, DC
"Tester, Mid with Security Clearance",ClearanceJobs,Washington, DC
Tester with Security Clearance,ClearanceJobs,Washington, DC
Microsoft Office 365 Test Engineer with Security Clearance,ClearanceJobs,Washington, DC
508 Developer Tester with Security Clearance,ClearanceJobs,Washington, DC
"Automated Tester, Mid with Security Clearance",ClearanceJobs,Washington, DC
Database Security Tester with Security Clearance,ClearanceJobs,Washington, DC
Cyber Security Developer/Tester with Security Clearance,ClearanceJobs,Washington, DC
ServiceNow Engineer/Tester,"Crystal Management, LLC",Washington, DC
837 EDI Tester,Dice,Washington, DC
Automated Tester,Expedite Technology Solutions LLC,Washington, DC
Penetration Tester (Mid to Senior),Accenture,Washington, DC
"Automated Tester, Mid",Booz Allen Hamilton,Washington, DC
Database Security Tester,Booz Allen Hamilton,Washington, DC
Salesforce QA Contract,Calibro Corp.,Washington, DC
"Tester, Mid with Security Clearance",ClearanceJobs,Washington, DC
Tester with Security Clearance,ClearanceJobs,Washington, DC
Microsoft Office 365 Test Engineer with Security Clearance,ClearanceJobs,Washington, DC
508 Developer Tester with Security Clearance,ClearanceJobs,Washington, DC
"Automated Tester, Mid with Security Clearance",ClearanceJobs,Washington, DC
Database Security Tester with Security Clearance,ClearanceJobs,Washington, DC
Cyber Security Developer/Tester with Security Clearance,ClearanceJobs,Washington, DC
ServiceNow Engineer/Tester,"Crystal Management, LLC",Washington, DC
837 EDI Tester,Dice,Washington, DC
Automated Tester,Expedite Technology Solutions LLC,Washington, DC
Integration Tester,Expedite Technology Solutions LLC,Washington, DC
Penetration Tester (Mid to Senior),Accenture,Washington, DC
"Automated Tester, Mid",Booz Allen Hamilton,Washington, DC
Database Security Tester,Booz Allen Hamilton,Washington, DC
Salesforce QA Contract,Calibro Corp.,Washington, DC
"Tester, Mid with Security Clearance",ClearanceJobs,Washington, DC
Tester with Security Clearance,ClearanceJobs,Washington, DC
Microsoft Office 365 Test Engineer with Security Clearance,ClearanceJobs,Washington, DC
508 Developer Tester with Security Clearance,ClearanceJobs,Washington, DC
"Automated Tester, Mid with Security Clearance",ClearanceJobs,Washington, DC
Database Security Tester with Security Clearance,ClearanceJobs,Washington, DC
Cyber Security Developer/Tester with Security Clearance,ClearanceJobs,Washington, DC
ServiceNow Engineer/Tester,"Crystal Management, LLC",Washington, DC
837 EDI Tester,Dice,Washington, DC
Automated Tester,Expedite Technology Solutions LLC,Washington, DC
Integration Tester,Expedite Technology Solutions LLC,Washington, DC
Tester Journeyman,GovCIO,Washington, DC
Penetration Tester (Mid to Senior),Accenture,Washington, DC
"Automated Tester, Mid",Booz Allen Hamilton,Washington, DC
Database Security Tester,Booz Allen Hamilton,Washington, DC
Salesforce QA Contract,Calibro Corp.,Washington, DC
"Tester, Mid with Security Clearance",ClearanceJobs,Washington, DC
Tester with Security Clearance,ClearanceJobs,Washington, DC
Microsoft Office 365 Test Engineer with Security Clearance,ClearanceJobs,Washington, DC
508 Developer Tester with Security Clearance,ClearanceJobs,Washington, DC
"Automated Tester, Mid with Security Clearance",ClearanceJobs,Washington, DC
Database Security Tester with Security Clearance,ClearanceJobs,Washington, DC
Cyber Security Developer/Tester with Security Clearance,ClearanceJobs,Washington, DC
ServiceNow Engineer/Tester,"Crystal Management, LLC",Washington, DC
837 EDI Tester,Dice,Washington, DC
Automated Tester,Expedite Technology Solutions LLC,Washington, DC
Integration Tester,Expedite Technology Solutions LLC,Washington, DC
Tester Journeyman,GovCIO,Washington, DC
QA Tester,IdeaCrew,Washington, DC
Penetration Tester (Mid to Senior),Accenture,Washington, DC
"Automated Tester, Mid",Booz Allen Hamilton,Washington, DC
Database Security Tester,Booz Allen Hamilton,Washington, DC
Salesforce QA Contract,Calibro Corp.,Washington, DC
"Tester, Mid with Security Clearance",ClearanceJobs,Washington, DC
Tester with Security Clearance,ClearanceJobs,Washington, DC
Microsoft Office 365 Test Engineer with Security Clearance,ClearanceJobs,Washington, DC
508 Developer Tester with Security Clearance,ClearanceJobs,Washington, DC
"Automated Tester, Mid with Security Clearance",ClearanceJobs,Washington, DC
Database Security Tester with Security Clearance,ClearanceJobs,Washington, DC
Cyber Security Developer/Tester with Security Clearance,ClearanceJobs,Washington, DC
ServiceNow Engineer/Tester,"Crystal Management, LLC",Washington, DC
837 EDI Tester,Dice,Washington, DC
Automated Tester,Expedite Technology Solutions LLC,Washington, DC
Integration Tester,Expedite Technology Solutions LLC,Washington, DC
Tester Journeyman,GovCIO,Washington, DC
QA Tester,IdeaCrew,Washington, DC
508 Developer Tester,ManTech,Washington, DC
Penetration Tester (Mid to Senior),Accenture,Washington, DC
"Automated Tester, Mid",Booz Allen Hamilton,Washington, DC
Database Security Tester,Booz Allen Hamilton,Washington, DC
Salesforce QA Contract,Calibro Corp.,Washington, DC
"Tester, Mid with Security Clearance",ClearanceJobs,Washington, DC
Tester with Security Clearance,ClearanceJobs,Washington, DC
Microsoft Office 365 Test Engineer with Security Clearance,ClearanceJobs,Washington, DC
508 Developer Tester with Security Clearance,ClearanceJobs,Washington, DC
"Automated Tester, Mid with Security Clearance",ClearanceJobs,Washington, DC
Database Security Tester with Security Clearance,ClearanceJobs,Washington, DC
Cyber Security Developer/Tester with Security Clearance,ClearanceJobs,Washington, DC
ServiceNow Engineer/Tester,"Crystal Management, LLC",Washington, DC
837 EDI Tester,Dice,Washington, DC
Automated Tester,Expedite Technology Solutions LLC,Washington, DC
Integration Tester,Expedite Technology Solutions LLC,Washington, DC
Tester Journeyman,GovCIO,Washington, DC
QA Tester,IdeaCrew,Washington, DC
508 Developer Tester,ManTech,Washington, DC
508 Developer/Tester,ManTech,Washington, DC
Penetration Tester (Mid to Senior),Accenture,Washington, DC
"Automated Tester, Mid",Booz Allen Hamilton,Washington, DC
Database Security Tester,Booz Allen Hamilton,Washington, DC
Salesforce QA Contract,Calibro Corp.,Washington, DC
"Tester, Mid with Security Clearance",ClearanceJobs,Washington, DC
Tester with Security Clearance,ClearanceJobs,Washington, DC
Microsoft Office 365 Test Engineer with Security Clearance,ClearanceJobs,Washington, DC
508 Developer Tester with Security Clearance,ClearanceJobs,Washington, DC
"Automated Tester, Mid with Security Clearance",ClearanceJobs,Washington, DC
Database Security Tester with Security Clearance,ClearanceJobs,Washington, DC
Cyber Security Developer/Tester with Security Clearance,ClearanceJobs,Washington, DC
ServiceNow Engineer/Tester,"Crystal Management, LLC",Washington, DC
837 EDI Tester,Dice,Washington, DC
Automated Tester,Expedite Technology Solutions LLC,Washington, DC
Integration Tester,Expedite Technology Solutions LLC,Washington, DC
Tester Journeyman,GovCIO,Washington, DC
QA Tester,IdeaCrew,Washington, DC
508 Developer Tester,ManTech,Washington, DC
508 Developer/Tester,ManTech,Washington, DC
Cyber Security Developer/Tester,ManTech,Washington, DC
Penetration Tester (Mid to Senior),Accenture,Washington, DC
"Automated Tester, Mid",Booz Allen Hamilton,Washington, DC
Database Security Tester,Booz Allen Hamilton,Washington, DC
Salesforce QA Contract,Calibro Corp.,Washington, DC
"Tester, Mid with Security Clearance",ClearanceJobs,Washington, DC
Tester with Security Clearance,ClearanceJobs,Washington, DC
Microsoft Office 365 Test Engineer with Security Clearance,ClearanceJobs,Washington, DC
508 Developer Tester with Security Clearance,ClearanceJobs,Washington, DC
"Automated Tester, Mid with Security Clearance",ClearanceJobs,Washington, DC
Database Security Tester with Security Clearance,ClearanceJobs,Washington, DC
Cyber Security Developer/Tester with Security Clearance,ClearanceJobs,Washington, DC
ServiceNow Engineer/Tester,"Crystal Management, LLC",Washington, DC
837 EDI Tester,Dice,Washington, DC
Automated Tester,Expedite Technology Solutions LLC,Washington, DC
Integration Tester,Expedite Technology Solutions LLC,Washington, DC
Tester Journeyman,GovCIO,Washington, DC
QA Tester,IdeaCrew,Washington, DC
508 Developer Tester,ManTech,Washington, DC
508 Developer/Tester,ManTech,Washington, DC
Cyber Security Developer/Tester,ManTech,Washington, DC
QA Software Tester,PharmDLive Overview,Washington, DC
Penetration Tester (Mid to Senior),Accenture,Washington, DC
"Automated Tester, Mid",Booz Allen Hamilton,Washington, DC
Database Security Tester,Booz Allen Hamilton,Washington, DC
Salesforce QA Contract,Calibro Corp.,Washington, DC
"Tester, Mid with Security Clearance",ClearanceJobs,Washington, DC
Tester with Security Clearance,ClearanceJobs,Washington, DC
Microsoft Office 365 Test Engineer with Security Clearance,ClearanceJobs,Washington, DC
508 Developer Tester with Security Clearance,ClearanceJobs,Washington, DC
"Automated Tester, Mid with Security Clearance",ClearanceJobs,Washington, DC
Database Security Tester with Security Clearance,ClearanceJobs,Washington, DC
Cyber Security Developer/Tester with Security Clearance,ClearanceJobs,Washington, DC
ServiceNow Engineer/Tester,"Crystal Management, LLC",Washington, DC
837 EDI Tester,Dice,Washington, DC
Automated Tester,Expedite Technology Solutions LLC,Washington, DC
Integration Tester,Expedite Technology Solutions LLC,Washington, DC
Tester Journeyman,GovCIO,Washington, DC
QA Tester,IdeaCrew,Washington, DC
508 Developer Tester,ManTech,Washington, DC
508 Developer/Tester,ManTech,Washington, DC
Cyber Security Developer/Tester,ManTech,Washington, DC
QA Software Tester,PharmDLive Overview,Washington, DC
TESTER,Piper Companies,Washington, DC
Penetration Tester (Mid to Senior),Accenture,Washington, DC
"Automated Tester, Mid",Booz Allen Hamilton,Washington, DC
Database Security Tester,Booz Allen Hamilton,Washington, DC
Salesforce QA Contract,Calibro Corp.,Washington, DC
"Tester, Mid with Security Clearance",ClearanceJobs,Washington, DC
Tester with Security Clearance,ClearanceJobs,Washington, DC
Microsoft Office 365 Test Engineer with Security Clearance,ClearanceJobs,Washington, DC
508 Developer Tester with Security Clearance,ClearanceJobs,Washington, DC
"Automated Tester, Mid with Security Clearance",ClearanceJobs,Washington, DC
Database Security Tester with Security Clearance,ClearanceJobs,Washington, DC
Cyber Security Developer/Tester with Security Clearance,ClearanceJobs,Washington, DC
ServiceNow Engineer/Tester,"Crystal Management, LLC",Washington, DC
837 EDI Tester,Dice,Washington, DC
Automated Tester,Expedite Technology Solutions LLC,Washington, DC
Integration Tester,Expedite Technology Solutions LLC,Washington, DC
Tester Journeyman,GovCIO,Washington, DC
QA Tester,IdeaCrew,Washington, DC
508 Developer Tester,ManTech,Washington, DC
508 Developer/Tester,ManTech,Washington, DC
Cyber Security Developer/Tester,ManTech,Washington, DC
QA Software Tester,PharmDLive Overview,Washington, DC
TESTER,Piper Companies,Washington, DC
QA - Dynamics 365 Tester,"Quadrant, Inc.",Washington, DC
Penetration Tester (Mid to Senior),Accenture,Washington, DC
Penetration Tester (Mid to Senior),Accenture,Washington, DC
"Automated Tester, Mid",Booz Allen Hamilton,Washington, DC
Penetration Tester (Mid to Senior),Accenture,Washington, DC
"Automated Tester, Mid",Booz Allen Hamilton,Washington, DC
Database Security Tester,Booz Allen Hamilton,Washington, DC
Penetration Tester (Mid to Senior),Accenture,Washington, DC
"Automated Tester, Mid",Booz Allen Hamilton,Washington, DC
Database Security Tester,Booz Allen Hamilton,Washington, DC
Salesforce QA Contract,Calibro Corp.,Washington, DC
Penetration Tester (Mid to Senior),Accenture,Washington, DC
"Automated Tester, Mid",Booz Allen Hamilton,Washington, DC
Database Security Tester,Booz Allen Hamilton,Washington, DC
Salesforce QA Contract,Calibro Corp.,Washington, DC
"Tester, Mid with Security Clearance",ClearanceJobs,Washington, DC
Penetration Tester (Mid to Senior),Accenture,Washington, DC
"Automated Tester, Mid",Booz Allen Hamilton,Washington, DC
Database Security Tester,Booz Allen Hamilton,Washington, DC
Salesforce QA Contract,Calibro Corp.,Washington, DC
"Tester, Mid with Security Clearance",ClearanceJobs,Washington, DC
Tester with Security Clearance,ClearanceJobs,Washington, DC
Penetration Tester (Mid to Senior),Accenture,Washington, DC
"Automated Tester, Mid",Booz Allen Hamilton,Washington, DC
Database Security Tester,Booz Allen Hamilton,Washington, DC
Salesforce QA Contract,Calibro Corp.,Washington, DC
"Tester, Mid with Security Clearance",ClearanceJobs,Washington, DC
Tester with Security Clearance,ClearanceJobs,Washington, DC
Microsoft Office 365 Test Engineer with Security Clearance,ClearanceJobs,Washington, DC
Penetration Tester (Mid to Senior),Accenture,Washington, DC
"Automated Tester, Mid",Booz Allen Hamilton,Washington, DC
Database Security Tester,Booz Allen Hamilton,Washington, DC
Salesforce QA Contract,Calibro Corp.,Washington, DC
"Tester, Mid with Security Clearance",ClearanceJobs,Washington, DC
Tester with Security Clearance,ClearanceJobs,Washington, DC
Microsoft Office 365 Test Engineer with Security Clearance,ClearanceJobs,Washington, DC
508 Developer Tester with Security Clearance,ClearanceJobs,Washington, DC
Penetration Tester (Mid to Senior),Accenture,Washington, DC
"Automated Tester, Mid",Booz Allen Hamilton,Washington, DC
Database Security Tester,Booz Allen Hamilton,Washington, DC
Salesforce QA Contract,Calibro Corp.,Washington, DC
"Tester, Mid with Security Clearance",ClearanceJobs,Washington, DC
Tester with Security Clearance,ClearanceJobs,Washington, DC
Microsoft Office 365 Test Engineer with Security Clearance,ClearanceJobs,Washington, DC
508 Developer Tester with Security Clearance,ClearanceJobs,Washington, DC
"Automated Tester, Mid with Security Clearance",ClearanceJobs,Washington, DC
Penetration Tester (Mid to Senior),Accenture,Washington, DC
"Automated Tester, Mid",Booz Allen Hamilton,Washington, DC
Database Security Tester,Booz Allen Hamilton,Washington, DC
Salesforce QA Contract,Calibro Corp.,Washington, DC
"Tester, Mid with Security Clearance",ClearanceJobs,Washington, DC
Tester with Security Clearance,ClearanceJobs,Washington, DC
Microsoft Office 365 Test Engineer with Security Clearance,ClearanceJobs,Washington, DC
508 Developer Tester with Security Clearance,ClearanceJobs,Washington, DC
"Automated Tester, Mid with Security Clearance",ClearanceJobs,Washington, DC
Database Security Tester with Security Clearance,ClearanceJobs,Washington, DC
Penetration Tester (Mid to Senior),Accenture,Washington, DC
"Automated Tester, Mid",Booz Allen Hamilton,Washington, DC
Database Security Tester,Booz Allen Hamilton,Washington, DC
Salesforce QA Contract,Calibro Corp.,Washington, DC
"Tester, Mid with Security Clearance",ClearanceJobs,Washington, DC
Tester with Security Clearance,ClearanceJobs,Washington, DC
Microsoft Office 365 Test Engineer with Security Clearance,ClearanceJobs,Washington, DC
508 Developer Tester with Security Clearance,ClearanceJobs,Washington, DC
"Automated Tester, Mid with Security Clearance",ClearanceJobs,Washington, DC
Database Security Tester with Security Clearance,ClearanceJobs,Washington, DC
Cyber Security Developer/Tester with Security Clearance,ClearanceJobs,Washington, DC
Penetration Tester (Mid to Senior),Accenture,Washington, DC
"Automated Tester, Mid",Booz Allen Hamilton,Washington, DC
Database Security Tester,Booz Allen Hamilton,Washington, DC
Salesforce QA Contract,Calibro Corp.,Washington, DC
"Tester, Mid with Security Clearance",ClearanceJobs,Washington, DC
Tester with Security Clearance,ClearanceJobs,Washington, DC
Microsoft Office 365 Test Engineer with Security Clearance,ClearanceJobs,Washington, DC
508 Developer Tester with Security Clearance,ClearanceJobs,Washington, DC
"Automated Tester, Mid with Security Clearance",ClearanceJobs,Washington, DC
Database Security Tester with Security Clearance,ClearanceJobs,Washington, DC
Cyber Security Developer/Tester with Security Clearance,ClearanceJobs,Washington, DC
ServiceNow Engineer/Tester,"Crystal Management, LLC",Washington, DC
Penetration Tester (Mid to Senior),Accenture,Washington, DC
"Automated Tester, Mid",Booz Allen Hamilton,Washington, DC
Database Security Tester,Booz Allen Hamilton,Washington, DC
Salesforce QA Contract,Calibro Corp.,Washington, DC
"Tester, Mid with Security Clearance",ClearanceJobs,Washington, DC
Tester with Security Clearance,ClearanceJobs,Washington, DC
Microsoft Office 365 Test Engineer with Security Clearance,ClearanceJobs,Washington, DC
508 Developer Tester with Security Clearance,ClearanceJobs,Washington, DC
"Automated Tester, Mid with Security Clearance",ClearanceJobs,Washington, DC
Database Security Tester with Security Clearance,ClearanceJobs,Washington, DC
Cyber Security Developer/Tester with Security Clearance,ClearanceJobs,Washington, DC
ServiceNow Engineer/Tester,"Crystal Management, LLC",Washington, DC
837 EDI Tester,Dice,Washington, DC
Penetration Tester (Mid to Senior),Accenture,Washington, DC
"Automated Tester, Mid",Booz Allen Hamilton,Washington, DC
Database Security Tester,Booz Allen Hamilton,Washington, DC
Salesforce QA Contract,Calibro Corp.,Washington, DC
"Tester, Mid with Security Clearance",ClearanceJobs,Washington, DC
Tester with Security Clearance,ClearanceJobs,Washington, DC
Microsoft Office 365 Test Engineer with Security Clearance,ClearanceJobs,Washington, DC
508 Developer Tester with Security Clearance,ClearanceJobs,Washington, DC
"Automated Tester, Mid with Security Clearance",ClearanceJobs,Washington, DC
Database Security Tester with Security Clearance,ClearanceJobs,Washington, DC
Cyber Security Developer/Tester with Security Clearance,ClearanceJobs,Washington, DC
ServiceNow Engineer/Tester,"Crystal Management, LLC",Washington, DC
837 EDI Tester,Dice,Washington, DC
Automated Tester,Expedite Technology Solutions LLC,Washington, DC
Penetration Tester (Mid to Senior),Accenture,Washington, DC
"Automated Tester, Mid",Booz Allen Hamilton,Washington, DC
Database Security Tester,Booz Allen Hamilton,Washington, DC
Salesforce QA Contract,Calibro Corp.,Washington, DC
"Tester, Mid with Security Clearance",ClearanceJobs,Washington, DC
Tester with Security Clearance,ClearanceJobs,Washington, DC
Microsoft Office 365 Test Engineer with Security Clearance,ClearanceJobs,Washington, DC
508 Developer Tester with Security Clearance,ClearanceJobs,Washington, DC
"Automated Tester, Mid with Security Clearance",ClearanceJobs,Washington, DC
Database Security Tester with Security Clearance,ClearanceJobs,Washington, DC
Cyber Security Developer/Tester with Security Clearance,ClearanceJobs,Washington, DC
ServiceNow Engineer/Tester,"Crystal Management, LLC",Washington, DC
837 EDI Tester,Dice,Washington, DC
Automated Tester,Expedite Technology Solutions LLC,Washington, DC
Integration Tester,Expedite Technology Solutions LLC,Washington, DC
Penetration Tester (Mid to Senior),Accenture,Washington, DC
"Automated Tester, Mid",Booz Allen Hamilton,Washington, DC
Database Security Tester,Booz Allen Hamilton,Washington, DC
Salesforce QA Contract,Calibro Corp.,Washington, DC
"Tester, Mid with Security Clearance",ClearanceJobs,Washington, DC
Tester with Security Clearance,ClearanceJobs,Washington, DC
Microsoft Office 365 Test Engineer with Security Clearance,ClearanceJobs,Washington, DC
508 Developer Tester with Security Clearance,ClearanceJobs,Washington, DC
"Automated Tester, Mid with Security Clearance",ClearanceJobs,Washington, DC
Database Security Tester with Security Clearance,ClearanceJobs,Washington, DC
Cyber Security Developer/Tester with Security Clearance,ClearanceJobs,Washington, DC
ServiceNow Engineer/Tester,"Crystal Management, LLC",Washington, DC
837 EDI Tester,Dice,Washington, DC
Automated Tester,Expedite Technology Solutions LLC,Washington, DC
Integration Tester,Expedite Technology Solutions LLC,Washington, DC
Tester Journeyman,GovCIO,Washington, DC
Penetration Tester (Mid to Senior),Accenture,Washington, DC
"Automated Tester, Mid",Booz Allen Hamilton,Washington, DC
Database Security Tester,Booz Allen Hamilton,Washington, DC
Salesforce QA Contract,Calibro Corp.,Washington, DC
"Tester, Mid with Security Clearance",ClearanceJobs,Washington, DC
Tester with Security Clearance,ClearanceJobs,Washington, DC
Microsoft Office 365 Test Engineer with Security Clearance,ClearanceJobs,Washington, DC
508 Developer Tester with Security Clearance,ClearanceJobs,Washington, DC
"Automated Tester, Mid with Security Clearance",ClearanceJobs,Washington, DC
Database Security Tester with Security Clearance,ClearanceJobs,Washington, DC
Cyber Security Developer/Tester with Security Clearance,ClearanceJobs,Washington, DC
ServiceNow Engineer/Tester,"Crystal Management, LLC",Washington, DC
837 EDI Tester,Dice,Washington, DC
Automated Tester,Expedite Technology Solutions LLC,Washington, DC
Integration Tester,Expedite Technology Solutions LLC,Washington, DC
Tester Journeyman,GovCIO,Washington, DC
QA Tester,IdeaCrew,Washington, DC
Penetration Tester (Mid to Senior),Accenture,Washington, DC
"Automated Tester, Mid",Booz Allen Hamilton,Washington, DC
Database Security Tester,Booz Allen Hamilton,Washington, DC
Salesforce QA Contract,Calibro Corp.,Washington, DC
"Tester, Mid with Security Clearance",ClearanceJobs,Washington, DC
Tester with Security Clearance,ClearanceJobs,Washington, DC
Microsoft Office 365 Test Engineer with Security Clearance,ClearanceJobs,Washington, DC
508 Developer Tester with Security Clearance,ClearanceJobs,Washington, DC
"Automated Tester, Mid with Security Clearance",ClearanceJobs,Washington, DC
Database Security Tester with Security Clearance,ClearanceJobs,Washington, DC
Cyber Security Developer/Tester with Security Clearance,ClearanceJobs,Washington, DC
ServiceNow Engineer/Tester,"Crystal Management, LLC",Washington, DC
837 EDI Tester,Dice,Washington, DC
Automated Tester,Expedite Technology Solutions LLC,Washington, DC
Integration Tester,Expedite Technology Solutions LLC,Washington, DC
Tester Journeyman,GovCIO,Washington, DC
QA Tester,IdeaCrew,Washington, DC
508 Developer Tester,ManTech,Washington, DC
Penetration Tester (Mid to Senior),Accenture,Washington, DC
"Automated Tester, Mid",Booz Allen Hamilton,Washington, DC
Database Security Tester,Booz Allen Hamilton,Washington, DC
Salesforce QA Contract,Calibro Corp.,Washington, DC
"Tester, Mid with Security Clearance",ClearanceJobs,Washington, DC
Tester with Security Clearance,ClearanceJobs,Washington, DC
Microsoft Office 365 Test Engineer with Security Clearance,ClearanceJobs,Washington, DC
508 Developer Tester with Security Clearance,ClearanceJobs,Washington, DC
"Automated Tester, Mid with Security Clearance",ClearanceJobs,Washington, DC
Database Security Tester with Security Clearance,ClearanceJobs,Washington, DC
Cyber Security Developer/Tester with Security Clearance,ClearanceJobs,Washington, DC
ServiceNow Engineer/Tester,"Crystal Management, LLC",Washington, DC
837 EDI Tester,Dice,Washington, DC
Automated Tester,Expedite Technology Solutions LLC,Washington, DC
Integration Tester,Expedite Technology Solutions LLC,Washington, DC
Tester Journeyman,GovCIO,Washington, DC
QA Tester,IdeaCrew,Washington, DC
508 Developer Tester,ManTech,Washington, DC
508 Developer/Tester,ManTech,Washington, DC
Penetration Tester (Mid to Senior),Accenture,Washington, DC
"Automated Tester, Mid",Booz Allen Hamilton,Washington, DC
Database Security Tester,Booz Allen Hamilton,Washington, DC
Salesforce QA Contract,Calibro Corp.,Washington, DC
"Tester, Mid with Security Clearance",ClearanceJobs,Washington, DC
Tester with Security Clearance,ClearanceJobs,Washington, DC
Microsoft Office 365 Test Engineer with Security Clearance,ClearanceJobs,Washington, DC
508 Developer Tester with Security Clearance,ClearanceJobs,Washington, DC
"Automated Tester, Mid with Security Clearance",ClearanceJobs,Washington, DC
Database Security Tester with Security Clearance,ClearanceJobs,Washington, DC
Cyber Security Developer/Tester with Security Clearance,ClearanceJobs,Washington, DC
ServiceNow Engineer/Tester,"Crystal Management, LLC",Washington, DC
837 EDI Tester,Dice,Washington, DC
Automated Tester,Expedite Technology Solutions LLC,Washington, DC
Integration Tester,Expedite Technology Solutions LLC,Washington, DC
Tester Journeyman,GovCIO,Washington, DC
QA Tester,IdeaCrew,Washington, DC
508 Developer Tester,ManTech,Washington, DC
508 Developer/Tester,ManTech,Washington, DC
Cyber Security Developer/Tester,ManTech,Washington, DC
Penetration Tester (Mid to Senior),Accenture,Washington, DC
"Automated Tester, Mid",Booz Allen Hamilton,Washington, DC
Database Security Tester,Booz Allen Hamilton,Washington, DC
Salesforce QA Contract,Calibro Corp.,Washington, DC
"Tester, Mid with Security Clearance",ClearanceJobs,Washington, DC
Tester with Security Clearance,ClearanceJobs,Washington, DC
Microsoft Office 365 Test Engineer with Security Clearance,ClearanceJobs,Washington, DC
508 Developer Tester with Security Clearance,ClearanceJobs,Washington, DC
"Automated Tester, Mid with Security Clearance",ClearanceJobs,Washington, DC
Database Security Tester with Security Clearance,ClearanceJobs,Washington, DC
Cyber Security Developer/Tester with Security Clearance,ClearanceJobs,Washington, DC
ServiceNow Engineer/Tester,"Crystal Management, LLC",Washington, DC
837 EDI Tester,Dice,Washington, DC
Automated Tester,Expedite Technology Solutions LLC,Washington, DC
Integration Tester,Expedite Technology Solutions LLC,Washington, DC
Tester Journeyman,GovCIO,Washington, DC
QA Tester,IdeaCrew,Washington, DC
508 Developer Tester,ManTech,Washington, DC
508 Developer/Tester,ManTech,Washington, DC
Cyber Security Developer/Tester,ManTech,Washington, DC
QA Software Tester,PharmDLive Overview,Washington, DC
Penetration Tester (Mid to Senior),Accenture,Washington, DC
"Automated Tester, Mid",Booz Allen Hamilton,Washington, DC
Database Security Tester,Booz Allen Hamilton,Washington, DC
Salesforce QA Contract,Calibro Corp.,Washington, DC
"Tester, Mid with Security Clearance",ClearanceJobs,Washington, DC
Tester with Security Clearance,ClearanceJobs,Washington, DC
Microsoft Office 365 Test Engineer with Security Clearance,ClearanceJobs,Washington, DC
508 Developer Tester with Security Clearance,ClearanceJobs,Washington, DC
"Automated Tester, Mid with Security Clearance",ClearanceJobs,Washington, DC
Database Security Tester with Security Clearance,ClearanceJobs,Washington, DC
Cyber Security Developer/Tester with Security Clearance,ClearanceJobs,Washington, DC
ServiceNow Engineer/Tester,"Crystal Management, LLC",Washington, DC
837 EDI Tester,Dice,Washington, DC
Automated Tester,Expedite Technology Solutions LLC,Washington, DC
Integration Tester,Expedite Technology Solutions LLC,Washington, DC
Tester Journeyman,GovCIO,Washington, DC
QA Tester,IdeaCrew,Washington, DC
508 Developer Tester,ManTech,Washington, DC
508 Developer/Tester,ManTech,Washington, DC
Cyber Security Developer/Tester,ManTech,Washington, DC
QA Software Tester,PharmDLive Overview,Washington, DC
TESTER,Piper Companies,Washington, DC
Penetration Tester (Mid to Senior),Accenture,Washington, DC
"Automated Tester, Mid",Booz Allen Hamilton,Washington, DC
Database Security Tester,Booz Allen Hamilton,Washington, DC
Salesforce QA Contract,Calibro Corp.,Washington, DC
"Tester, Mid with Security Clearance",ClearanceJobs,Washington, DC
Tester with Security Clearance,ClearanceJobs,Washington, DC
Microsoft Office 365 Test Engineer with Security Clearance,ClearanceJobs,Washington, DC
508 Developer Tester with Security Clearance,ClearanceJobs,Washington, DC
"Automated Tester, Mid with Security Clearance",ClearanceJobs,Washington, DC
Database Security Tester with Security Clearance,ClearanceJobs,Washington, DC
Cyber Security Developer/Tester with Security Clearance,ClearanceJobs,Washington, DC
ServiceNow Engineer/Tester,"Crystal Management, LLC",Washington, DC
837 EDI Tester,Dice,Washington, DC
Automated Tester,Expedite Technology Solutions LLC,Washington, DC
Integration Tester,Expedite Technology Solutions LLC,Washington, DC
Tester Journeyman,GovCIO,Washington, DC
QA Tester,IdeaCrew,Washington, DC
508 Developer Tester,ManTech,Washington, DC
508 Developer/Tester,ManTech,Washington, DC
Cyber Security Developer/Tester,ManTech,Washington, DC
QA Software Tester,PharmDLive Overview,Washington, DC
TESTER,Piper Companies,Washington, DC
QA - Dynamics 365 Tester,"Quadrant, Inc.",Washington, DC
