Manual QA Tester,Ledgent Technology,Boca Raton, FL
Manual QA Tester,Ledgent Technology,Boca Raton, FL
Manual Quality Assurance Tester,Robert Half,Boca Raton, FL
Manual QA Tester,Ledgent Technology,Boca Raton, FL
Manual Quality Assurance Tester,Robert Half,Boca Raton, FL
Assembler/Tester A,"Arete Technologies, Inc.",Jacksonville, FL
Manual QA Tester,Ledgent Technology,Boca Raton, FL
Manual Quality Assurance Tester,Robert Half,Boca Raton, FL
Assembler/Tester A,"Arete Technologies, Inc.",Jacksonville, FL
Assembler/Tester B,Belcan,Jacksonville, FL
Manual QA Tester,Ledgent Technology,Boca Raton, FL
Manual Quality Assurance Tester,Robert Half,Boca Raton, FL
Assembler/Tester A,"Arete Technologies, Inc.",Jacksonville, FL
Assembler/Tester B,Belcan,Jacksonville, FL
Electronics Tester,Sensible Recycling,Jacksonville, FL
Manual QA Tester,Ledgent Technology,Boca Raton, FL
Manual Quality Assurance Tester,Robert Half,Boca Raton, FL
Assembler/Tester A,"Arete Technologies, Inc.",Jacksonville, FL
Assembler/Tester B,Belcan,Jacksonville, FL
Electronics Tester,Sensible Recycling,Jacksonville, FL
Remote Manual Tester (Backend/SQL),"Software Guidance & Assistance, Inc. (SGA, Inc.)",Jacksonville, FL
Manual QA Tester,Ledgent Technology,Boca Raton, FL
Manual Quality Assurance Tester,Robert Half,Boca Raton, FL
Assembler/Tester A,"Arete Technologies, Inc.",Jacksonville, FL
Assembler/Tester B,Belcan,Jacksonville, FL
Electronics Tester,Sensible Recycling,Jacksonville, FL
Remote Manual Tester (Backend/SQL),"Software Guidance & Assistance, Inc. (SGA, Inc.)",Jacksonville, FL
QA Tester,SecureNet,Lake Mary, FL
Manual QA Tester,Ledgent Technology,Boca Raton, FL
Manual Quality Assurance Tester,Robert Half,Boca Raton, FL
Assembler/Tester A,"Arete Technologies, Inc.",Jacksonville, FL
Assembler/Tester B,Belcan,Jacksonville, FL
Electronics Tester,Sensible Recycling,Jacksonville, FL
Remote Manual Tester (Backend/SQL),"Software Guidance & Assistance, Inc. (SGA, Inc.)",Jacksonville, FL
QA Tester,SecureNet,Lake Mary, FL
QA Tester,SecureNet Technologies,Lake Mary, FL
Manual QA Tester,Ledgent Technology,Boca Raton, FL
Manual Quality Assurance Tester,Robert Half,Boca Raton, FL
Assembler/Tester A,"Arete Technologies, Inc.",Jacksonville, FL
Assembler/Tester B,Belcan,Jacksonville, FL
Electronics Tester,Sensible Recycling,Jacksonville, FL
Remote Manual Tester (Backend/SQL),"Software Guidance & Assistance, Inc. (SGA, Inc.)",Jacksonville, FL
QA Tester,SecureNet,Lake Mary, FL
QA Tester,SecureNet Technologies,Lake Mary, FL
QA Tester,Robert Half,Lakeland, FL
Manual QA Tester,Ledgent Technology,Boca Raton, FL
Manual Quality Assurance Tester,Robert Half,Boca Raton, FL
Assembler/Tester A,"Arete Technologies, Inc.",Jacksonville, FL
Assembler/Tester B,Belcan,Jacksonville, FL
Electronics Tester,Sensible Recycling,Jacksonville, FL
Remote Manual Tester (Backend/SQL),"Software Guidance & Assistance, Inc. (SGA, Inc.)",Jacksonville, FL
QA Tester,SecureNet,Lake Mary, FL
QA Tester,SecureNet Technologies,Lake Mary, FL
QA Tester,Robert Half,Lakeland, FL
QA Tester,Arete Global - Recruiting Excellence,Longwood, FL
Manual QA Tester,Ledgent Technology,Boca Raton, FL
Manual Quality Assurance Tester,Robert Half,Boca Raton, FL
Assembler/Tester A,"Arete Technologies, Inc.",Jacksonville, FL
Assembler/Tester B,Belcan,Jacksonville, FL
Electronics Tester,Sensible Recycling,Jacksonville, FL
Remote Manual Tester (Backend/SQL),"Software Guidance & Assistance, Inc. (SGA, Inc.)",Jacksonville, FL
QA Tester,SecureNet,Lake Mary, FL
QA Tester,SecureNet Technologies,Lake Mary, FL
QA Tester,Robert Half,Lakeland, FL
QA Tester,Arete Global - Recruiting Excellence,Longwood, FL
Software Test Engineer,Liberty IT Solutions,Melbourne, FL
Manual QA Tester,Ledgent Technology,Boca Raton, FL
Manual Quality Assurance Tester,Robert Half,Boca Raton, FL
Assembler/Tester A,"Arete Technologies, Inc.",Jacksonville, FL
Assembler/Tester B,Belcan,Jacksonville, FL
Electronics Tester,Sensible Recycling,Jacksonville, FL
Remote Manual Tester (Backend/SQL),"Software Guidance & Assistance, Inc. (SGA, Inc.)",Jacksonville, FL
QA Tester,SecureNet,Lake Mary, FL
QA Tester,SecureNet Technologies,Lake Mary, FL
QA Tester,Robert Half,Lakeland, FL
QA Tester,Arete Global - Recruiting Excellence,Longwood, FL
Software Test Engineer,Liberty IT Solutions,Melbourne, FL
Test Engineer,Liberty IT Solutions,Melbourne, FL
Manual QA Tester,Ledgent Technology,Boca Raton, FL
Manual Quality Assurance Tester,Robert Half,Boca Raton, FL
Assembler/Tester A,"Arete Technologies, Inc.",Jacksonville, FL
Assembler/Tester B,Belcan,Jacksonville, FL
Electronics Tester,Sensible Recycling,Jacksonville, FL
Remote Manual Tester (Backend/SQL),"Software Guidance & Assistance, Inc. (SGA, Inc.)",Jacksonville, FL
QA Tester,SecureNet,Lake Mary, FL
QA Tester,SecureNet Technologies,Lake Mary, FL
QA Tester,Robert Half,Lakeland, FL
QA Tester,Arete Global - Recruiting Excellence,Longwood, FL
Software Test Engineer,Liberty IT Solutions,Melbourne, FL
Test Engineer,Liberty IT Solutions,Melbourne, FL
Mid Test Engineer - Salesforce,Liberty IT Solutions,Melbourne, FL
Manual QA Tester,Ledgent Technology,Boca Raton, FL
Manual Quality Assurance Tester,Robert Half,Boca Raton, FL
Assembler/Tester A,"Arete Technologies, Inc.",Jacksonville, FL
Assembler/Tester B,Belcan,Jacksonville, FL
Electronics Tester,Sensible Recycling,Jacksonville, FL
Remote Manual Tester (Backend/SQL),"Software Guidance & Assistance, Inc. (SGA, Inc.)",Jacksonville, FL
QA Tester,SecureNet,Lake Mary, FL
QA Tester,SecureNet Technologies,Lake Mary, FL
QA Tester,Robert Half,Lakeland, FL
QA Tester,Arete Global - Recruiting Excellence,Longwood, FL
Software Test Engineer,Liberty IT Solutions,Melbourne, FL
Test Engineer,Liberty IT Solutions,Melbourne, FL
Mid Test Engineer - Salesforce,Liberty IT Solutions,Melbourne, FL
Penetration Tester (Mid to Senior),Accenture,Miami, FL
Manual QA Tester,Ledgent Technology,Boca Raton, FL
Manual Quality Assurance Tester,Robert Half,Boca Raton, FL
Assembler/Tester A,"Arete Technologies, Inc.",Jacksonville, FL
Assembler/Tester B,Belcan,Jacksonville, FL
Electronics Tester,Sensible Recycling,Jacksonville, FL
Remote Manual Tester (Backend/SQL),"Software Guidance & Assistance, Inc. (SGA, Inc.)",Jacksonville, FL
QA Tester,SecureNet,Lake Mary, FL
QA Tester,SecureNet Technologies,Lake Mary, FL
QA Tester,Robert Half,Lakeland, FL
QA Tester,Arete Global - Recruiting Excellence,Longwood, FL
Software Test Engineer,Liberty IT Solutions,Melbourne, FL
Test Engineer,Liberty IT Solutions,Melbourne, FL
Mid Test Engineer - Salesforce,Liberty IT Solutions,Melbourne, FL
Penetration Tester (Mid to Senior),Accenture,Miami, FL
QA Tester,Blue Ocean Ventures,Miami, FL
Manual QA Tester,Ledgent Technology,Boca Raton, FL
Manual Quality Assurance Tester,Robert Half,Boca Raton, FL
Assembler/Tester A,"Arete Technologies, Inc.",Jacksonville, FL
Assembler/Tester B,Belcan,Jacksonville, FL
Electronics Tester,Sensible Recycling,Jacksonville, FL
Remote Manual Tester (Backend/SQL),"Software Guidance & Assistance, Inc. (SGA, Inc.)",Jacksonville, FL
QA Tester,SecureNet,Lake Mary, FL
QA Tester,SecureNet Technologies,Lake Mary, FL
QA Tester,Robert Half,Lakeland, FL
QA Tester,Arete Global - Recruiting Excellence,Longwood, FL
Software Test Engineer,Liberty IT Solutions,Melbourne, FL
Test Engineer,Liberty IT Solutions,Melbourne, FL
Mid Test Engineer - Salesforce,Liberty IT Solutions,Melbourne, FL
Penetration Tester (Mid to Senior),Accenture,Miami, FL
QA Tester,Blue Ocean Ventures,Miami, FL
Penetration Tester (Mid to Senior),Accenture,Orlando, FL
Manual QA Tester,Ledgent Technology,Boca Raton, FL
Manual Quality Assurance Tester,Robert Half,Boca Raton, FL
Assembler/Tester A,"Arete Technologies, Inc.",Jacksonville, FL
Assembler/Tester B,Belcan,Jacksonville, FL
Electronics Tester,Sensible Recycling,Jacksonville, FL
Remote Manual Tester (Backend/SQL),"Software Guidance & Assistance, Inc. (SGA, Inc.)",Jacksonville, FL
QA Tester,SecureNet,Lake Mary, FL
QA Tester,SecureNet Technologies,Lake Mary, FL
QA Tester,Robert Half,Lakeland, FL
QA Tester,Arete Global - Recruiting Excellence,Longwood, FL
Software Test Engineer,Liberty IT Solutions,Melbourne, FL
Test Engineer,Liberty IT Solutions,Melbourne, FL
Mid Test Engineer - Salesforce,Liberty IT Solutions,Melbourne, FL
Penetration Tester (Mid to Senior),Accenture,Miami, FL
QA Tester,Blue Ocean Ventures,Miami, FL
Penetration Tester (Mid to Senior),Accenture,Orlando, FL
QA Tester,Career Staffing,Orlando, FL
Manual QA Tester,Ledgent Technology,Boca Raton, FL
Manual Quality Assurance Tester,Robert Half,Boca Raton, FL
Assembler/Tester A,"Arete Technologies, Inc.",Jacksonville, FL
Assembler/Tester B,Belcan,Jacksonville, FL
Electronics Tester,Sensible Recycling,Jacksonville, FL
Remote Manual Tester (Backend/SQL),"Software Guidance & Assistance, Inc. (SGA, Inc.)",Jacksonville, FL
QA Tester,SecureNet,Lake Mary, FL
QA Tester,SecureNet Technologies,Lake Mary, FL
QA Tester,Robert Half,Lakeland, FL
QA Tester,Arete Global - Recruiting Excellence,Longwood, FL
Software Test Engineer,Liberty IT Solutions,Melbourne, FL
Test Engineer,Liberty IT Solutions,Melbourne, FL
Mid Test Engineer - Salesforce,Liberty IT Solutions,Melbourne, FL
Penetration Tester (Mid to Senior),Accenture,Miami, FL
QA Tester,Blue Ocean Ventures,Miami, FL
Penetration Tester (Mid to Senior),Accenture,Orlando, FL
QA Tester,Career Staffing,Orlando, FL
Software QA Engineer,Sabre Corporation,Orlando, FL
Manual QA Tester,Ledgent Technology,Boca Raton, FL
Manual Quality Assurance Tester,Robert Half,Boca Raton, FL
Assembler/Tester A,"Arete Technologies, Inc.",Jacksonville, FL
Assembler/Tester B,Belcan,Jacksonville, FL
Electronics Tester,Sensible Recycling,Jacksonville, FL
Remote Manual Tester (Backend/SQL),"Software Guidance & Assistance, Inc. (SGA, Inc.)",Jacksonville, FL
QA Tester,SecureNet,Lake Mary, FL
QA Tester,SecureNet Technologies,Lake Mary, FL
QA Tester,Robert Half,Lakeland, FL
QA Tester,Arete Global - Recruiting Excellence,Longwood, FL
Software Test Engineer,Liberty IT Solutions,Melbourne, FL
Test Engineer,Liberty IT Solutions,Melbourne, FL
Mid Test Engineer - Salesforce,Liberty IT Solutions,Melbourne, FL
Penetration Tester (Mid to Senior),Accenture,Miami, FL
QA Tester,Blue Ocean Ventures,Miami, FL
Penetration Tester (Mid to Senior),Accenture,Orlando, FL
QA Tester,Career Staffing,Orlando, FL
Software QA Engineer,Sabre Corporation,Orlando, FL
A/B Tester,TEKsystems,Orlando, FL
Manual QA Tester,Ledgent Technology,Boca Raton, FL
Manual Quality Assurance Tester,Robert Half,Boca Raton, FL
Assembler/Tester A,"Arete Technologies, Inc.",Jacksonville, FL
Assembler/Tester B,Belcan,Jacksonville, FL
Electronics Tester,Sensible Recycling,Jacksonville, FL
Remote Manual Tester (Backend/SQL),"Software Guidance & Assistance, Inc. (SGA, Inc.)",Jacksonville, FL
QA Tester,SecureNet,Lake Mary, FL
QA Tester,SecureNet Technologies,Lake Mary, FL
QA Tester,Robert Half,Lakeland, FL
QA Tester,Arete Global - Recruiting Excellence,Longwood, FL
Software Test Engineer,Liberty IT Solutions,Melbourne, FL
Test Engineer,Liberty IT Solutions,Melbourne, FL
Mid Test Engineer - Salesforce,Liberty IT Solutions,Melbourne, FL
Penetration Tester (Mid to Senior),Accenture,Miami, FL
QA Tester,Blue Ocean Ventures,Miami, FL
Penetration Tester (Mid to Senior),Accenture,Orlando, FL
QA Tester,Career Staffing,Orlando, FL
Software QA Engineer,Sabre Corporation,Orlando, FL
A/B Tester,TEKsystems,Orlando, FL
QA Engineer and Tester with Security Clearance,ClearanceJobs,Patrick AFB, FL
Manual QA Tester,Ledgent Technology,Boca Raton, FL
Manual Quality Assurance Tester,Robert Half,Boca Raton, FL
Assembler/Tester A,"Arete Technologies, Inc.",Jacksonville, FL
Assembler/Tester B,Belcan,Jacksonville, FL
Electronics Tester,Sensible Recycling,Jacksonville, FL
Remote Manual Tester (Backend/SQL),"Software Guidance & Assistance, Inc. (SGA, Inc.)",Jacksonville, FL
QA Tester,SecureNet,Lake Mary, FL
QA Tester,SecureNet Technologies,Lake Mary, FL
QA Tester,Robert Half,Lakeland, FL
QA Tester,Arete Global - Recruiting Excellence,Longwood, FL
Software Test Engineer,Liberty IT Solutions,Melbourne, FL
Test Engineer,Liberty IT Solutions,Melbourne, FL
Mid Test Engineer - Salesforce,Liberty IT Solutions,Melbourne, FL
Penetration Tester (Mid to Senior),Accenture,Miami, FL
QA Tester,Blue Ocean Ventures,Miami, FL
Penetration Tester (Mid to Senior),Accenture,Orlando, FL
QA Tester,Career Staffing,Orlando, FL
Software QA Engineer,Sabre Corporation,Orlando, FL
A/B Tester,TEKsystems,Orlando, FL
QA Engineer and Tester with Security Clearance,ClearanceJobs,Patrick AFB, FL
QA Engineer and Tester,General Dynamics Information Technology,Patrick AFB, FL
Manual QA Tester,Ledgent Technology,Boca Raton, FL
Manual Quality Assurance Tester,Robert Half,Boca Raton, FL
Assembler/Tester A,"Arete Technologies, Inc.",Jacksonville, FL
Assembler/Tester B,Belcan,Jacksonville, FL
Electronics Tester,Sensible Recycling,Jacksonville, FL
Remote Manual Tester (Backend/SQL),"Software Guidance & Assistance, Inc. (SGA, Inc.)",Jacksonville, FL
QA Tester,SecureNet,Lake Mary, FL
QA Tester,SecureNet Technologies,Lake Mary, FL
QA Tester,Robert Half,Lakeland, FL
QA Tester,Arete Global - Recruiting Excellence,Longwood, FL
Software Test Engineer,Liberty IT Solutions,Melbourne, FL
Test Engineer,Liberty IT Solutions,Melbourne, FL
Mid Test Engineer - Salesforce,Liberty IT Solutions,Melbourne, FL
Penetration Tester (Mid to Senior),Accenture,Miami, FL
QA Tester,Blue Ocean Ventures,Miami, FL
Penetration Tester (Mid to Senior),Accenture,Orlando, FL
QA Tester,Career Staffing,Orlando, FL
Software QA Engineer,Sabre Corporation,Orlando, FL
A/B Tester,TEKsystems,Orlando, FL
QA Engineer and Tester with Security Clearance,ClearanceJobs,Patrick AFB, FL
QA Engineer and Tester,General Dynamics Information Technology,Patrick AFB, FL
Penetration Tester (Mid to Senior),Accenture,St Petersburg, FL
Manual QA Tester,Ledgent Technology,Boca Raton, FL
Manual Quality Assurance Tester,Robert Half,Boca Raton, FL
Assembler/Tester A,"Arete Technologies, Inc.",Jacksonville, FL
Assembler/Tester B,Belcan,Jacksonville, FL
Electronics Tester,Sensible Recycling,Jacksonville, FL
Remote Manual Tester (Backend/SQL),"Software Guidance & Assistance, Inc. (SGA, Inc.)",Jacksonville, FL
QA Tester,SecureNet,Lake Mary, FL
QA Tester,SecureNet Technologies,Lake Mary, FL
QA Tester,Robert Half,Lakeland, FL
QA Tester,Arete Global - Recruiting Excellence,Longwood, FL
Software Test Engineer,Liberty IT Solutions,Melbourne, FL
Test Engineer,Liberty IT Solutions,Melbourne, FL
Mid Test Engineer - Salesforce,Liberty IT Solutions,Melbourne, FL
Penetration Tester (Mid to Senior),Accenture,Miami, FL
QA Tester,Blue Ocean Ventures,Miami, FL
Penetration Tester (Mid to Senior),Accenture,Orlando, FL
QA Tester,Career Staffing,Orlando, FL
Software QA Engineer,Sabre Corporation,Orlando, FL
A/B Tester,TEKsystems,Orlando, FL
QA Engineer and Tester with Security Clearance,ClearanceJobs,Patrick AFB, FL
QA Engineer and Tester,General Dynamics Information Technology,Patrick AFB, FL
Penetration Tester (Mid to Senior),Accenture,St Petersburg, FL
Tester I - 1st Shift,Jabil,St Petersburg, FL
Manual QA Tester,Ledgent Technology,Boca Raton, FL
Manual Quality Assurance Tester,Robert Half,Boca Raton, FL
Assembler/Tester A,"Arete Technologies, Inc.",Jacksonville, FL
Assembler/Tester B,Belcan,Jacksonville, FL
Electronics Tester,Sensible Recycling,Jacksonville, FL
Remote Manual Tester (Backend/SQL),"Software Guidance & Assistance, Inc. (SGA, Inc.)",Jacksonville, FL
QA Tester,SecureNet,Lake Mary, FL
QA Tester,SecureNet Technologies,Lake Mary, FL
QA Tester,Robert Half,Lakeland, FL
QA Tester,Arete Global - Recruiting Excellence,Longwood, FL
Software Test Engineer,Liberty IT Solutions,Melbourne, FL
Test Engineer,Liberty IT Solutions,Melbourne, FL
Mid Test Engineer - Salesforce,Liberty IT Solutions,Melbourne, FL
Penetration Tester (Mid to Senior),Accenture,Miami, FL
QA Tester,Blue Ocean Ventures,Miami, FL
Penetration Tester (Mid to Senior),Accenture,Orlando, FL
QA Tester,Career Staffing,Orlando, FL
Software QA Engineer,Sabre Corporation,Orlando, FL
A/B Tester,TEKsystems,Orlando, FL
QA Engineer and Tester with Security Clearance,ClearanceJobs,Patrick AFB, FL
QA Engineer and Tester,General Dynamics Information Technology,Patrick AFB, FL
Penetration Tester (Mid to Senior),Accenture,St Petersburg, FL
Tester I - 1st Shift,Jabil,St Petersburg, FL
Penetration Tester (Mid to Senior),Accenture,Tallahassee, FL
Manual QA Tester,Ledgent Technology,Boca Raton, FL
Manual Quality Assurance Tester,Robert Half,Boca Raton, FL
Assembler/Tester A,"Arete Technologies, Inc.",Jacksonville, FL
Assembler/Tester B,Belcan,Jacksonville, FL
Electronics Tester,Sensible Recycling,Jacksonville, FL
Remote Manual Tester (Backend/SQL),"Software Guidance & Assistance, Inc. (SGA, Inc.)",Jacksonville, FL
QA Tester,SecureNet,Lake Mary, FL
QA Tester,SecureNet Technologies,Lake Mary, FL
QA Tester,Robert Half,Lakeland, FL
QA Tester,Arete Global - Recruiting Excellence,Longwood, FL
Software Test Engineer,Liberty IT Solutions,Melbourne, FL
Test Engineer,Liberty IT Solutions,Melbourne, FL
Mid Test Engineer - Salesforce,Liberty IT Solutions,Melbourne, FL
Penetration Tester (Mid to Senior),Accenture,Miami, FL
QA Tester,Blue Ocean Ventures,Miami, FL
Penetration Tester (Mid to Senior),Accenture,Orlando, FL
QA Tester,Career Staffing,Orlando, FL
Software QA Engineer,Sabre Corporation,Orlando, FL
A/B Tester,TEKsystems,Orlando, FL
QA Engineer and Tester with Security Clearance,ClearanceJobs,Patrick AFB, FL
QA Engineer and Tester,General Dynamics Information Technology,Patrick AFB, FL
Penetration Tester (Mid to Senior),Accenture,St Petersburg, FL
Tester I - 1st Shift,Jabil,St Petersburg, FL
Penetration Tester (Mid to Senior),Accenture,Tallahassee, FL
Salesforce Quality Assurance Tester - REMOTE - $100-115K,Mason Frank International,Tallahassee, FL
Manual QA Tester,Ledgent Technology,Boca Raton, FL
Manual Quality Assurance Tester,Robert Half,Boca Raton, FL
Assembler/Tester A,"Arete Technologies, Inc.",Jacksonville, FL
Assembler/Tester B,Belcan,Jacksonville, FL
Electronics Tester,Sensible Recycling,Jacksonville, FL
Remote Manual Tester (Backend/SQL),"Software Guidance & Assistance, Inc. (SGA, Inc.)",Jacksonville, FL
QA Tester,SecureNet,Lake Mary, FL
QA Tester,SecureNet Technologies,Lake Mary, FL
QA Tester,Robert Half,Lakeland, FL
QA Tester,Arete Global - Recruiting Excellence,Longwood, FL
Software Test Engineer,Liberty IT Solutions,Melbourne, FL
Test Engineer,Liberty IT Solutions,Melbourne, FL
Mid Test Engineer - Salesforce,Liberty IT Solutions,Melbourne, FL
Penetration Tester (Mid to Senior),Accenture,Miami, FL
QA Tester,Blue Ocean Ventures,Miami, FL
Penetration Tester (Mid to Senior),Accenture,Orlando, FL
QA Tester,Career Staffing,Orlando, FL
Software QA Engineer,Sabre Corporation,Orlando, FL
A/B Tester,TEKsystems,Orlando, FL
QA Engineer and Tester with Security Clearance,ClearanceJobs,Patrick AFB, FL
QA Engineer and Tester,General Dynamics Information Technology,Patrick AFB, FL
Penetration Tester (Mid to Senior),Accenture,St Petersburg, FL
Tester I - 1st Shift,Jabil,St Petersburg, FL
Penetration Tester (Mid to Senior),Accenture,Tallahassee, FL
Salesforce Quality Assurance Tester - REMOTE - $100-115K,Mason Frank International,Tallahassee, FL
QA Tester,Alvarez & Marsal,Tampa, FL
Manual QA Tester,Ledgent Technology,Boca Raton, FL
Manual Quality Assurance Tester,Robert Half,Boca Raton, FL
Assembler/Tester A,"Arete Technologies, Inc.",Jacksonville, FL
Assembler/Tester B,Belcan,Jacksonville, FL
Electronics Tester,Sensible Recycling,Jacksonville, FL
Remote Manual Tester (Backend/SQL),"Software Guidance & Assistance, Inc. (SGA, Inc.)",Jacksonville, FL
QA Tester,SecureNet,Lake Mary, FL
QA Tester,SecureNet Technologies,Lake Mary, FL
QA Tester,Robert Half,Lakeland, FL
QA Tester,Arete Global - Recruiting Excellence,Longwood, FL
Software Test Engineer,Liberty IT Solutions,Melbourne, FL
Test Engineer,Liberty IT Solutions,Melbourne, FL
Mid Test Engineer - Salesforce,Liberty IT Solutions,Melbourne, FL
Penetration Tester (Mid to Senior),Accenture,Miami, FL
QA Tester,Blue Ocean Ventures,Miami, FL
Penetration Tester (Mid to Senior),Accenture,Orlando, FL
QA Tester,Career Staffing,Orlando, FL
Software QA Engineer,Sabre Corporation,Orlando, FL
A/B Tester,TEKsystems,Orlando, FL
QA Engineer and Tester with Security Clearance,ClearanceJobs,Patrick AFB, FL
QA Engineer and Tester,General Dynamics Information Technology,Patrick AFB, FL
Penetration Tester (Mid to Senior),Accenture,St Petersburg, FL
Tester I - 1st Shift,Jabil,St Petersburg, FL
Penetration Tester (Mid to Senior),Accenture,Tallahassee, FL
Salesforce Quality Assurance Tester - REMOTE - $100-115K,Mason Frank International,Tallahassee, FL
QA Tester,Alvarez & Marsal,Tampa, FL
"Analyst, Quality Assurance Tester",Career Staffing,Tampa, FL
Manual QA Tester,Ledgent Technology,Boca Raton, FL
Manual Quality Assurance Tester,Robert Half,Boca Raton, FL
Assembler/Tester A,"Arete Technologies, Inc.",Jacksonville, FL
Assembler/Tester B,Belcan,Jacksonville, FL
Electronics Tester,Sensible Recycling,Jacksonville, FL
Remote Manual Tester (Backend/SQL),"Software Guidance & Assistance, Inc. (SGA, Inc.)",Jacksonville, FL
QA Tester,SecureNet,Lake Mary, FL
QA Tester,SecureNet Technologies,Lake Mary, FL
QA Tester,Robert Half,Lakeland, FL
QA Tester,Arete Global - Recruiting Excellence,Longwood, FL
Software Test Engineer,Liberty IT Solutions,Melbourne, FL
Test Engineer,Liberty IT Solutions,Melbourne, FL
Mid Test Engineer - Salesforce,Liberty IT Solutions,Melbourne, FL
Penetration Tester (Mid to Senior),Accenture,Miami, FL
QA Tester,Blue Ocean Ventures,Miami, FL
Penetration Tester (Mid to Senior),Accenture,Orlando, FL
QA Tester,Career Staffing,Orlando, FL
Software QA Engineer,Sabre Corporation,Orlando, FL
A/B Tester,TEKsystems,Orlando, FL
QA Engineer and Tester with Security Clearance,ClearanceJobs,Patrick AFB, FL
QA Engineer and Tester,General Dynamics Information Technology,Patrick AFB, FL
Penetration Tester (Mid to Senior),Accenture,St Petersburg, FL
Tester I - 1st Shift,Jabil,St Petersburg, FL
Penetration Tester (Mid to Senior),Accenture,Tallahassee, FL
Salesforce Quality Assurance Tester - REMOTE - $100-115K,Mason Frank International,Tallahassee, FL
QA Tester,Alvarez & Marsal,Tampa, FL
"Analyst, Quality Assurance Tester",Career Staffing,Tampa, FL
Jr. QA Manual Tester - Onsite,Dice,Tampa, FL
Manual QA Tester,Ledgent Technology,Boca Raton, FL
Manual Quality Assurance Tester,Robert Half,Boca Raton, FL
Assembler/Tester A,"Arete Technologies, Inc.",Jacksonville, FL
Assembler/Tester B,Belcan,Jacksonville, FL
Electronics Tester,Sensible Recycling,Jacksonville, FL
Remote Manual Tester (Backend/SQL),"Software Guidance & Assistance, Inc. (SGA, Inc.)",Jacksonville, FL
QA Tester,SecureNet,Lake Mary, FL
QA Tester,SecureNet Technologies,Lake Mary, FL
QA Tester,Robert Half,Lakeland, FL
QA Tester,Arete Global - Recruiting Excellence,Longwood, FL
Software Test Engineer,Liberty IT Solutions,Melbourne, FL
Test Engineer,Liberty IT Solutions,Melbourne, FL
Mid Test Engineer - Salesforce,Liberty IT Solutions,Melbourne, FL
Penetration Tester (Mid to Senior),Accenture,Miami, FL
QA Tester,Blue Ocean Ventures,Miami, FL
Penetration Tester (Mid to Senior),Accenture,Orlando, FL
QA Tester,Career Staffing,Orlando, FL
Software QA Engineer,Sabre Corporation,Orlando, FL
A/B Tester,TEKsystems,Orlando, FL
QA Engineer and Tester with Security Clearance,ClearanceJobs,Patrick AFB, FL
QA Engineer and Tester,General Dynamics Information Technology,Patrick AFB, FL
Penetration Tester (Mid to Senior),Accenture,St Petersburg, FL
Tester I - 1st Shift,Jabil,St Petersburg, FL
Penetration Tester (Mid to Senior),Accenture,Tallahassee, FL
Salesforce Quality Assurance Tester - REMOTE - $100-115K,Mason Frank International,Tallahassee, FL
QA Tester,Alvarez & Marsal,Tampa, FL
"Analyst, Quality Assurance Tester",Career Staffing,Tampa, FL
Jr. QA Manual Tester - Onsite,Dice,Tampa, FL
QA Analyst/UAT Tester,Experis,Tampa, FL
Manual QA Tester,Ledgent Technology,Boca Raton, FL
Manual Quality Assurance Tester,Robert Half,Boca Raton, FL
Assembler/Tester A,"Arete Technologies, Inc.",Jacksonville, FL
Assembler/Tester B,Belcan,Jacksonville, FL
Electronics Tester,Sensible Recycling,Jacksonville, FL
Remote Manual Tester (Backend/SQL),"Software Guidance & Assistance, Inc. (SGA, Inc.)",Jacksonville, FL
QA Tester,SecureNet,Lake Mary, FL
QA Tester,SecureNet Technologies,Lake Mary, FL
QA Tester,Robert Half,Lakeland, FL
QA Tester,Arete Global - Recruiting Excellence,Longwood, FL
Software Test Engineer,Liberty IT Solutions,Melbourne, FL
Test Engineer,Liberty IT Solutions,Melbourne, FL
Mid Test Engineer - Salesforce,Liberty IT Solutions,Melbourne, FL
Penetration Tester (Mid to Senior),Accenture,Miami, FL
QA Tester,Blue Ocean Ventures,Miami, FL
Penetration Tester (Mid to Senior),Accenture,Orlando, FL
QA Tester,Career Staffing,Orlando, FL
Software QA Engineer,Sabre Corporation,Orlando, FL
A/B Tester,TEKsystems,Orlando, FL
QA Engineer and Tester with Security Clearance,ClearanceJobs,Patrick AFB, FL
QA Engineer and Tester,General Dynamics Information Technology,Patrick AFB, FL
Penetration Tester (Mid to Senior),Accenture,St Petersburg, FL
Tester I - 1st Shift,Jabil,St Petersburg, FL
Penetration Tester (Mid to Senior),Accenture,Tallahassee, FL
Salesforce Quality Assurance Tester - REMOTE - $100-115K,Mason Frank International,Tallahassee, FL
QA Tester,Alvarez & Marsal,Tampa, FL
"Analyst, Quality Assurance Tester",Career Staffing,Tampa, FL
Jr. QA Manual Tester - Onsite,Dice,Tampa, FL
QA Analyst/UAT Tester,Experis,Tampa, FL
QA Analyst Tester,"InvestCloud, Inc.",Tampa, FL
Manual QA Tester,Ledgent Technology,Boca Raton, FL
Manual Quality Assurance Tester,Robert Half,Boca Raton, FL
Assembler/Tester A,"Arete Technologies, Inc.",Jacksonville, FL
Assembler/Tester B,Belcan,Jacksonville, FL
Electronics Tester,Sensible Recycling,Jacksonville, FL
Remote Manual Tester (Backend/SQL),"Software Guidance & Assistance, Inc. (SGA, Inc.)",Jacksonville, FL
QA Tester,SecureNet,Lake Mary, FL
QA Tester,SecureNet Technologies,Lake Mary, FL
QA Tester,Robert Half,Lakeland, FL
QA Tester,Arete Global - Recruiting Excellence,Longwood, FL
Software Test Engineer,Liberty IT Solutions,Melbourne, FL
Test Engineer,Liberty IT Solutions,Melbourne, FL
Mid Test Engineer - Salesforce,Liberty IT Solutions,Melbourne, FL
Penetration Tester (Mid to Senior),Accenture,Miami, FL
QA Tester,Blue Ocean Ventures,Miami, FL
Penetration Tester (Mid to Senior),Accenture,Orlando, FL
QA Tester,Career Staffing,Orlando, FL
Software QA Engineer,Sabre Corporation,Orlando, FL
A/B Tester,TEKsystems,Orlando, FL
QA Engineer and Tester with Security Clearance,ClearanceJobs,Patrick AFB, FL
QA Engineer and Tester,General Dynamics Information Technology,Patrick AFB, FL
Penetration Tester (Mid to Senior),Accenture,St Petersburg, FL
Tester I - 1st Shift,Jabil,St Petersburg, FL
Penetration Tester (Mid to Senior),Accenture,Tallahassee, FL
Salesforce Quality Assurance Tester - REMOTE - $100-115K,Mason Frank International,Tallahassee, FL
QA Tester,Alvarez & Marsal,Tampa, FL
"Analyst, Quality Assurance Tester",Career Staffing,Tampa, FL
Jr. QA Manual Tester - Onsite,Dice,Tampa, FL
QA Analyst/UAT Tester,Experis,Tampa, FL
QA Analyst Tester,"InvestCloud, Inc.",Tampa, FL
ICT FCT Tester,Kimball Electronics,Tampa, FL
Manual QA Tester,Ledgent Technology,Boca Raton, FL
Manual Quality Assurance Tester,Robert Half,Boca Raton, FL
Assembler/Tester A,"Arete Technologies, Inc.",Jacksonville, FL
Assembler/Tester B,Belcan,Jacksonville, FL
Electronics Tester,Sensible Recycling,Jacksonville, FL
Remote Manual Tester (Backend/SQL),"Software Guidance & Assistance, Inc. (SGA, Inc.)",Jacksonville, FL
QA Tester,SecureNet,Lake Mary, FL
QA Tester,SecureNet Technologies,Lake Mary, FL
QA Tester,Robert Half,Lakeland, FL
QA Tester,Arete Global - Recruiting Excellence,Longwood, FL
Software Test Engineer,Liberty IT Solutions,Melbourne, FL
Test Engineer,Liberty IT Solutions,Melbourne, FL
Mid Test Engineer - Salesforce,Liberty IT Solutions,Melbourne, FL
Penetration Tester (Mid to Senior),Accenture,Miami, FL
QA Tester,Blue Ocean Ventures,Miami, FL
Penetration Tester (Mid to Senior),Accenture,Orlando, FL
QA Tester,Career Staffing,Orlando, FL
Software QA Engineer,Sabre Corporation,Orlando, FL
A/B Tester,TEKsystems,Orlando, FL
QA Engineer and Tester with Security Clearance,ClearanceJobs,Patrick AFB, FL
QA Engineer and Tester,General Dynamics Information Technology,Patrick AFB, FL
Penetration Tester (Mid to Senior),Accenture,St Petersburg, FL
Tester I - 1st Shift,Jabil,St Petersburg, FL
Penetration Tester (Mid to Senior),Accenture,Tallahassee, FL
Salesforce Quality Assurance Tester - REMOTE - $100-115K,Mason Frank International,Tallahassee, FL
QA Tester,Alvarez & Marsal,Tampa, FL
"Analyst, Quality Assurance Tester",Career Staffing,Tampa, FL
Jr. QA Manual Tester - Onsite,Dice,Tampa, FL
QA Analyst/UAT Tester,Experis,Tampa, FL
QA Analyst Tester,"InvestCloud, Inc.",Tampa, FL
ICT FCT Tester,Kimball Electronics,Tampa, FL
ICT FCT Tester (2nd shift),Kimball Electronics,Tampa, FL
Manual QA Tester,Ledgent Technology,Boca Raton, FL
Manual Quality Assurance Tester,Robert Half,Boca Raton, FL
Assembler/Tester A,"Arete Technologies, Inc.",Jacksonville, FL
Assembler/Tester B,Belcan,Jacksonville, FL
Electronics Tester,Sensible Recycling,Jacksonville, FL
Remote Manual Tester (Backend/SQL),"Software Guidance & Assistance, Inc. (SGA, Inc.)",Jacksonville, FL
QA Tester,SecureNet,Lake Mary, FL
QA Tester,SecureNet Technologies,Lake Mary, FL
QA Tester,Robert Half,Lakeland, FL
QA Tester,Arete Global - Recruiting Excellence,Longwood, FL
Software Test Engineer,Liberty IT Solutions,Melbourne, FL
Test Engineer,Liberty IT Solutions,Melbourne, FL
Mid Test Engineer - Salesforce,Liberty IT Solutions,Melbourne, FL
Penetration Tester (Mid to Senior),Accenture,Miami, FL
QA Tester,Blue Ocean Ventures,Miami, FL
Penetration Tester (Mid to Senior),Accenture,Orlando, FL
QA Tester,Career Staffing,Orlando, FL
Software QA Engineer,Sabre Corporation,Orlando, FL
A/B Tester,TEKsystems,Orlando, FL
QA Engineer and Tester with Security Clearance,ClearanceJobs,Patrick AFB, FL
QA Engineer and Tester,General Dynamics Information Technology,Patrick AFB, FL
Penetration Tester (Mid to Senior),Accenture,St Petersburg, FL
Tester I - 1st Shift,Jabil,St Petersburg, FL
Penetration Tester (Mid to Senior),Accenture,Tallahassee, FL
Salesforce Quality Assurance Tester - REMOTE - $100-115K,Mason Frank International,Tallahassee, FL
QA Tester,Alvarez & Marsal,Tampa, FL
"Analyst, Quality Assurance Tester",Career Staffing,Tampa, FL
Jr. QA Manual Tester - Onsite,Dice,Tampa, FL
QA Analyst/UAT Tester,Experis,Tampa, FL
QA Analyst Tester,"InvestCloud, Inc.",Tampa, FL
ICT FCT Tester,Kimball Electronics,Tampa, FL
ICT FCT Tester (2nd shift),Kimball Electronics,Tampa, FL
Jr. QA Manual Tester - Onsite,"PSR Associates, Inc.",Tampa, FL
Manual QA Tester,Ledgent Technology,Boca Raton, FL
Manual Quality Assurance Tester,Robert Half,Boca Raton, FL
Assembler/Tester A,"Arete Technologies, Inc.",Jacksonville, FL
Assembler/Tester B,Belcan,Jacksonville, FL
Electronics Tester,Sensible Recycling,Jacksonville, FL
Remote Manual Tester (Backend/SQL),"Software Guidance & Assistance, Inc. (SGA, Inc.)",Jacksonville, FL
QA Tester,SecureNet,Lake Mary, FL
QA Tester,SecureNet Technologies,Lake Mary, FL
QA Tester,Robert Half,Lakeland, FL
QA Tester,Arete Global - Recruiting Excellence,Longwood, FL
Software Test Engineer,Liberty IT Solutions,Melbourne, FL
Test Engineer,Liberty IT Solutions,Melbourne, FL
Mid Test Engineer - Salesforce,Liberty IT Solutions,Melbourne, FL
Penetration Tester (Mid to Senior),Accenture,Miami, FL
QA Tester,Blue Ocean Ventures,Miami, FL
Penetration Tester (Mid to Senior),Accenture,Orlando, FL
QA Tester,Career Staffing,Orlando, FL
Software QA Engineer,Sabre Corporation,Orlando, FL
A/B Tester,TEKsystems,Orlando, FL
QA Engineer and Tester with Security Clearance,ClearanceJobs,Patrick AFB, FL
QA Engineer and Tester,General Dynamics Information Technology,Patrick AFB, FL
Penetration Tester (Mid to Senior),Accenture,St Petersburg, FL
Tester I - 1st Shift,Jabil,St Petersburg, FL
Penetration Tester (Mid to Senior),Accenture,Tallahassee, FL
Salesforce Quality Assurance Tester - REMOTE - $100-115K,Mason Frank International,Tallahassee, FL
QA Tester,Alvarez & Marsal,Tampa, FL
"Analyst, Quality Assurance Tester",Career Staffing,Tampa, FL
Jr. QA Manual Tester - Onsite,Dice,Tampa, FL
QA Analyst/UAT Tester,Experis,Tampa, FL
QA Analyst Tester,"InvestCloud, Inc.",Tampa, FL
ICT FCT Tester,Kimball Electronics,Tampa, FL
ICT FCT Tester (2nd shift),Kimball Electronics,Tampa, FL
Jr. QA Manual Tester - Onsite,"PSR Associates, Inc.",Tampa, FL
Workday Tester,"Software Guidance & Assistance, Inc. (SGA, Inc.)",Tampa, FL
Manual QA Tester,Ledgent Technology,Boca Raton, FL
Manual QA Tester,Ledgent Technology,Boca Raton, FL
Manual Quality Assurance Tester,Robert Half,Boca Raton, FL
Manual QA Tester,Ledgent Technology,Boca Raton, FL
Manual Quality Assurance Tester,Robert Half,Boca Raton, FL
Assembler/Tester A,"Arete Technologies, Inc.",Jacksonville, FL
Manual QA Tester,Ledgent Technology,Boca Raton, FL
Manual Quality Assurance Tester,Robert Half,Boca Raton, FL
Assembler/Tester A,"Arete Technologies, Inc.",Jacksonville, FL
Assembler/Tester B,Belcan,Jacksonville, FL
Manual QA Tester,Ledgent Technology,Boca Raton, FL
Manual Quality Assurance Tester,Robert Half,Boca Raton, FL
Assembler/Tester A,"Arete Technologies, Inc.",Jacksonville, FL
Assembler/Tester B,Belcan,Jacksonville, FL
Electronics Tester,Sensible Recycling,Jacksonville, FL
Manual QA Tester,Ledgent Technology,Boca Raton, FL
Manual Quality Assurance Tester,Robert Half,Boca Raton, FL
Assembler/Tester A,"Arete Technologies, Inc.",Jacksonville, FL
Assembler/Tester B,Belcan,Jacksonville, FL
Electronics Tester,Sensible Recycling,Jacksonville, FL
Remote Manual Tester (Backend/SQL),"Software Guidance & Assistance, Inc. (SGA, Inc.)",Jacksonville, FL
Manual QA Tester,Ledgent Technology,Boca Raton, FL
Manual Quality Assurance Tester,Robert Half,Boca Raton, FL
Assembler/Tester A,"Arete Technologies, Inc.",Jacksonville, FL
Assembler/Tester B,Belcan,Jacksonville, FL
Electronics Tester,Sensible Recycling,Jacksonville, FL
Remote Manual Tester (Backend/SQL),"Software Guidance & Assistance, Inc. (SGA, Inc.)",Jacksonville, FL
QA Tester,SecureNet,Lake Mary, FL
Manual QA Tester,Ledgent Technology,Boca Raton, FL
Manual Quality Assurance Tester,Robert Half,Boca Raton, FL
Assembler/Tester A,"Arete Technologies, Inc.",Jacksonville, FL
Assembler/Tester B,Belcan,Jacksonville, FL
Electronics Tester,Sensible Recycling,Jacksonville, FL
Remote Manual Tester (Backend/SQL),"Software Guidance & Assistance, Inc. (SGA, Inc.)",Jacksonville, FL
QA Tester,SecureNet,Lake Mary, FL
QA Tester,SecureNet Technologies,Lake Mary, FL
Manual QA Tester,Ledgent Technology,Boca Raton, FL
Manual Quality Assurance Tester,Robert Half,Boca Raton, FL
Assembler/Tester A,"Arete Technologies, Inc.",Jacksonville, FL
Assembler/Tester B,Belcan,Jacksonville, FL
Electronics Tester,Sensible Recycling,Jacksonville, FL
Remote Manual Tester (Backend/SQL),"Software Guidance & Assistance, Inc. (SGA, Inc.)",Jacksonville, FL
QA Tester,SecureNet,Lake Mary, FL
QA Tester,SecureNet Technologies,Lake Mary, FL
QA Tester,Robert Half,Lakeland, FL
Manual QA Tester,Ledgent Technology,Boca Raton, FL
Manual Quality Assurance Tester,Robert Half,Boca Raton, FL
Assembler/Tester A,"Arete Technologies, Inc.",Jacksonville, FL
Assembler/Tester B,Belcan,Jacksonville, FL
Electronics Tester,Sensible Recycling,Jacksonville, FL
Remote Manual Tester (Backend/SQL),"Software Guidance & Assistance, Inc. (SGA, Inc.)",Jacksonville, FL
QA Tester,SecureNet,Lake Mary, FL
QA Tester,SecureNet Technologies,Lake Mary, FL
QA Tester,Robert Half,Lakeland, FL
QA Tester,Arete Global - Recruiting Excellence,Longwood, FL
Manual QA Tester,Ledgent Technology,Boca Raton, FL
Manual Quality Assurance Tester,Robert Half,Boca Raton, FL
Assembler/Tester A,"Arete Technologies, Inc.",Jacksonville, FL
Assembler/Tester B,Belcan,Jacksonville, FL
Electronics Tester,Sensible Recycling,Jacksonville, FL
Remote Manual Tester (Backend/SQL),"Software Guidance & Assistance, Inc. (SGA, Inc.)",Jacksonville, FL
QA Tester,SecureNet,Lake Mary, FL
QA Tester,SecureNet Technologies,Lake Mary, FL
QA Tester,Robert Half,Lakeland, FL
QA Tester,Arete Global - Recruiting Excellence,Longwood, FL
Software Test Engineer,Liberty IT Solutions,Melbourne, FL
Manual QA Tester,Ledgent Technology,Boca Raton, FL
Manual Quality Assurance Tester,Robert Half,Boca Raton, FL
Assembler/Tester A,"Arete Technologies, Inc.",Jacksonville, FL
Assembler/Tester B,Belcan,Jacksonville, FL
Electronics Tester,Sensible Recycling,Jacksonville, FL
Remote Manual Tester (Backend/SQL),"Software Guidance & Assistance, Inc. (SGA, Inc.)",Jacksonville, FL
QA Tester,SecureNet,Lake Mary, FL
QA Tester,SecureNet Technologies,Lake Mary, FL
QA Tester,Robert Half,Lakeland, FL
QA Tester,Arete Global - Recruiting Excellence,Longwood, FL
Software Test Engineer,Liberty IT Solutions,Melbourne, FL
Test Engineer,Liberty IT Solutions,Melbourne, FL
Manual QA Tester,Ledgent Technology,Boca Raton, FL
Manual Quality Assurance Tester,Robert Half,Boca Raton, FL
Assembler/Tester A,"Arete Technologies, Inc.",Jacksonville, FL
Assembler/Tester B,Belcan,Jacksonville, FL
Electronics Tester,Sensible Recycling,Jacksonville, FL
Remote Manual Tester (Backend/SQL),"Software Guidance & Assistance, Inc. (SGA, Inc.)",Jacksonville, FL
QA Tester,SecureNet,Lake Mary, FL
QA Tester,SecureNet Technologies,Lake Mary, FL
QA Tester,Robert Half,Lakeland, FL
QA Tester,Arete Global - Recruiting Excellence,Longwood, FL
Software Test Engineer,Liberty IT Solutions,Melbourne, FL
Test Engineer,Liberty IT Solutions,Melbourne, FL
Mid Test Engineer - Salesforce,Liberty IT Solutions,Melbourne, FL
Manual QA Tester,Ledgent Technology,Boca Raton, FL
Manual Quality Assurance Tester,Robert Half,Boca Raton, FL
Assembler/Tester A,"Arete Technologies, Inc.",Jacksonville, FL
Assembler/Tester B,Belcan,Jacksonville, FL
Electronics Tester,Sensible Recycling,Jacksonville, FL
Remote Manual Tester (Backend/SQL),"Software Guidance & Assistance, Inc. (SGA, Inc.)",Jacksonville, FL
QA Tester,SecureNet,Lake Mary, FL
QA Tester,SecureNet Technologies,Lake Mary, FL
QA Tester,Robert Half,Lakeland, FL
QA Tester,Arete Global - Recruiting Excellence,Longwood, FL
Software Test Engineer,Liberty IT Solutions,Melbourne, FL
Test Engineer,Liberty IT Solutions,Melbourne, FL
Mid Test Engineer - Salesforce,Liberty IT Solutions,Melbourne, FL
Penetration Tester (Mid to Senior),Accenture,Miami, FL
Manual QA Tester,Ledgent Technology,Boca Raton, FL
Manual Quality Assurance Tester,Robert Half,Boca Raton, FL
Assembler/Tester A,"Arete Technologies, Inc.",Jacksonville, FL
Assembler/Tester B,Belcan,Jacksonville, FL
Electronics Tester,Sensible Recycling,Jacksonville, FL
Remote Manual Tester (Backend/SQL),"Software Guidance & Assistance, Inc. (SGA, Inc.)",Jacksonville, FL
QA Tester,SecureNet,Lake Mary, FL
QA Tester,SecureNet Technologies,Lake Mary, FL
QA Tester,Robert Half,Lakeland, FL
QA Tester,Arete Global - Recruiting Excellence,Longwood, FL
Software Test Engineer,Liberty IT Solutions,Melbourne, FL
Test Engineer,Liberty IT Solutions,Melbourne, FL
Mid Test Engineer - Salesforce,Liberty IT Solutions,Melbourne, FL
Penetration Tester (Mid to Senior),Accenture,Miami, FL
QA Tester,Blue Ocean Ventures,Miami, FL
Manual QA Tester,Ledgent Technology,Boca Raton, FL
Manual Quality Assurance Tester,Robert Half,Boca Raton, FL
Assembler/Tester A,"Arete Technologies, Inc.",Jacksonville, FL
Assembler/Tester B,Belcan,Jacksonville, FL
Electronics Tester,Sensible Recycling,Jacksonville, FL
Remote Manual Tester (Backend/SQL),"Software Guidance & Assistance, Inc. (SGA, Inc.)",Jacksonville, FL
QA Tester,SecureNet,Lake Mary, FL
QA Tester,SecureNet Technologies,Lake Mary, FL
QA Tester,Robert Half,Lakeland, FL
QA Tester,Arete Global - Recruiting Excellence,Longwood, FL
Software Test Engineer,Liberty IT Solutions,Melbourne, FL
Test Engineer,Liberty IT Solutions,Melbourne, FL
Mid Test Engineer - Salesforce,Liberty IT Solutions,Melbourne, FL
Penetration Tester (Mid to Senior),Accenture,Miami, FL
QA Tester,Blue Ocean Ventures,Miami, FL
Penetration Tester (Mid to Senior),Accenture,Orlando, FL
Manual QA Tester,Ledgent Technology,Boca Raton, FL
Manual Quality Assurance Tester,Robert Half,Boca Raton, FL
Assembler/Tester A,"Arete Technologies, Inc.",Jacksonville, FL
Assembler/Tester B,Belcan,Jacksonville, FL
Electronics Tester,Sensible Recycling,Jacksonville, FL
Remote Manual Tester (Backend/SQL),"Software Guidance & Assistance, Inc. (SGA, Inc.)",Jacksonville, FL
QA Tester,SecureNet,Lake Mary, FL
QA Tester,SecureNet Technologies,Lake Mary, FL
QA Tester,Robert Half,Lakeland, FL
QA Tester,Arete Global - Recruiting Excellence,Longwood, FL
Software Test Engineer,Liberty IT Solutions,Melbourne, FL
Test Engineer,Liberty IT Solutions,Melbourne, FL
Mid Test Engineer - Salesforce,Liberty IT Solutions,Melbourne, FL
Penetration Tester (Mid to Senior),Accenture,Miami, FL
QA Tester,Blue Ocean Ventures,Miami, FL
Penetration Tester (Mid to Senior),Accenture,Orlando, FL
QA Tester,Career Staffing,Orlando, FL
Manual QA Tester,Ledgent Technology,Boca Raton, FL
Manual Quality Assurance Tester,Robert Half,Boca Raton, FL
Assembler/Tester A,"Arete Technologies, Inc.",Jacksonville, FL
Assembler/Tester B,Belcan,Jacksonville, FL
Electronics Tester,Sensible Recycling,Jacksonville, FL
Remote Manual Tester (Backend/SQL),"Software Guidance & Assistance, Inc. (SGA, Inc.)",Jacksonville, FL
QA Tester,SecureNet,Lake Mary, FL
QA Tester,SecureNet Technologies,Lake Mary, FL
QA Tester,Robert Half,Lakeland, FL
QA Tester,Arete Global - Recruiting Excellence,Longwood, FL
Software Test Engineer,Liberty IT Solutions,Melbourne, FL
Test Engineer,Liberty IT Solutions,Melbourne, FL
Mid Test Engineer - Salesforce,Liberty IT Solutions,Melbourne, FL
Penetration Tester (Mid to Senior),Accenture,Miami, FL
QA Tester,Blue Ocean Ventures,Miami, FL
Penetration Tester (Mid to Senior),Accenture,Orlando, FL
QA Tester,Career Staffing,Orlando, FL
Software QA Engineer,Sabre Corporation,Orlando, FL
Manual QA Tester,Ledgent Technology,Boca Raton, FL
Manual Quality Assurance Tester,Robert Half,Boca Raton, FL
Assembler/Tester A,"Arete Technologies, Inc.",Jacksonville, FL
Assembler/Tester B,Belcan,Jacksonville, FL
Electronics Tester,Sensible Recycling,Jacksonville, FL
Remote Manual Tester (Backend/SQL),"Software Guidance & Assistance, Inc. (SGA, Inc.)",Jacksonville, FL
QA Tester,SecureNet,Lake Mary, FL
QA Tester,SecureNet Technologies,Lake Mary, FL
QA Tester,Robert Half,Lakeland, FL
QA Tester,Arete Global - Recruiting Excellence,Longwood, FL
Software Test Engineer,Liberty IT Solutions,Melbourne, FL
Test Engineer,Liberty IT Solutions,Melbourne, FL
Mid Test Engineer - Salesforce,Liberty IT Solutions,Melbourne, FL
Penetration Tester (Mid to Senior),Accenture,Miami, FL
QA Tester,Blue Ocean Ventures,Miami, FL
Penetration Tester (Mid to Senior),Accenture,Orlando, FL
QA Tester,Career Staffing,Orlando, FL
Software QA Engineer,Sabre Corporation,Orlando, FL
A/B Tester,TEKsystems,Orlando, FL
Manual QA Tester,Ledgent Technology,Boca Raton, FL
Manual Quality Assurance Tester,Robert Half,Boca Raton, FL
Assembler/Tester A,"Arete Technologies, Inc.",Jacksonville, FL
Assembler/Tester B,Belcan,Jacksonville, FL
Electronics Tester,Sensible Recycling,Jacksonville, FL
Remote Manual Tester (Backend/SQL),"Software Guidance & Assistance, Inc. (SGA, Inc.)",Jacksonville, FL
QA Tester,SecureNet,Lake Mary, FL
QA Tester,SecureNet Technologies,Lake Mary, FL
QA Tester,Robert Half,Lakeland, FL
QA Tester,Arete Global - Recruiting Excellence,Longwood, FL
Software Test Engineer,Liberty IT Solutions,Melbourne, FL
Test Engineer,Liberty IT Solutions,Melbourne, FL
Mid Test Engineer - Salesforce,Liberty IT Solutions,Melbourne, FL
Penetration Tester (Mid to Senior),Accenture,Miami, FL
QA Tester,Blue Ocean Ventures,Miami, FL
Penetration Tester (Mid to Senior),Accenture,Orlando, FL
QA Tester,Career Staffing,Orlando, FL
Software QA Engineer,Sabre Corporation,Orlando, FL
A/B Tester,TEKsystems,Orlando, FL
QA Engineer and Tester with Security Clearance,ClearanceJobs,Patrick AFB, FL
Manual QA Tester,Ledgent Technology,Boca Raton, FL
Manual Quality Assurance Tester,Robert Half,Boca Raton, FL
Assembler/Tester A,"Arete Technologies, Inc.",Jacksonville, FL
Assembler/Tester B,Belcan,Jacksonville, FL
Electronics Tester,Sensible Recycling,Jacksonville, FL
Remote Manual Tester (Backend/SQL),"Software Guidance & Assistance, Inc. (SGA, Inc.)",Jacksonville, FL
QA Tester,SecureNet,Lake Mary, FL
QA Tester,SecureNet Technologies,Lake Mary, FL
QA Tester,Robert Half,Lakeland, FL
QA Tester,Arete Global - Recruiting Excellence,Longwood, FL
Software Test Engineer,Liberty IT Solutions,Melbourne, FL
Test Engineer,Liberty IT Solutions,Melbourne, FL
Mid Test Engineer - Salesforce,Liberty IT Solutions,Melbourne, FL
Penetration Tester (Mid to Senior),Accenture,Miami, FL
QA Tester,Blue Ocean Ventures,Miami, FL
Penetration Tester (Mid to Senior),Accenture,Orlando, FL
QA Tester,Career Staffing,Orlando, FL
Software QA Engineer,Sabre Corporation,Orlando, FL
A/B Tester,TEKsystems,Orlando, FL
QA Engineer and Tester with Security Clearance,ClearanceJobs,Patrick AFB, FL
QA Engineer and Tester,General Dynamics Information Technology,Patrick AFB, FL
Manual QA Tester,Ledgent Technology,Boca Raton, FL
Manual Quality Assurance Tester,Robert Half,Boca Raton, FL
Assembler/Tester A,"Arete Technologies, Inc.",Jacksonville, FL
Assembler/Tester B,Belcan,Jacksonville, FL
Electronics Tester,Sensible Recycling,Jacksonville, FL
Remote Manual Tester (Backend/SQL),"Software Guidance & Assistance, Inc. (SGA, Inc.)",Jacksonville, FL
QA Tester,SecureNet,Lake Mary, FL
QA Tester,SecureNet Technologies,Lake Mary, FL
QA Tester,Robert Half,Lakeland, FL
QA Tester,Arete Global - Recruiting Excellence,Longwood, FL
Software Test Engineer,Liberty IT Solutions,Melbourne, FL
Test Engineer,Liberty IT Solutions,Melbourne, FL
Mid Test Engineer - Salesforce,Liberty IT Solutions,Melbourne, FL
Penetration Tester (Mid to Senior),Accenture,Miami, FL
QA Tester,Blue Ocean Ventures,Miami, FL
Penetration Tester (Mid to Senior),Accenture,Orlando, FL
QA Tester,Career Staffing,Orlando, FL
Software QA Engineer,Sabre Corporation,Orlando, FL
A/B Tester,TEKsystems,Orlando, FL
QA Engineer and Tester with Security Clearance,ClearanceJobs,Patrick AFB, FL
QA Engineer and Tester,General Dynamics Information Technology,Patrick AFB, FL
Penetration Tester (Mid to Senior),Accenture,St Petersburg, FL
Manual QA Tester,Ledgent Technology,Boca Raton, FL
Manual Quality Assurance Tester,Robert Half,Boca Raton, FL
Assembler/Tester A,"Arete Technologies, Inc.",Jacksonville, FL
Assembler/Tester B,Belcan,Jacksonville, FL
Electronics Tester,Sensible Recycling,Jacksonville, FL
Remote Manual Tester (Backend/SQL),"Software Guidance & Assistance, Inc. (SGA, Inc.)",Jacksonville, FL
QA Tester,SecureNet,Lake Mary, FL
QA Tester,SecureNet Technologies,Lake Mary, FL
QA Tester,Robert Half,Lakeland, FL
QA Tester,Arete Global - Recruiting Excellence,Longwood, FL
Software Test Engineer,Liberty IT Solutions,Melbourne, FL
Test Engineer,Liberty IT Solutions,Melbourne, FL
Mid Test Engineer - Salesforce,Liberty IT Solutions,Melbourne, FL
Penetration Tester (Mid to Senior),Accenture,Miami, FL
QA Tester,Blue Ocean Ventures,Miami, FL
Penetration Tester (Mid to Senior),Accenture,Orlando, FL
QA Tester,Career Staffing,Orlando, FL
Software QA Engineer,Sabre Corporation,Orlando, FL
A/B Tester,TEKsystems,Orlando, FL
QA Engineer and Tester with Security Clearance,ClearanceJobs,Patrick AFB, FL
QA Engineer and Tester,General Dynamics Information Technology,Patrick AFB, FL
Penetration Tester (Mid to Senior),Accenture,St Petersburg, FL
Tester I - 1st Shift,Jabil,St Petersburg, FL
Manual QA Tester,Ledgent Technology,Boca Raton, FL
Manual Quality Assurance Tester,Robert Half,Boca Raton, FL
Assembler/Tester A,"Arete Technologies, Inc.",Jacksonville, FL
Assembler/Tester B,Belcan,Jacksonville, FL
Electronics Tester,Sensible Recycling,Jacksonville, FL
Remote Manual Tester (Backend/SQL),"Software Guidance & Assistance, Inc. (SGA, Inc.)",Jacksonville, FL
QA Tester,SecureNet,Lake Mary, FL
QA Tester,SecureNet Technologies,Lake Mary, FL
QA Tester,Robert Half,Lakeland, FL
QA Tester,Arete Global - Recruiting Excellence,Longwood, FL
Software Test Engineer,Liberty IT Solutions,Melbourne, FL
Test Engineer,Liberty IT Solutions,Melbourne, FL
Mid Test Engineer - Salesforce,Liberty IT Solutions,Melbourne, FL
Penetration Tester (Mid to Senior),Accenture,Miami, FL
QA Tester,Blue Ocean Ventures,Miami, FL
Penetration Tester (Mid to Senior),Accenture,Orlando, FL
QA Tester,Career Staffing,Orlando, FL
Software QA Engineer,Sabre Corporation,Orlando, FL
A/B Tester,TEKsystems,Orlando, FL
QA Engineer and Tester with Security Clearance,ClearanceJobs,Patrick AFB, FL
QA Engineer and Tester,General Dynamics Information Technology,Patrick AFB, FL
Penetration Tester (Mid to Senior),Accenture,St Petersburg, FL
Tester I - 1st Shift,Jabil,St Petersburg, FL
Penetration Tester (Mid to Senior),Accenture,Tallahassee, FL
Manual QA Tester,Ledgent Technology,Boca Raton, FL
Manual Quality Assurance Tester,Robert Half,Boca Raton, FL
Assembler/Tester A,"Arete Technologies, Inc.",Jacksonville, FL
Assembler/Tester B,Belcan,Jacksonville, FL
Electronics Tester,Sensible Recycling,Jacksonville, FL
Remote Manual Tester (Backend/SQL),"Software Guidance & Assistance, Inc. (SGA, Inc.)",Jacksonville, FL
QA Tester,SecureNet,Lake Mary, FL
QA Tester,SecureNet Technologies,Lake Mary, FL
QA Tester,Robert Half,Lakeland, FL
QA Tester,Arete Global - Recruiting Excellence,Longwood, FL
Software Test Engineer,Liberty IT Solutions,Melbourne, FL
Test Engineer,Liberty IT Solutions,Melbourne, FL
Mid Test Engineer - Salesforce,Liberty IT Solutions,Melbourne, FL
Penetration Tester (Mid to Senior),Accenture,Miami, FL
QA Tester,Blue Ocean Ventures,Miami, FL
Penetration Tester (Mid to Senior),Accenture,Orlando, FL
QA Tester,Career Staffing,Orlando, FL
Software QA Engineer,Sabre Corporation,Orlando, FL
A/B Tester,TEKsystems,Orlando, FL
QA Engineer and Tester with Security Clearance,ClearanceJobs,Patrick AFB, FL
QA Engineer and Tester,General Dynamics Information Technology,Patrick AFB, FL
Penetration Tester (Mid to Senior),Accenture,St Petersburg, FL
Tester I - 1st Shift,Jabil,St Petersburg, FL
Penetration Tester (Mid to Senior),Accenture,Tallahassee, FL
Salesforce Quality Assurance Tester - REMOTE - $100-115K,Mason Frank International,Tallahassee, FL
Manual QA Tester,Ledgent Technology,Boca Raton, FL
Manual Quality Assurance Tester,Robert Half,Boca Raton, FL
Assembler/Tester A,"Arete Technologies, Inc.",Jacksonville, FL
Assembler/Tester B,Belcan,Jacksonville, FL
Electronics Tester,Sensible Recycling,Jacksonville, FL
Remote Manual Tester (Backend/SQL),"Software Guidance & Assistance, Inc. (SGA, Inc.)",Jacksonville, FL
QA Tester,SecureNet,Lake Mary, FL
QA Tester,SecureNet Technologies,Lake Mary, FL
QA Tester,Robert Half,Lakeland, FL
QA Tester,Arete Global - Recruiting Excellence,Longwood, FL
Software Test Engineer,Liberty IT Solutions,Melbourne, FL
Test Engineer,Liberty IT Solutions,Melbourne, FL
Mid Test Engineer - Salesforce,Liberty IT Solutions,Melbourne, FL
Penetration Tester (Mid to Senior),Accenture,Miami, FL
QA Tester,Blue Ocean Ventures,Miami, FL
Penetration Tester (Mid to Senior),Accenture,Orlando, FL
QA Tester,Career Staffing,Orlando, FL
Software QA Engineer,Sabre Corporation,Orlando, FL
A/B Tester,TEKsystems,Orlando, FL
QA Engineer and Tester with Security Clearance,ClearanceJobs,Patrick AFB, FL
QA Engineer and Tester,General Dynamics Information Technology,Patrick AFB, FL
Penetration Tester (Mid to Senior),Accenture,St Petersburg, FL
Tester I - 1st Shift,Jabil,St Petersburg, FL
Penetration Tester (Mid to Senior),Accenture,Tallahassee, FL
Salesforce Quality Assurance Tester - REMOTE - $100-115K,Mason Frank International,Tallahassee, FL
QA Tester,Alvarez & Marsal,Tampa, FL
Manual QA Tester,Ledgent Technology,Boca Raton, FL
Manual Quality Assurance Tester,Robert Half,Boca Raton, FL
Assembler/Tester A,"Arete Technologies, Inc.",Jacksonville, FL
Assembler/Tester B,Belcan,Jacksonville, FL
Electronics Tester,Sensible Recycling,Jacksonville, FL
Remote Manual Tester (Backend/SQL),"Software Guidance & Assistance, Inc. (SGA, Inc.)",Jacksonville, FL
QA Tester,SecureNet,Lake Mary, FL
QA Tester,SecureNet Technologies,Lake Mary, FL
QA Tester,Robert Half,Lakeland, FL
QA Tester,Arete Global - Recruiting Excellence,Longwood, FL
Software Test Engineer,Liberty IT Solutions,Melbourne, FL
Test Engineer,Liberty IT Solutions,Melbourne, FL
Mid Test Engineer - Salesforce,Liberty IT Solutions,Melbourne, FL
Penetration Tester (Mid to Senior),Accenture,Miami, FL
QA Tester,Blue Ocean Ventures,Miami, FL
Penetration Tester (Mid to Senior),Accenture,Orlando, FL
QA Tester,Career Staffing,Orlando, FL
Software QA Engineer,Sabre Corporation,Orlando, FL
A/B Tester,TEKsystems,Orlando, FL
QA Engineer and Tester with Security Clearance,ClearanceJobs,Patrick AFB, FL
QA Engineer and Tester,General Dynamics Information Technology,Patrick AFB, FL
Penetration Tester (Mid to Senior),Accenture,St Petersburg, FL
Tester I - 1st Shift,Jabil,St Petersburg, FL
Penetration Tester (Mid to Senior),Accenture,Tallahassee, FL
Salesforce Quality Assurance Tester - REMOTE - $100-115K,Mason Frank International,Tallahassee, FL
QA Tester,Alvarez & Marsal,Tampa, FL
"Analyst, Quality Assurance Tester",Career Staffing,Tampa, FL
Manual QA Tester,Ledgent Technology,Boca Raton, FL
Manual Quality Assurance Tester,Robert Half,Boca Raton, FL
Assembler/Tester A,"Arete Technologies, Inc.",Jacksonville, FL
Assembler/Tester B,Belcan,Jacksonville, FL
Electronics Tester,Sensible Recycling,Jacksonville, FL
Remote Manual Tester (Backend/SQL),"Software Guidance & Assistance, Inc. (SGA, Inc.)",Jacksonville, FL
QA Tester,SecureNet,Lake Mary, FL
QA Tester,SecureNet Technologies,Lake Mary, FL
QA Tester,Robert Half,Lakeland, FL
QA Tester,Arete Global - Recruiting Excellence,Longwood, FL
Software Test Engineer,Liberty IT Solutions,Melbourne, FL
Test Engineer,Liberty IT Solutions,Melbourne, FL
Mid Test Engineer - Salesforce,Liberty IT Solutions,Melbourne, FL
Penetration Tester (Mid to Senior),Accenture,Miami, FL
QA Tester,Blue Ocean Ventures,Miami, FL
Penetration Tester (Mid to Senior),Accenture,Orlando, FL
QA Tester,Career Staffing,Orlando, FL
Software QA Engineer,Sabre Corporation,Orlando, FL
A/B Tester,TEKsystems,Orlando, FL
QA Engineer and Tester with Security Clearance,ClearanceJobs,Patrick AFB, FL
QA Engineer and Tester,General Dynamics Information Technology,Patrick AFB, FL
Penetration Tester (Mid to Senior),Accenture,St Petersburg, FL
Tester I - 1st Shift,Jabil,St Petersburg, FL
Penetration Tester (Mid to Senior),Accenture,Tallahassee, FL
Salesforce Quality Assurance Tester - REMOTE - $100-115K,Mason Frank International,Tallahassee, FL
QA Tester,Alvarez & Marsal,Tampa, FL
"Analyst, Quality Assurance Tester",Career Staffing,Tampa, FL
Jr. QA Manual Tester - Onsite,Dice,Tampa, FL
Manual QA Tester,Ledgent Technology,Boca Raton, FL
Manual Quality Assurance Tester,Robert Half,Boca Raton, FL
Assembler/Tester A,"Arete Technologies, Inc.",Jacksonville, FL
Assembler/Tester B,Belcan,Jacksonville, FL
Electronics Tester,Sensible Recycling,Jacksonville, FL
Remote Manual Tester (Backend/SQL),"Software Guidance & Assistance, Inc. (SGA, Inc.)",Jacksonville, FL
QA Tester,SecureNet,Lake Mary, FL
QA Tester,SecureNet Technologies,Lake Mary, FL
QA Tester,Robert Half,Lakeland, FL
QA Tester,Arete Global - Recruiting Excellence,Longwood, FL
Software Test Engineer,Liberty IT Solutions,Melbourne, FL
Test Engineer,Liberty IT Solutions,Melbourne, FL
Mid Test Engineer - Salesforce,Liberty IT Solutions,Melbourne, FL
Penetration Tester (Mid to Senior),Accenture,Miami, FL
QA Tester,Blue Ocean Ventures,Miami, FL
Penetration Tester (Mid to Senior),Accenture,Orlando, FL
QA Tester,Career Staffing,Orlando, FL
Software QA Engineer,Sabre Corporation,Orlando, FL
A/B Tester,TEKsystems,Orlando, FL
QA Engineer and Tester with Security Clearance,ClearanceJobs,Patrick AFB, FL
QA Engineer and Tester,General Dynamics Information Technology,Patrick AFB, FL
Penetration Tester (Mid to Senior),Accenture,St Petersburg, FL
Tester I - 1st Shift,Jabil,St Petersburg, FL
Penetration Tester (Mid to Senior),Accenture,Tallahassee, FL
Salesforce Quality Assurance Tester - REMOTE - $100-115K,Mason Frank International,Tallahassee, FL
QA Tester,Alvarez & Marsal,Tampa, FL
"Analyst, Quality Assurance Tester",Career Staffing,Tampa, FL
Jr. QA Manual Tester - Onsite,Dice,Tampa, FL
QA Analyst/UAT Tester,Experis,Tampa, FL
Manual QA Tester,Ledgent Technology,Boca Raton, FL
Manual Quality Assurance Tester,Robert Half,Boca Raton, FL
Assembler/Tester A,"Arete Technologies, Inc.",Jacksonville, FL
Assembler/Tester B,Belcan,Jacksonville, FL
Electronics Tester,Sensible Recycling,Jacksonville, FL
Remote Manual Tester (Backend/SQL),"Software Guidance & Assistance, Inc. (SGA, Inc.)",Jacksonville, FL
QA Tester,SecureNet,Lake Mary, FL
QA Tester,SecureNet Technologies,Lake Mary, FL
QA Tester,Robert Half,Lakeland, FL
QA Tester,Arete Global - Recruiting Excellence,Longwood, FL
Software Test Engineer,Liberty IT Solutions,Melbourne, FL
Test Engineer,Liberty IT Solutions,Melbourne, FL
Mid Test Engineer - Salesforce,Liberty IT Solutions,Melbourne, FL
Penetration Tester (Mid to Senior),Accenture,Miami, FL
QA Tester,Blue Ocean Ventures,Miami, FL
Penetration Tester (Mid to Senior),Accenture,Orlando, FL
QA Tester,Career Staffing,Orlando, FL
Software QA Engineer,Sabre Corporation,Orlando, FL
A/B Tester,TEKsystems,Orlando, FL
QA Engineer and Tester with Security Clearance,ClearanceJobs,Patrick AFB, FL
QA Engineer and Tester,General Dynamics Information Technology,Patrick AFB, FL
Penetration Tester (Mid to Senior),Accenture,St Petersburg, FL
Tester I - 1st Shift,Jabil,St Petersburg, FL
Penetration Tester (Mid to Senior),Accenture,Tallahassee, FL
Salesforce Quality Assurance Tester - REMOTE - $100-115K,Mason Frank International,Tallahassee, FL
QA Tester,Alvarez & Marsal,Tampa, FL
"Analyst, Quality Assurance Tester",Career Staffing,Tampa, FL
Jr. QA Manual Tester - Onsite,Dice,Tampa, FL
QA Analyst/UAT Tester,Experis,Tampa, FL
QA Analyst Tester,"InvestCloud, Inc.",Tampa, FL
Manual QA Tester,Ledgent Technology,Boca Raton, FL
Manual Quality Assurance Tester,Robert Half,Boca Raton, FL
Assembler/Tester A,"Arete Technologies, Inc.",Jacksonville, FL
Assembler/Tester B,Belcan,Jacksonville, FL
Electronics Tester,Sensible Recycling,Jacksonville, FL
Remote Manual Tester (Backend/SQL),"Software Guidance & Assistance, Inc. (SGA, Inc.)",Jacksonville, FL
QA Tester,SecureNet,Lake Mary, FL
QA Tester,SecureNet Technologies,Lake Mary, FL
QA Tester,Robert Half,Lakeland, FL
QA Tester,Arete Global - Recruiting Excellence,Longwood, FL
Software Test Engineer,Liberty IT Solutions,Melbourne, FL
Test Engineer,Liberty IT Solutions,Melbourne, FL
Mid Test Engineer - Salesforce,Liberty IT Solutions,Melbourne, FL
Penetration Tester (Mid to Senior),Accenture,Miami, FL
QA Tester,Blue Ocean Ventures,Miami, FL
Penetration Tester (Mid to Senior),Accenture,Orlando, FL
QA Tester,Career Staffing,Orlando, FL
Software QA Engineer,Sabre Corporation,Orlando, FL
A/B Tester,TEKsystems,Orlando, FL
QA Engineer and Tester with Security Clearance,ClearanceJobs,Patrick AFB, FL
QA Engineer and Tester,General Dynamics Information Technology,Patrick AFB, FL
Penetration Tester (Mid to Senior),Accenture,St Petersburg, FL
Tester I - 1st Shift,Jabil,St Petersburg, FL
Penetration Tester (Mid to Senior),Accenture,Tallahassee, FL
Salesforce Quality Assurance Tester - REMOTE - $100-115K,Mason Frank International,Tallahassee, FL
QA Tester,Alvarez & Marsal,Tampa, FL
"Analyst, Quality Assurance Tester",Career Staffing,Tampa, FL
Jr. QA Manual Tester - Onsite,Dice,Tampa, FL
QA Analyst/UAT Tester,Experis,Tampa, FL
QA Analyst Tester,"InvestCloud, Inc.",Tampa, FL
ICT FCT Tester,Kimball Electronics,Tampa, FL
Manual QA Tester,Ledgent Technology,Boca Raton, FL
Manual Quality Assurance Tester,Robert Half,Boca Raton, FL
Assembler/Tester A,"Arete Technologies, Inc.",Jacksonville, FL
Assembler/Tester B,Belcan,Jacksonville, FL
Electronics Tester,Sensible Recycling,Jacksonville, FL
Remote Manual Tester (Backend/SQL),"Software Guidance & Assistance, Inc. (SGA, Inc.)",Jacksonville, FL
QA Tester,SecureNet,Lake Mary, FL
QA Tester,SecureNet Technologies,Lake Mary, FL
QA Tester,Robert Half,Lakeland, FL
QA Tester,Arete Global - Recruiting Excellence,Longwood, FL
Software Test Engineer,Liberty IT Solutions,Melbourne, FL
Test Engineer,Liberty IT Solutions,Melbourne, FL
Mid Test Engineer - Salesforce,Liberty IT Solutions,Melbourne, FL
Penetration Tester (Mid to Senior),Accenture,Miami, FL
QA Tester,Blue Ocean Ventures,Miami, FL
Penetration Tester (Mid to Senior),Accenture,Orlando, FL
QA Tester,Career Staffing,Orlando, FL
Software QA Engineer,Sabre Corporation,Orlando, FL
A/B Tester,TEKsystems,Orlando, FL
QA Engineer and Tester with Security Clearance,ClearanceJobs,Patrick AFB, FL
QA Engineer and Tester,General Dynamics Information Technology,Patrick AFB, FL
Penetration Tester (Mid to Senior),Accenture,St Petersburg, FL
Tester I - 1st Shift,Jabil,St Petersburg, FL
Penetration Tester (Mid to Senior),Accenture,Tallahassee, FL
Salesforce Quality Assurance Tester - REMOTE - $100-115K,Mason Frank International,Tallahassee, FL
QA Tester,Alvarez & Marsal,Tampa, FL
"Analyst, Quality Assurance Tester",Career Staffing,Tampa, FL
Jr. QA Manual Tester - Onsite,Dice,Tampa, FL
QA Analyst/UAT Tester,Experis,Tampa, FL
QA Analyst Tester,"InvestCloud, Inc.",Tampa, FL
ICT FCT Tester,Kimball Electronics,Tampa, FL
ICT FCT Tester (2nd shift),Kimball Electronics,Tampa, FL
Manual QA Tester,Ledgent Technology,Boca Raton, FL
Manual Quality Assurance Tester,Robert Half,Boca Raton, FL
Assembler/Tester A,"Arete Technologies, Inc.",Jacksonville, FL
Assembler/Tester B,Belcan,Jacksonville, FL
Electronics Tester,Sensible Recycling,Jacksonville, FL
Remote Manual Tester (Backend/SQL),"Software Guidance & Assistance, Inc. (SGA, Inc.)",Jacksonville, FL
QA Tester,SecureNet,Lake Mary, FL
QA Tester,SecureNet Technologies,Lake Mary, FL
QA Tester,Robert Half,Lakeland, FL
QA Tester,Arete Global - Recruiting Excellence,Longwood, FL
Software Test Engineer,Liberty IT Solutions,Melbourne, FL
Test Engineer,Liberty IT Solutions,Melbourne, FL
Mid Test Engineer - Salesforce,Liberty IT Solutions,Melbourne, FL
Penetration Tester (Mid to Senior),Accenture,Miami, FL
QA Tester,Blue Ocean Ventures,Miami, FL
Penetration Tester (Mid to Senior),Accenture,Orlando, FL
QA Tester,Career Staffing,Orlando, FL
Software QA Engineer,Sabre Corporation,Orlando, FL
A/B Tester,TEKsystems,Orlando, FL
QA Engineer and Tester with Security Clearance,ClearanceJobs,Patrick AFB, FL
QA Engineer and Tester,General Dynamics Information Technology,Patrick AFB, FL
Penetration Tester (Mid to Senior),Accenture,St Petersburg, FL
Tester I - 1st Shift,Jabil,St Petersburg, FL
Penetration Tester (Mid to Senior),Accenture,Tallahassee, FL
Salesforce Quality Assurance Tester - REMOTE - $100-115K,Mason Frank International,Tallahassee, FL
QA Tester,Alvarez & Marsal,Tampa, FL
"Analyst, Quality Assurance Tester",Career Staffing,Tampa, FL
Jr. QA Manual Tester - Onsite,Dice,Tampa, FL
QA Analyst/UAT Tester,Experis,Tampa, FL
QA Analyst Tester,"InvestCloud, Inc.",Tampa, FL
ICT FCT Tester,Kimball Electronics,Tampa, FL
ICT FCT Tester (2nd shift),Kimball Electronics,Tampa, FL
Jr. QA Manual Tester - Onsite,"PSR Associates, Inc.",Tampa, FL
Manual QA Tester,Ledgent Technology,Boca Raton, FL
Manual Quality Assurance Tester,Robert Half,Boca Raton, FL
Assembler/Tester A,"Arete Technologies, Inc.",Jacksonville, FL
Assembler/Tester B,Belcan,Jacksonville, FL
Electronics Tester,Sensible Recycling,Jacksonville, FL
Remote Manual Tester (Backend/SQL),"Software Guidance & Assistance, Inc. (SGA, Inc.)",Jacksonville, FL
QA Tester,SecureNet,Lake Mary, FL
QA Tester,SecureNet Technologies,Lake Mary, FL
QA Tester,Robert Half,Lakeland, FL
QA Tester,Arete Global - Recruiting Excellence,Longwood, FL
Software Test Engineer,Liberty IT Solutions,Melbourne, FL
Test Engineer,Liberty IT Solutions,Melbourne, FL
Mid Test Engineer - Salesforce,Liberty IT Solutions,Melbourne, FL
Penetration Tester (Mid to Senior),Accenture,Miami, FL
QA Tester,Blue Ocean Ventures,Miami, FL
Penetration Tester (Mid to Senior),Accenture,Orlando, FL
QA Tester,Career Staffing,Orlando, FL
Software QA Engineer,Sabre Corporation,Orlando, FL
A/B Tester,TEKsystems,Orlando, FL
QA Engineer and Tester with Security Clearance,ClearanceJobs,Patrick AFB, FL
QA Engineer and Tester,General Dynamics Information Technology,Patrick AFB, FL
Penetration Tester (Mid to Senior),Accenture,St Petersburg, FL
Tester I - 1st Shift,Jabil,St Petersburg, FL
Penetration Tester (Mid to Senior),Accenture,Tallahassee, FL
Salesforce Quality Assurance Tester - REMOTE - $100-115K,Mason Frank International,Tallahassee, FL
QA Tester,Alvarez & Marsal,Tampa, FL
"Analyst, Quality Assurance Tester",Career Staffing,Tampa, FL
Jr. QA Manual Tester - Onsite,Dice,Tampa, FL
QA Analyst/UAT Tester,Experis,Tampa, FL
QA Analyst Tester,"InvestCloud, Inc.",Tampa, FL
ICT FCT Tester,Kimball Electronics,Tampa, FL
ICT FCT Tester (2nd shift),Kimball Electronics,Tampa, FL
Jr. QA Manual Tester - Onsite,"PSR Associates, Inc.",Tampa, FL
Workday Tester,"Software Guidance & Assistance, Inc. (SGA, Inc.)",Tampa, FL
