Analyst Tester,FNZ Group,Home Corner, IN
Analyst Tester,FNZ Group,Home Corner, IN
Penetration Tester (Mid to Senior),Accenture,Indianapolis, IN
Analyst Tester,FNZ Group,Home Corner, IN
Penetration Tester (Mid to Senior),Accenture,Indianapolis, IN
DMV Title Clerk/QA Tester,Career Staffing,Indianapolis, IN
Analyst Tester,FNZ Group,Home Corner, IN
Penetration Tester (Mid to Senior),Accenture,Indianapolis, IN
DMV Title Clerk/QA Tester,Career Staffing,Indianapolis, IN
DMV Title Clerk/QA Tester,Fairfax Software,Indianapolis, IN
Analyst Tester,FNZ Group,Home Corner, IN
Penetration Tester (Mid to Senior),Accenture,Indianapolis, IN
DMV Title Clerk/QA Tester,Career Staffing,Indianapolis, IN
DMV Title Clerk/QA Tester,Fairfax Software,Indianapolis, IN
Fiber Optic Cable Tester,KGPCo,Warsaw, IN
Analyst Tester,FNZ Group,Home Corner, IN
Penetration Tester (Mid to Senior),Accenture,Indianapolis, IN
DMV Title Clerk/QA Tester,Career Staffing,Indianapolis, IN
DMV Title Clerk/QA Tester,Fairfax Software,Indianapolis, IN
Fiber Optic Cable Tester,KGPCo,Warsaw, IN
Fiber Optic Cable Tester- Nights Part Time,KGPCo,Warsaw, IN
