Electrical Tester - 2nd Shift,"Johnson Service Group, Inc.",Columbia, MO
Electrical Tester - 2nd Shift,"Johnson Service Group, Inc.",Columbia, MO
Penetration Tester (Mid to Senior),Accenture,Joplin, MO
Electrical Tester - 2nd Shift,"Johnson Service Group, Inc.",Columbia, MO
Penetration Tester (Mid to Senior),Accenture,Joplin, MO
Inspector & Tester Electronics - any shift,Honeywell,Kansas City, MO
Electrical Tester - 2nd Shift,"Johnson Service Group, Inc.",Columbia, MO
Penetration Tester (Mid to Senior),Accenture,Joplin, MO
Inspector & Tester Electronics - any shift,Honeywell,Kansas City, MO
Inspector & Tester Electronics - 2nd or 3rd shift,Honeywell,Kansas City, MO
Electrical Tester - 2nd Shift,"Johnson Service Group, Inc.",Columbia, MO
Penetration Tester (Mid to Senior),Accenture,Joplin, MO
Inspector & Tester Electronics - any shift,Honeywell,Kansas City, MO
Inspector & Tester Electronics - 2nd or 3rd shift,Honeywell,Kansas City, MO
Inspector & Tester Electronics - 2nd or 3rd shift $35.13,Honeywell,Kansas City, MO
Electrical Tester - 2nd Shift,"Johnson Service Group, Inc.",Columbia, MO
Penetration Tester (Mid to Senior),Accenture,Joplin, MO
Inspector & Tester Electronics - any shift,Honeywell,Kansas City, MO
Inspector & Tester Electronics - 2nd or 3rd shift,Honeywell,Kansas City, MO
Inspector & Tester Electronics - 2nd or 3rd shift $35.13,Honeywell,Kansas City, MO
Quality Assurance Tester,SAIC,Kansas City, MO
Electrical Tester - 2nd Shift,"Johnson Service Group, Inc.",Columbia, MO
Penetration Tester (Mid to Senior),Accenture,Joplin, MO
Inspector & Tester Electronics - any shift,Honeywell,Kansas City, MO
Inspector & Tester Electronics - 2nd or 3rd shift,Honeywell,Kansas City, MO
Inspector & Tester Electronics - 2nd or 3rd shift $35.13,Honeywell,Kansas City, MO
Quality Assurance Tester,SAIC,Kansas City, MO
Electronics Tester,Wabtec Corporation,Kansas City, MO
Electrical Tester - 2nd Shift,"Johnson Service Group, Inc.",Columbia, MO
Penetration Tester (Mid to Senior),Accenture,Joplin, MO
Inspector & Tester Electronics - any shift,Honeywell,Kansas City, MO
Inspector & Tester Electronics - 2nd or 3rd shift,Honeywell,Kansas City, MO
Inspector & Tester Electronics - 2nd or 3rd shift $35.13,Honeywell,Kansas City, MO
Quality Assurance Tester,SAIC,Kansas City, MO
Electronics Tester,Wabtec Corporation,Kansas City, MO
QA Tester II (remote),DataServ,Saint Louis, MO
Electrical Tester - 2nd Shift,"Johnson Service Group, Inc.",Columbia, MO
Penetration Tester (Mid to Senior),Accenture,Joplin, MO
Inspector & Tester Electronics - any shift,Honeywell,Kansas City, MO
Inspector & Tester Electronics - 2nd or 3rd shift,Honeywell,Kansas City, MO
Inspector & Tester Electronics - 2nd or 3rd shift $35.13,Honeywell,Kansas City, MO
Quality Assurance Tester,SAIC,Kansas City, MO
Electronics Tester,Wabtec Corporation,Kansas City, MO
QA Tester II (remote),DataServ,Saint Louis, MO
Manual Tester,Dice,Saint Louis, MO
Electrical Tester - 2nd Shift,"Johnson Service Group, Inc.",Columbia, MO
Penetration Tester (Mid to Senior),Accenture,Joplin, MO
Inspector & Tester Electronics - any shift,Honeywell,Kansas City, MO
Inspector & Tester Electronics - 2nd or 3rd shift,Honeywell,Kansas City, MO
Inspector & Tester Electronics - 2nd or 3rd shift $35.13,Honeywell,Kansas City, MO
Quality Assurance Tester,SAIC,Kansas City, MO
Electronics Tester,Wabtec Corporation,Kansas City, MO
QA Tester II (remote),DataServ,Saint Louis, MO
Manual Tester,Dice,Saint Louis, MO
Salesforce Tester-Onsite,Dice,Saint Louis, MO
Electrical Tester - 2nd Shift,"Johnson Service Group, Inc.",Columbia, MO
Penetration Tester (Mid to Senior),Accenture,Joplin, MO
Inspector & Tester Electronics - any shift,Honeywell,Kansas City, MO
Inspector & Tester Electronics - 2nd or 3rd shift,Honeywell,Kansas City, MO
Inspector & Tester Electronics - 2nd or 3rd shift $35.13,Honeywell,Kansas City, MO
Quality Assurance Tester,SAIC,Kansas City, MO
Electronics Tester,Wabtec Corporation,Kansas City, MO
QA Tester II (remote),DataServ,Saint Louis, MO
Manual Tester,Dice,Saint Louis, MO
Salesforce Tester-Onsite,Dice,Saint Louis, MO
Digital Quality Assurance Tester,Bass Pro Shops,Springfield, MO
Electrical Tester - 2nd Shift,"Johnson Service Group, Inc.",Columbia, MO
Penetration Tester (Mid to Senior),Accenture,Joplin, MO
Inspector & Tester Electronics - any shift,Honeywell,Kansas City, MO
Inspector & Tester Electronics - 2nd or 3rd shift,Honeywell,Kansas City, MO
Inspector & Tester Electronics - 2nd or 3rd shift $35.13,Honeywell,Kansas City, MO
Quality Assurance Tester,SAIC,Kansas City, MO
Electronics Tester,Wabtec Corporation,Kansas City, MO
QA Tester II (remote),DataServ,Saint Louis, MO
Manual Tester,Dice,Saint Louis, MO
Salesforce Tester-Onsite,Dice,Saint Louis, MO
Digital Quality Assurance Tester,Bass Pro Shops,Springfield, MO
Penetration Tester (Mid to Senior),Accenture,St Louis, MO
Electrical Tester - 2nd Shift,"Johnson Service Group, Inc.",Columbia, MO
Penetration Tester (Mid to Senior),Accenture,Joplin, MO
Inspector & Tester Electronics - any shift,Honeywell,Kansas City, MO
Inspector & Tester Electronics - 2nd or 3rd shift,Honeywell,Kansas City, MO
Inspector & Tester Electronics - 2nd or 3rd shift $35.13,Honeywell,Kansas City, MO
Quality Assurance Tester,SAIC,Kansas City, MO
Electronics Tester,Wabtec Corporation,Kansas City, MO
QA Tester II (remote),DataServ,Saint Louis, MO
Manual Tester,Dice,Saint Louis, MO
Salesforce Tester-Onsite,Dice,Saint Louis, MO
Digital Quality Assurance Tester,Bass Pro Shops,Springfield, MO
Penetration Tester (Mid to Senior),Accenture,St Louis, MO
Cylinder Tester - Mon. - Thurs 10-hr days!,CK Supply,St Louis, MO
Electrical Tester - 2nd Shift,"Johnson Service Group, Inc.",Columbia, MO
Penetration Tester (Mid to Senior),Accenture,Joplin, MO
Inspector & Tester Electronics - any shift,Honeywell,Kansas City, MO
Inspector & Tester Electronics - 2nd or 3rd shift,Honeywell,Kansas City, MO
Inspector & Tester Electronics - 2nd or 3rd shift $35.13,Honeywell,Kansas City, MO
Quality Assurance Tester,SAIC,Kansas City, MO
Electronics Tester,Wabtec Corporation,Kansas City, MO
QA Tester II (remote),DataServ,Saint Louis, MO
Manual Tester,Dice,Saint Louis, MO
Salesforce Tester-Onsite,Dice,Saint Louis, MO
Digital Quality Assurance Tester,Bass Pro Shops,Springfield, MO
Penetration Tester (Mid to Senior),Accenture,St Louis, MO
Cylinder Tester - Mon. - Thurs 10-hr days!,CK Supply,St Louis, MO
Ophthalmic Tester,EyeCare Partners,St Louis, MO
Electrical Tester - 2nd Shift,"Johnson Service Group, Inc.",Columbia, MO
Penetration Tester (Mid to Senior),Accenture,Joplin, MO
Inspector & Tester Electronics - any shift,Honeywell,Kansas City, MO
Inspector & Tester Electronics - 2nd or 3rd shift,Honeywell,Kansas City, MO
Inspector & Tester Electronics - 2nd or 3rd shift $35.13,Honeywell,Kansas City, MO
Quality Assurance Tester,SAIC,Kansas City, MO
Electronics Tester,Wabtec Corporation,Kansas City, MO
QA Tester II (remote),DataServ,Saint Louis, MO
Manual Tester,Dice,Saint Louis, MO
Salesforce Tester-Onsite,Dice,Saint Louis, MO
Digital Quality Assurance Tester,Bass Pro Shops,Springfield, MO
Penetration Tester (Mid to Senior),Accenture,St Louis, MO
Cylinder Tester - Mon. - Thurs 10-hr days!,CK Supply,St Louis, MO
Ophthalmic Tester,EyeCare Partners,St Louis, MO
QA Tester #: 20-03382,HireTalent - Diversity Staffing & Recruiting Firm,St Louis, MO
Electrical Tester - 2nd Shift,"Johnson Service Group, Inc.",Columbia, MO
Penetration Tester (Mid to Senior),Accenture,Joplin, MO
Inspector & Tester Electronics - any shift,Honeywell,Kansas City, MO
Inspector & Tester Electronics - 2nd or 3rd shift,Honeywell,Kansas City, MO
Inspector & Tester Electronics - 2nd or 3rd shift $35.13,Honeywell,Kansas City, MO
Quality Assurance Tester,SAIC,Kansas City, MO
Electronics Tester,Wabtec Corporation,Kansas City, MO
QA Tester II (remote),DataServ,Saint Louis, MO
Manual Tester,Dice,Saint Louis, MO
Salesforce Tester-Onsite,Dice,Saint Louis, MO
Digital Quality Assurance Tester,Bass Pro Shops,Springfield, MO
Penetration Tester (Mid to Senior),Accenture,St Louis, MO
Cylinder Tester - Mon. - Thurs 10-hr days!,CK Supply,St Louis, MO
Ophthalmic Tester,EyeCare Partners,St Louis, MO
QA Tester #: 20-03382,HireTalent - Diversity Staffing & Recruiting Firm,St Louis, MO
Quality Engineering & Assurance - Delivery - Test Lead,Net2Source Inc.,St Louis, MO
Electrical Tester - 2nd Shift,"Johnson Service Group, Inc.",Columbia, MO
Penetration Tester (Mid to Senior),Accenture,Joplin, MO
Inspector & Tester Electronics - any shift,Honeywell,Kansas City, MO
Inspector & Tester Electronics - 2nd or 3rd shift,Honeywell,Kansas City, MO
Inspector & Tester Electronics - 2nd or 3rd shift $35.13,Honeywell,Kansas City, MO
Quality Assurance Tester,SAIC,Kansas City, MO
Electronics Tester,Wabtec Corporation,Kansas City, MO
QA Tester II (remote),DataServ,Saint Louis, MO
Manual Tester,Dice,Saint Louis, MO
Salesforce Tester-Onsite,Dice,Saint Louis, MO
Digital Quality Assurance Tester,Bass Pro Shops,Springfield, MO
Penetration Tester (Mid to Senior),Accenture,St Louis, MO
Cylinder Tester - Mon. - Thurs 10-hr days!,CK Supply,St Louis, MO
Ophthalmic Tester,EyeCare Partners,St Louis, MO
QA Tester #: 20-03382,HireTalent - Diversity Staffing & Recruiting Firm,St Louis, MO
Quality Engineering & Assurance - Delivery - Test Lead,Net2Source Inc.,St Louis, MO
Quality Engineering & Assurance,TechDigital,St Louis, MO
