Salesforce |CRM/CPQ - QA Tester,CommerceCX,Cary, NC
Salesforce |CRM/CPQ - QA Tester,CommerceCX,Cary, NC
Mobile Tester,Dice,Cary, NC
Salesforce |CRM/CPQ - QA Tester,CommerceCX,Cary, NC
Mobile Tester,Dice,Cary, NC
ADA Tester,Dice,Cary, NC
Salesforce |CRM/CPQ - QA Tester,CommerceCX,Cary, NC
Mobile Tester,Dice,Cary, NC
ADA Tester,Dice,Cary, NC
Specialist Tester,HCL Technologies,Cary, NC
Salesforce |CRM/CPQ - QA Tester,CommerceCX,Cary, NC
Mobile Tester,Dice,Cary, NC
ADA Tester,Dice,Cary, NC
Specialist Tester,HCL Technologies,Cary, NC
ADA Tester,Incorporan Inc,Cary, NC
Salesforce |CRM/CPQ - QA Tester,CommerceCX,Cary, NC
Mobile Tester,Dice,Cary, NC
ADA Tester,Dice,Cary, NC
Specialist Tester,HCL Technologies,Cary, NC
ADA Tester,Incorporan Inc,Cary, NC
Mobile Tester,eTeam,Cary, NC
Salesforce |CRM/CPQ - QA Tester,CommerceCX,Cary, NC
Mobile Tester,Dice,Cary, NC
ADA Tester,Dice,Cary, NC
Specialist Tester,HCL Technologies,Cary, NC
ADA Tester,Incorporan Inc,Cary, NC
Mobile Tester,eTeam,Cary, NC
UA Tester,"3Ci, An MAU Company",Charlotte, NC
Salesforce |CRM/CPQ - QA Tester,CommerceCX,Cary, NC
Mobile Tester,Dice,Cary, NC
ADA Tester,Dice,Cary, NC
Specialist Tester,HCL Technologies,Cary, NC
ADA Tester,Incorporan Inc,Cary, NC
Mobile Tester,eTeam,Cary, NC
UA Tester,"3Ci, An MAU Company",Charlotte, NC
Mobile Tester,Accenture,Charlotte, NC
Salesforce |CRM/CPQ - QA Tester,CommerceCX,Cary, NC
Mobile Tester,Dice,Cary, NC
ADA Tester,Dice,Cary, NC
Specialist Tester,HCL Technologies,Cary, NC
ADA Tester,Incorporan Inc,Cary, NC
Mobile Tester,eTeam,Cary, NC
UA Tester,"3Ci, An MAU Company",Charlotte, NC
Mobile Tester,Accenture,Charlotte, NC
Penetration Tester (Mid to Senior),Accenture,Charlotte, NC
Salesforce |CRM/CPQ - QA Tester,CommerceCX,Cary, NC
Mobile Tester,Dice,Cary, NC
ADA Tester,Dice,Cary, NC
Specialist Tester,HCL Technologies,Cary, NC
ADA Tester,Incorporan Inc,Cary, NC
Mobile Tester,eTeam,Cary, NC
UA Tester,"3Ci, An MAU Company",Charlotte, NC
Mobile Tester,Accenture,Charlotte, NC
Penetration Tester (Mid to Senior),Accenture,Charlotte, NC
SAP Tester,Belcan,Charlotte, NC
Salesforce |CRM/CPQ - QA Tester,CommerceCX,Cary, NC
Mobile Tester,Dice,Cary, NC
ADA Tester,Dice,Cary, NC
Specialist Tester,HCL Technologies,Cary, NC
ADA Tester,Incorporan Inc,Cary, NC
Mobile Tester,eTeam,Cary, NC
UA Tester,"3Ci, An MAU Company",Charlotte, NC
Mobile Tester,Accenture,Charlotte, NC
Penetration Tester (Mid to Senior),Accenture,Charlotte, NC
SAP Tester,Belcan,Charlotte, NC
Mobile Tester,Cognizant,Charlotte, NC
Salesforce |CRM/CPQ - QA Tester,CommerceCX,Cary, NC
Mobile Tester,Dice,Cary, NC
ADA Tester,Dice,Cary, NC
Specialist Tester,HCL Technologies,Cary, NC
ADA Tester,Incorporan Inc,Cary, NC
Mobile Tester,eTeam,Cary, NC
UA Tester,"3Ci, An MAU Company",Charlotte, NC
Mobile Tester,Accenture,Charlotte, NC
Penetration Tester (Mid to Senior),Accenture,Charlotte, NC
SAP Tester,Belcan,Charlotte, NC
Mobile Tester,Cognizant,Charlotte, NC
Mobile Tester,Collabera Inc.,Charlotte, NC
Salesforce |CRM/CPQ - QA Tester,CommerceCX,Cary, NC
Mobile Tester,Dice,Cary, NC
ADA Tester,Dice,Cary, NC
Specialist Tester,HCL Technologies,Cary, NC
ADA Tester,Incorporan Inc,Cary, NC
Mobile Tester,eTeam,Cary, NC
UA Tester,"3Ci, An MAU Company",Charlotte, NC
Mobile Tester,Accenture,Charlotte, NC
Penetration Tester (Mid to Senior),Accenture,Charlotte, NC
SAP Tester,Belcan,Charlotte, NC
Mobile Tester,Cognizant,Charlotte, NC
Mobile Tester,Collabera Inc.,Charlotte, NC
Salesforce Tester,Dice,Charlotte, NC
Salesforce |CRM/CPQ - QA Tester,CommerceCX,Cary, NC
Mobile Tester,Dice,Cary, NC
ADA Tester,Dice,Cary, NC
Specialist Tester,HCL Technologies,Cary, NC
ADA Tester,Incorporan Inc,Cary, NC
Mobile Tester,eTeam,Cary, NC
UA Tester,"3Ci, An MAU Company",Charlotte, NC
Mobile Tester,Accenture,Charlotte, NC
Penetration Tester (Mid to Senior),Accenture,Charlotte, NC
SAP Tester,Belcan,Charlotte, NC
Mobile Tester,Cognizant,Charlotte, NC
Mobile Tester,Collabera Inc.,Charlotte, NC
Salesforce Tester,Dice,Charlotte, NC
QA Tester Manual,Diverse Lynx,Charlotte, NC
Salesforce |CRM/CPQ - QA Tester,CommerceCX,Cary, NC
Mobile Tester,Dice,Cary, NC
ADA Tester,Dice,Cary, NC
Specialist Tester,HCL Technologies,Cary, NC
ADA Tester,Incorporan Inc,Cary, NC
Mobile Tester,eTeam,Cary, NC
UA Tester,"3Ci, An MAU Company",Charlotte, NC
Mobile Tester,Accenture,Charlotte, NC
Penetration Tester (Mid to Senior),Accenture,Charlotte, NC
SAP Tester,Belcan,Charlotte, NC
Mobile Tester,Cognizant,Charlotte, NC
Mobile Tester,Collabera Inc.,Charlotte, NC
Salesforce Tester,Dice,Charlotte, NC
QA Tester Manual,Diverse Lynx,Charlotte, NC
Quality Assurance Tester,Robert Half,Charlotte, NC
Salesforce |CRM/CPQ - QA Tester,CommerceCX,Cary, NC
Mobile Tester,Dice,Cary, NC
ADA Tester,Dice,Cary, NC
Specialist Tester,HCL Technologies,Cary, NC
ADA Tester,Incorporan Inc,Cary, NC
Mobile Tester,eTeam,Cary, NC
UA Tester,"3Ci, An MAU Company",Charlotte, NC
Mobile Tester,Accenture,Charlotte, NC
Penetration Tester (Mid to Senior),Accenture,Charlotte, NC
SAP Tester,Belcan,Charlotte, NC
Mobile Tester,Cognizant,Charlotte, NC
Mobile Tester,Collabera Inc.,Charlotte, NC
Salesforce Tester,Dice,Charlotte, NC
QA Tester Manual,Diverse Lynx,Charlotte, NC
Quality Assurance Tester,Robert Half,Charlotte, NC
SAP Tester,Spectraforce Technologies,Charlotte, NC
Salesforce |CRM/CPQ - QA Tester,CommerceCX,Cary, NC
Mobile Tester,Dice,Cary, NC
ADA Tester,Dice,Cary, NC
Specialist Tester,HCL Technologies,Cary, NC
ADA Tester,Incorporan Inc,Cary, NC
Mobile Tester,eTeam,Cary, NC
UA Tester,"3Ci, An MAU Company",Charlotte, NC
Mobile Tester,Accenture,Charlotte, NC
Penetration Tester (Mid to Senior),Accenture,Charlotte, NC
SAP Tester,Belcan,Charlotte, NC
Mobile Tester,Cognizant,Charlotte, NC
Mobile Tester,Collabera Inc.,Charlotte, NC
Salesforce Tester,Dice,Charlotte, NC
QA Tester Manual,Diverse Lynx,Charlotte, NC
Quality Assurance Tester,Robert Half,Charlotte, NC
SAP Tester,Spectraforce Technologies,Charlotte, NC
Salesforce Tester,Themesoft Inc.,Charlotte, NC
Salesforce |CRM/CPQ - QA Tester,CommerceCX,Cary, NC
Mobile Tester,Dice,Cary, NC
ADA Tester,Dice,Cary, NC
Specialist Tester,HCL Technologies,Cary, NC
ADA Tester,Incorporan Inc,Cary, NC
Mobile Tester,eTeam,Cary, NC
UA Tester,"3Ci, An MAU Company",Charlotte, NC
Mobile Tester,Accenture,Charlotte, NC
Penetration Tester (Mid to Senior),Accenture,Charlotte, NC
SAP Tester,Belcan,Charlotte, NC
Mobile Tester,Cognizant,Charlotte, NC
Mobile Tester,Collabera Inc.,Charlotte, NC
Salesforce Tester,Dice,Charlotte, NC
QA Tester Manual,Diverse Lynx,Charlotte, NC
Quality Assurance Tester,Robert Half,Charlotte, NC
SAP Tester,Spectraforce Technologies,Charlotte, NC
Salesforce Tester,Themesoft Inc.,Charlotte, NC
NCWCH PT DWS Tester Admin,UPS,Charlotte, NC
Salesforce |CRM/CPQ - QA Tester,CommerceCX,Cary, NC
Mobile Tester,Dice,Cary, NC
ADA Tester,Dice,Cary, NC
Specialist Tester,HCL Technologies,Cary, NC
ADA Tester,Incorporan Inc,Cary, NC
Mobile Tester,eTeam,Cary, NC
UA Tester,"3Ci, An MAU Company",Charlotte, NC
Mobile Tester,Accenture,Charlotte, NC
Penetration Tester (Mid to Senior),Accenture,Charlotte, NC
SAP Tester,Belcan,Charlotte, NC
Mobile Tester,Cognizant,Charlotte, NC
Mobile Tester,Collabera Inc.,Charlotte, NC
Salesforce Tester,Dice,Charlotte, NC
QA Tester Manual,Diverse Lynx,Charlotte, NC
Quality Assurance Tester,Robert Half,Charlotte, NC
SAP Tester,Spectraforce Technologies,Charlotte, NC
Salesforce Tester,Themesoft Inc.,Charlotte, NC
NCWCH PT DWS Tester Admin,UPS,Charlotte, NC
Salesforce Tester,eTeam,Charlotte, NC
Salesforce |CRM/CPQ - QA Tester,CommerceCX,Cary, NC
Mobile Tester,Dice,Cary, NC
ADA Tester,Dice,Cary, NC
Specialist Tester,HCL Technologies,Cary, NC
ADA Tester,Incorporan Inc,Cary, NC
Mobile Tester,eTeam,Cary, NC
UA Tester,"3Ci, An MAU Company",Charlotte, NC
Mobile Tester,Accenture,Charlotte, NC
Penetration Tester (Mid to Senior),Accenture,Charlotte, NC
SAP Tester,Belcan,Charlotte, NC
Mobile Tester,Cognizant,Charlotte, NC
Mobile Tester,Collabera Inc.,Charlotte, NC
Salesforce Tester,Dice,Charlotte, NC
QA Tester Manual,Diverse Lynx,Charlotte, NC
Quality Assurance Tester,Robert Half,Charlotte, NC
SAP Tester,Spectraforce Technologies,Charlotte, NC
Salesforce Tester,Themesoft Inc.,Charlotte, NC
NCWCH PT DWS Tester Admin,UPS,Charlotte, NC
Salesforce Tester,eTeam,Charlotte, NC
Penetration Tester (Mid to Senior),Accenture,Durham, NC
Salesforce |CRM/CPQ - QA Tester,CommerceCX,Cary, NC
Mobile Tester,Dice,Cary, NC
ADA Tester,Dice,Cary, NC
Specialist Tester,HCL Technologies,Cary, NC
ADA Tester,Incorporan Inc,Cary, NC
Mobile Tester,eTeam,Cary, NC
UA Tester,"3Ci, An MAU Company",Charlotte, NC
Mobile Tester,Accenture,Charlotte, NC
Penetration Tester (Mid to Senior),Accenture,Charlotte, NC
SAP Tester,Belcan,Charlotte, NC
Mobile Tester,Cognizant,Charlotte, NC
Mobile Tester,Collabera Inc.,Charlotte, NC
Salesforce Tester,Dice,Charlotte, NC
QA Tester Manual,Diverse Lynx,Charlotte, NC
Quality Assurance Tester,Robert Half,Charlotte, NC
SAP Tester,Spectraforce Technologies,Charlotte, NC
Salesforce Tester,Themesoft Inc.,Charlotte, NC
NCWCH PT DWS Tester Admin,UPS,Charlotte, NC
Salesforce Tester,eTeam,Charlotte, NC
Penetration Tester (Mid to Senior),Accenture,Durham, NC
"Testers, Admins, Interpreter, and EOARN",Career Staffing,Durham, NC
Salesforce |CRM/CPQ - QA Tester,CommerceCX,Cary, NC
Mobile Tester,Dice,Cary, NC
ADA Tester,Dice,Cary, NC
Specialist Tester,HCL Technologies,Cary, NC
ADA Tester,Incorporan Inc,Cary, NC
Mobile Tester,eTeam,Cary, NC
UA Tester,"3Ci, An MAU Company",Charlotte, NC
Mobile Tester,Accenture,Charlotte, NC
Penetration Tester (Mid to Senior),Accenture,Charlotte, NC
SAP Tester,Belcan,Charlotte, NC
Mobile Tester,Cognizant,Charlotte, NC
Mobile Tester,Collabera Inc.,Charlotte, NC
Salesforce Tester,Dice,Charlotte, NC
QA Tester Manual,Diverse Lynx,Charlotte, NC
Quality Assurance Tester,Robert Half,Charlotte, NC
SAP Tester,Spectraforce Technologies,Charlotte, NC
Salesforce Tester,Themesoft Inc.,Charlotte, NC
NCWCH PT DWS Tester Admin,UPS,Charlotte, NC
Salesforce Tester,eTeam,Charlotte, NC
Penetration Tester (Mid to Senior),Accenture,Durham, NC
"Testers, Admins, Interpreter, and EOARN",Career Staffing,Durham, NC
Lead Manual Software Tester,"RIT Solutions, Inc.",Durham, NC
Salesforce |CRM/CPQ - QA Tester,CommerceCX,Cary, NC
Mobile Tester,Dice,Cary, NC
ADA Tester,Dice,Cary, NC
Specialist Tester,HCL Technologies,Cary, NC
ADA Tester,Incorporan Inc,Cary, NC
Mobile Tester,eTeam,Cary, NC
UA Tester,"3Ci, An MAU Company",Charlotte, NC
Mobile Tester,Accenture,Charlotte, NC
Penetration Tester (Mid to Senior),Accenture,Charlotte, NC
SAP Tester,Belcan,Charlotte, NC
Mobile Tester,Cognizant,Charlotte, NC
Mobile Tester,Collabera Inc.,Charlotte, NC
Salesforce Tester,Dice,Charlotte, NC
QA Tester Manual,Diverse Lynx,Charlotte, NC
Quality Assurance Tester,Robert Half,Charlotte, NC
SAP Tester,Spectraforce Technologies,Charlotte, NC
Salesforce Tester,Themesoft Inc.,Charlotte, NC
NCWCH PT DWS Tester Admin,UPS,Charlotte, NC
Salesforce Tester,eTeam,Charlotte, NC
Penetration Tester (Mid to Senior),Accenture,Durham, NC
"Testers, Admins, Interpreter, and EOARN",Career Staffing,Durham, NC
Lead Manual Software Tester,"RIT Solutions, Inc.",Durham, NC
QA Tester,Apex Systems,Greensboro, NC
Salesforce |CRM/CPQ - QA Tester,CommerceCX,Cary, NC
Mobile Tester,Dice,Cary, NC
ADA Tester,Dice,Cary, NC
Specialist Tester,HCL Technologies,Cary, NC
ADA Tester,Incorporan Inc,Cary, NC
Mobile Tester,eTeam,Cary, NC
UA Tester,"3Ci, An MAU Company",Charlotte, NC
Mobile Tester,Accenture,Charlotte, NC
Penetration Tester (Mid to Senior),Accenture,Charlotte, NC
SAP Tester,Belcan,Charlotte, NC
Mobile Tester,Cognizant,Charlotte, NC
Mobile Tester,Collabera Inc.,Charlotte, NC
Salesforce Tester,Dice,Charlotte, NC
QA Tester Manual,Diverse Lynx,Charlotte, NC
Quality Assurance Tester,Robert Half,Charlotte, NC
SAP Tester,Spectraforce Technologies,Charlotte, NC
Salesforce Tester,Themesoft Inc.,Charlotte, NC
NCWCH PT DWS Tester Admin,UPS,Charlotte, NC
Salesforce Tester,eTeam,Charlotte, NC
Penetration Tester (Mid to Senior),Accenture,Durham, NC
"Testers, Admins, Interpreter, and EOARN",Career Staffing,Durham, NC
Lead Manual Software Tester,"RIT Solutions, Inc.",Durham, NC
QA Tester,Apex Systems,Greensboro, NC
COVID-19 Tester,Career Staffing,Greensboro, NC
Salesforce |CRM/CPQ - QA Tester,CommerceCX,Cary, NC
Mobile Tester,Dice,Cary, NC
ADA Tester,Dice,Cary, NC
Specialist Tester,HCL Technologies,Cary, NC
ADA Tester,Incorporan Inc,Cary, NC
Mobile Tester,eTeam,Cary, NC
UA Tester,"3Ci, An MAU Company",Charlotte, NC
Mobile Tester,Accenture,Charlotte, NC
Penetration Tester (Mid to Senior),Accenture,Charlotte, NC
SAP Tester,Belcan,Charlotte, NC
Mobile Tester,Cognizant,Charlotte, NC
Mobile Tester,Collabera Inc.,Charlotte, NC
Salesforce Tester,Dice,Charlotte, NC
QA Tester Manual,Diverse Lynx,Charlotte, NC
Quality Assurance Tester,Robert Half,Charlotte, NC
SAP Tester,Spectraforce Technologies,Charlotte, NC
Salesforce Tester,Themesoft Inc.,Charlotte, NC
NCWCH PT DWS Tester Admin,UPS,Charlotte, NC
Salesforce Tester,eTeam,Charlotte, NC
Penetration Tester (Mid to Senior),Accenture,Durham, NC
"Testers, Admins, Interpreter, and EOARN",Career Staffing,Durham, NC
Lead Manual Software Tester,"RIT Solutions, Inc.",Durham, NC
QA Tester,Apex Systems,Greensboro, NC
COVID-19 Tester,Career Staffing,Greensboro, NC
QA Tester,Dice,Greensboro, NC
Salesforce |CRM/CPQ - QA Tester,CommerceCX,Cary, NC
Mobile Tester,Dice,Cary, NC
ADA Tester,Dice,Cary, NC
Specialist Tester,HCL Technologies,Cary, NC
ADA Tester,Incorporan Inc,Cary, NC
Mobile Tester,eTeam,Cary, NC
UA Tester,"3Ci, An MAU Company",Charlotte, NC
Mobile Tester,Accenture,Charlotte, NC
Penetration Tester (Mid to Senior),Accenture,Charlotte, NC
SAP Tester,Belcan,Charlotte, NC
Mobile Tester,Cognizant,Charlotte, NC
Mobile Tester,Collabera Inc.,Charlotte, NC
Salesforce Tester,Dice,Charlotte, NC
QA Tester Manual,Diverse Lynx,Charlotte, NC
Quality Assurance Tester,Robert Half,Charlotte, NC
SAP Tester,Spectraforce Technologies,Charlotte, NC
Salesforce Tester,Themesoft Inc.,Charlotte, NC
NCWCH PT DWS Tester Admin,UPS,Charlotte, NC
Salesforce Tester,eTeam,Charlotte, NC
Penetration Tester (Mid to Senior),Accenture,Durham, NC
"Testers, Admins, Interpreter, and EOARN",Career Staffing,Durham, NC
Lead Manual Software Tester,"RIT Solutions, Inc.",Durham, NC
QA Tester,Apex Systems,Greensboro, NC
COVID-19 Tester,Career Staffing,Greensboro, NC
QA Tester,Dice,Greensboro, NC
Tester Technician,Eastern Connecticut Health Network (ECHN),Knightdale, NC
Salesforce |CRM/CPQ - QA Tester,CommerceCX,Cary, NC
Mobile Tester,Dice,Cary, NC
ADA Tester,Dice,Cary, NC
Specialist Tester,HCL Technologies,Cary, NC
ADA Tester,Incorporan Inc,Cary, NC
Mobile Tester,eTeam,Cary, NC
UA Tester,"3Ci, An MAU Company",Charlotte, NC
Mobile Tester,Accenture,Charlotte, NC
Penetration Tester (Mid to Senior),Accenture,Charlotte, NC
SAP Tester,Belcan,Charlotte, NC
Mobile Tester,Cognizant,Charlotte, NC
Mobile Tester,Collabera Inc.,Charlotte, NC
Salesforce Tester,Dice,Charlotte, NC
QA Tester Manual,Diverse Lynx,Charlotte, NC
Quality Assurance Tester,Robert Half,Charlotte, NC
SAP Tester,Spectraforce Technologies,Charlotte, NC
Salesforce Tester,Themesoft Inc.,Charlotte, NC
NCWCH PT DWS Tester Admin,UPS,Charlotte, NC
Salesforce Tester,eTeam,Charlotte, NC
Penetration Tester (Mid to Senior),Accenture,Durham, NC
"Testers, Admins, Interpreter, and EOARN",Career Staffing,Durham, NC
Lead Manual Software Tester,"RIT Solutions, Inc.",Durham, NC
QA Tester,Apex Systems,Greensboro, NC
COVID-19 Tester,Career Staffing,Greensboro, NC
QA Tester,Dice,Greensboro, NC
Tester Technician,Eastern Connecticut Health Network (ECHN),Knightdale, NC
Tester,Jatca Inc,Mebane, NC
Salesforce |CRM/CPQ - QA Tester,CommerceCX,Cary, NC
Mobile Tester,Dice,Cary, NC
ADA Tester,Dice,Cary, NC
Specialist Tester,HCL Technologies,Cary, NC
ADA Tester,Incorporan Inc,Cary, NC
Mobile Tester,eTeam,Cary, NC
UA Tester,"3Ci, An MAU Company",Charlotte, NC
Mobile Tester,Accenture,Charlotte, NC
Penetration Tester (Mid to Senior),Accenture,Charlotte, NC
SAP Tester,Belcan,Charlotte, NC
Mobile Tester,Cognizant,Charlotte, NC
Mobile Tester,Collabera Inc.,Charlotte, NC
Salesforce Tester,Dice,Charlotte, NC
QA Tester Manual,Diverse Lynx,Charlotte, NC
Quality Assurance Tester,Robert Half,Charlotte, NC
SAP Tester,Spectraforce Technologies,Charlotte, NC
Salesforce Tester,Themesoft Inc.,Charlotte, NC
NCWCH PT DWS Tester Admin,UPS,Charlotte, NC
Salesforce Tester,eTeam,Charlotte, NC
Penetration Tester (Mid to Senior),Accenture,Durham, NC
"Testers, Admins, Interpreter, and EOARN",Career Staffing,Durham, NC
Lead Manual Software Tester,"RIT Solutions, Inc.",Durham, NC
QA Tester,Apex Systems,Greensboro, NC
COVID-19 Tester,Career Staffing,Greensboro, NC
QA Tester,Dice,Greensboro, NC
Tester Technician,Eastern Connecticut Health Network (ECHN),Knightdale, NC
Tester,Jatca Inc,Mebane, NC
QA Tester,VBeyond Corporation,Morrisville, NC
Salesforce |CRM/CPQ - QA Tester,CommerceCX,Cary, NC
Mobile Tester,Dice,Cary, NC
ADA Tester,Dice,Cary, NC
Specialist Tester,HCL Technologies,Cary, NC
ADA Tester,Incorporan Inc,Cary, NC
Mobile Tester,eTeam,Cary, NC
UA Tester,"3Ci, An MAU Company",Charlotte, NC
Mobile Tester,Accenture,Charlotte, NC
Penetration Tester (Mid to Senior),Accenture,Charlotte, NC
SAP Tester,Belcan,Charlotte, NC
Mobile Tester,Cognizant,Charlotte, NC
Mobile Tester,Collabera Inc.,Charlotte, NC
Salesforce Tester,Dice,Charlotte, NC
QA Tester Manual,Diverse Lynx,Charlotte, NC
Quality Assurance Tester,Robert Half,Charlotte, NC
SAP Tester,Spectraforce Technologies,Charlotte, NC
Salesforce Tester,Themesoft Inc.,Charlotte, NC
NCWCH PT DWS Tester Admin,UPS,Charlotte, NC
Salesforce Tester,eTeam,Charlotte, NC
Penetration Tester (Mid to Senior),Accenture,Durham, NC
"Testers, Admins, Interpreter, and EOARN",Career Staffing,Durham, NC
Lead Manual Software Tester,"RIT Solutions, Inc.",Durham, NC
QA Tester,Apex Systems,Greensboro, NC
COVID-19 Tester,Career Staffing,Greensboro, NC
QA Tester,Dice,Greensboro, NC
Tester Technician,Eastern Connecticut Health Network (ECHN),Knightdale, NC
Tester,Jatca Inc,Mebane, NC
QA Tester,VBeyond Corporation,Morrisville, NC
Penetration Tester (Mid to Senior),Accenture,Raleigh, NC
Salesforce |CRM/CPQ - QA Tester,CommerceCX,Cary, NC
Mobile Tester,Dice,Cary, NC
ADA Tester,Dice,Cary, NC
Specialist Tester,HCL Technologies,Cary, NC
ADA Tester,Incorporan Inc,Cary, NC
Mobile Tester,eTeam,Cary, NC
UA Tester,"3Ci, An MAU Company",Charlotte, NC
Mobile Tester,Accenture,Charlotte, NC
Penetration Tester (Mid to Senior),Accenture,Charlotte, NC
SAP Tester,Belcan,Charlotte, NC
Mobile Tester,Cognizant,Charlotte, NC
Mobile Tester,Collabera Inc.,Charlotte, NC
Salesforce Tester,Dice,Charlotte, NC
QA Tester Manual,Diverse Lynx,Charlotte, NC
Quality Assurance Tester,Robert Half,Charlotte, NC
SAP Tester,Spectraforce Technologies,Charlotte, NC
Salesforce Tester,Themesoft Inc.,Charlotte, NC
NCWCH PT DWS Tester Admin,UPS,Charlotte, NC
Salesforce Tester,eTeam,Charlotte, NC
Penetration Tester (Mid to Senior),Accenture,Durham, NC
"Testers, Admins, Interpreter, and EOARN",Career Staffing,Durham, NC
Lead Manual Software Tester,"RIT Solutions, Inc.",Durham, NC
QA Tester,Apex Systems,Greensboro, NC
COVID-19 Tester,Career Staffing,Greensboro, NC
QA Tester,Dice,Greensboro, NC
Tester Technician,Eastern Connecticut Health Network (ECHN),Knightdale, NC
Tester,Jatca Inc,Mebane, NC
QA Tester,VBeyond Corporation,Morrisville, NC
Penetration Tester (Mid to Senior),Accenture,Raleigh, NC
Device Tester,Actalent,Raleigh, NC
Salesforce |CRM/CPQ - QA Tester,CommerceCX,Cary, NC
Mobile Tester,Dice,Cary, NC
ADA Tester,Dice,Cary, NC
Specialist Tester,HCL Technologies,Cary, NC
ADA Tester,Incorporan Inc,Cary, NC
Mobile Tester,eTeam,Cary, NC
UA Tester,"3Ci, An MAU Company",Charlotte, NC
Mobile Tester,Accenture,Charlotte, NC
Penetration Tester (Mid to Senior),Accenture,Charlotte, NC
SAP Tester,Belcan,Charlotte, NC
Mobile Tester,Cognizant,Charlotte, NC
Mobile Tester,Collabera Inc.,Charlotte, NC
Salesforce Tester,Dice,Charlotte, NC
QA Tester Manual,Diverse Lynx,Charlotte, NC
Quality Assurance Tester,Robert Half,Charlotte, NC
SAP Tester,Spectraforce Technologies,Charlotte, NC
Salesforce Tester,Themesoft Inc.,Charlotte, NC
NCWCH PT DWS Tester Admin,UPS,Charlotte, NC
Salesforce Tester,eTeam,Charlotte, NC
Penetration Tester (Mid to Senior),Accenture,Durham, NC
"Testers, Admins, Interpreter, and EOARN",Career Staffing,Durham, NC
Lead Manual Software Tester,"RIT Solutions, Inc.",Durham, NC
QA Tester,Apex Systems,Greensboro, NC
COVID-19 Tester,Career Staffing,Greensboro, NC
QA Tester,Dice,Greensboro, NC
Tester Technician,Eastern Connecticut Health Network (ECHN),Knightdale, NC
Tester,Jatca Inc,Mebane, NC
QA Tester,VBeyond Corporation,Morrisville, NC
Penetration Tester (Mid to Senior),Accenture,Raleigh, NC
Device Tester,Actalent,Raleigh, NC
QA Tester (Manual and Automation) - *** 100% REMOTE FTE ROLE ***,Atrilogy Solutions Group,Raleigh, NC
Salesforce |CRM/CPQ - QA Tester,CommerceCX,Cary, NC
Mobile Tester,Dice,Cary, NC
ADA Tester,Dice,Cary, NC
Specialist Tester,HCL Technologies,Cary, NC
ADA Tester,Incorporan Inc,Cary, NC
Mobile Tester,eTeam,Cary, NC
UA Tester,"3Ci, An MAU Company",Charlotte, NC
Mobile Tester,Accenture,Charlotte, NC
Penetration Tester (Mid to Senior),Accenture,Charlotte, NC
SAP Tester,Belcan,Charlotte, NC
Mobile Tester,Cognizant,Charlotte, NC
Mobile Tester,Collabera Inc.,Charlotte, NC
Salesforce Tester,Dice,Charlotte, NC
QA Tester Manual,Diverse Lynx,Charlotte, NC
Quality Assurance Tester,Robert Half,Charlotte, NC
SAP Tester,Spectraforce Technologies,Charlotte, NC
Salesforce Tester,Themesoft Inc.,Charlotte, NC
NCWCH PT DWS Tester Admin,UPS,Charlotte, NC
Salesforce Tester,eTeam,Charlotte, NC
Penetration Tester (Mid to Senior),Accenture,Durham, NC
"Testers, Admins, Interpreter, and EOARN",Career Staffing,Durham, NC
Lead Manual Software Tester,"RIT Solutions, Inc.",Durham, NC
QA Tester,Apex Systems,Greensboro, NC
COVID-19 Tester,Career Staffing,Greensboro, NC
QA Tester,Dice,Greensboro, NC
Tester Technician,Eastern Connecticut Health Network (ECHN),Knightdale, NC
Tester,Jatca Inc,Mebane, NC
QA Tester,VBeyond Corporation,Morrisville, NC
Penetration Tester (Mid to Senior),Accenture,Raleigh, NC
Device Tester,Actalent,Raleigh, NC
QA Tester (Manual and Automation) - *** 100% REMOTE FTE ROLE ***,Atrilogy Solutions Group,Raleigh, NC
Backend API Tester,Dice,Raleigh, NC
Salesforce |CRM/CPQ - QA Tester,CommerceCX,Cary, NC
Mobile Tester,Dice,Cary, NC
ADA Tester,Dice,Cary, NC
Specialist Tester,HCL Technologies,Cary, NC
ADA Tester,Incorporan Inc,Cary, NC
Mobile Tester,eTeam,Cary, NC
UA Tester,"3Ci, An MAU Company",Charlotte, NC
Mobile Tester,Accenture,Charlotte, NC
Penetration Tester (Mid to Senior),Accenture,Charlotte, NC
SAP Tester,Belcan,Charlotte, NC
Mobile Tester,Cognizant,Charlotte, NC
Mobile Tester,Collabera Inc.,Charlotte, NC
Salesforce Tester,Dice,Charlotte, NC
QA Tester Manual,Diverse Lynx,Charlotte, NC
Quality Assurance Tester,Robert Half,Charlotte, NC
SAP Tester,Spectraforce Technologies,Charlotte, NC
Salesforce Tester,Themesoft Inc.,Charlotte, NC
NCWCH PT DWS Tester Admin,UPS,Charlotte, NC
Salesforce Tester,eTeam,Charlotte, NC
Penetration Tester (Mid to Senior),Accenture,Durham, NC
"Testers, Admins, Interpreter, and EOARN",Career Staffing,Durham, NC
Lead Manual Software Tester,"RIT Solutions, Inc.",Durham, NC
QA Tester,Apex Systems,Greensboro, NC
COVID-19 Tester,Career Staffing,Greensboro, NC
QA Tester,Dice,Greensboro, NC
Tester Technician,Eastern Connecticut Health Network (ECHN),Knightdale, NC
Tester,Jatca Inc,Mebane, NC
QA Tester,VBeyond Corporation,Morrisville, NC
Penetration Tester (Mid to Senior),Accenture,Raleigh, NC
Device Tester,Actalent,Raleigh, NC
QA Tester (Manual and Automation) - *** 100% REMOTE FTE ROLE ***,Atrilogy Solutions Group,Raleigh, NC
Backend API Tester,Dice,Raleigh, NC
Quality Engineer/Tester,Dice,Salisbury, NC
Salesforce |CRM/CPQ - QA Tester,CommerceCX,Cary, NC
Mobile Tester,Dice,Cary, NC
ADA Tester,Dice,Cary, NC
Specialist Tester,HCL Technologies,Cary, NC
ADA Tester,Incorporan Inc,Cary, NC
Mobile Tester,eTeam,Cary, NC
UA Tester,"3Ci, An MAU Company",Charlotte, NC
Mobile Tester,Accenture,Charlotte, NC
Penetration Tester (Mid to Senior),Accenture,Charlotte, NC
SAP Tester,Belcan,Charlotte, NC
Mobile Tester,Cognizant,Charlotte, NC
Mobile Tester,Collabera Inc.,Charlotte, NC
Salesforce Tester,Dice,Charlotte, NC
QA Tester Manual,Diverse Lynx,Charlotte, NC
Quality Assurance Tester,Robert Half,Charlotte, NC
SAP Tester,Spectraforce Technologies,Charlotte, NC
Salesforce Tester,Themesoft Inc.,Charlotte, NC
NCWCH PT DWS Tester Admin,UPS,Charlotte, NC
Salesforce Tester,eTeam,Charlotte, NC
Penetration Tester (Mid to Senior),Accenture,Durham, NC
"Testers, Admins, Interpreter, and EOARN",Career Staffing,Durham, NC
Lead Manual Software Tester,"RIT Solutions, Inc.",Durham, NC
QA Tester,Apex Systems,Greensboro, NC
COVID-19 Tester,Career Staffing,Greensboro, NC
QA Tester,Dice,Greensboro, NC
Tester Technician,Eastern Connecticut Health Network (ECHN),Knightdale, NC
Tester,Jatca Inc,Mebane, NC
QA Tester,VBeyond Corporation,Morrisville, NC
Penetration Tester (Mid to Senior),Accenture,Raleigh, NC
Device Tester,Actalent,Raleigh, NC
QA Tester (Manual and Automation) - *** 100% REMOTE FTE ROLE ***,Atrilogy Solutions Group,Raleigh, NC
Backend API Tester,Dice,Raleigh, NC
Quality Engineer/Tester,Dice,Salisbury, NC
POS Tester,Insight Global,Salisbury, NC
Salesforce |CRM/CPQ - QA Tester,CommerceCX,Cary, NC
Mobile Tester,Dice,Cary, NC
ADA Tester,Dice,Cary, NC
Specialist Tester,HCL Technologies,Cary, NC
ADA Tester,Incorporan Inc,Cary, NC
Mobile Tester,eTeam,Cary, NC
UA Tester,"3Ci, An MAU Company",Charlotte, NC
Mobile Tester,Accenture,Charlotte, NC
Penetration Tester (Mid to Senior),Accenture,Charlotte, NC
SAP Tester,Belcan,Charlotte, NC
Mobile Tester,Cognizant,Charlotte, NC
Mobile Tester,Collabera Inc.,Charlotte, NC
Salesforce Tester,Dice,Charlotte, NC
QA Tester Manual,Diverse Lynx,Charlotte, NC
Quality Assurance Tester,Robert Half,Charlotte, NC
SAP Tester,Spectraforce Technologies,Charlotte, NC
Salesforce Tester,Themesoft Inc.,Charlotte, NC
NCWCH PT DWS Tester Admin,UPS,Charlotte, NC
Salesforce Tester,eTeam,Charlotte, NC
Penetration Tester (Mid to Senior),Accenture,Durham, NC
"Testers, Admins, Interpreter, and EOARN",Career Staffing,Durham, NC
Lead Manual Software Tester,"RIT Solutions, Inc.",Durham, NC
QA Tester,Apex Systems,Greensboro, NC
COVID-19 Tester,Career Staffing,Greensboro, NC
QA Tester,Dice,Greensboro, NC
Tester Technician,Eastern Connecticut Health Network (ECHN),Knightdale, NC
Tester,Jatca Inc,Mebane, NC
QA Tester,VBeyond Corporation,Morrisville, NC
Penetration Tester (Mid to Senior),Accenture,Raleigh, NC
Device Tester,Actalent,Raleigh, NC
QA Tester (Manual and Automation) - *** 100% REMOTE FTE ROLE ***,Atrilogy Solutions Group,Raleigh, NC
Backend API Tester,Dice,Raleigh, NC
Quality Engineer/Tester,Dice,Salisbury, NC
POS Tester,Insight Global,Salisbury, NC
MAWM/WMS Tester,NR Consulting,Salisbury, NC
Salesforce |CRM/CPQ - QA Tester,CommerceCX,Cary, NC
Mobile Tester,Dice,Cary, NC
ADA Tester,Dice,Cary, NC
Specialist Tester,HCL Technologies,Cary, NC
ADA Tester,Incorporan Inc,Cary, NC
Mobile Tester,eTeam,Cary, NC
UA Tester,"3Ci, An MAU Company",Charlotte, NC
Mobile Tester,Accenture,Charlotte, NC
Penetration Tester (Mid to Senior),Accenture,Charlotte, NC
SAP Tester,Belcan,Charlotte, NC
Mobile Tester,Cognizant,Charlotte, NC
Mobile Tester,Collabera Inc.,Charlotte, NC
Salesforce Tester,Dice,Charlotte, NC
QA Tester Manual,Diverse Lynx,Charlotte, NC
Quality Assurance Tester,Robert Half,Charlotte, NC
SAP Tester,Spectraforce Technologies,Charlotte, NC
Salesforce Tester,Themesoft Inc.,Charlotte, NC
NCWCH PT DWS Tester Admin,UPS,Charlotte, NC
Salesforce Tester,eTeam,Charlotte, NC
Penetration Tester (Mid to Senior),Accenture,Durham, NC
"Testers, Admins, Interpreter, and EOARN",Career Staffing,Durham, NC
Lead Manual Software Tester,"RIT Solutions, Inc.",Durham, NC
QA Tester,Apex Systems,Greensboro, NC
COVID-19 Tester,Career Staffing,Greensboro, NC
QA Tester,Dice,Greensboro, NC
Tester Technician,Eastern Connecticut Health Network (ECHN),Knightdale, NC
Tester,Jatca Inc,Mebane, NC
QA Tester,VBeyond Corporation,Morrisville, NC
Penetration Tester (Mid to Senior),Accenture,Raleigh, NC
Device Tester,Actalent,Raleigh, NC
QA Tester (Manual and Automation) - *** 100% REMOTE FTE ROLE ***,Atrilogy Solutions Group,Raleigh, NC
Backend API Tester,Dice,Raleigh, NC
Quality Engineer/Tester,Dice,Salisbury, NC
POS Tester,Insight Global,Salisbury, NC
MAWM/WMS Tester,NR Consulting,Salisbury, NC
Quality Engineer/Tester,NR Consulting,Salisbury, NC
Salesforce |CRM/CPQ - QA Tester,CommerceCX,Cary, NC
Mobile Tester,Dice,Cary, NC
ADA Tester,Dice,Cary, NC
Specialist Tester,HCL Technologies,Cary, NC
ADA Tester,Incorporan Inc,Cary, NC
Mobile Tester,eTeam,Cary, NC
UA Tester,"3Ci, An MAU Company",Charlotte, NC
Mobile Tester,Accenture,Charlotte, NC
Penetration Tester (Mid to Senior),Accenture,Charlotte, NC
SAP Tester,Belcan,Charlotte, NC
Mobile Tester,Cognizant,Charlotte, NC
Mobile Tester,Collabera Inc.,Charlotte, NC
Salesforce Tester,Dice,Charlotte, NC
QA Tester Manual,Diverse Lynx,Charlotte, NC
Quality Assurance Tester,Robert Half,Charlotte, NC
SAP Tester,Spectraforce Technologies,Charlotte, NC
Salesforce Tester,Themesoft Inc.,Charlotte, NC
NCWCH PT DWS Tester Admin,UPS,Charlotte, NC
Salesforce Tester,eTeam,Charlotte, NC
Penetration Tester (Mid to Senior),Accenture,Durham, NC
"Testers, Admins, Interpreter, and EOARN",Career Staffing,Durham, NC
Lead Manual Software Tester,"RIT Solutions, Inc.",Durham, NC
QA Tester,Apex Systems,Greensboro, NC
COVID-19 Tester,Career Staffing,Greensboro, NC
QA Tester,Dice,Greensboro, NC
Tester Technician,Eastern Connecticut Health Network (ECHN),Knightdale, NC
Tester,Jatca Inc,Mebane, NC
QA Tester,VBeyond Corporation,Morrisville, NC
Penetration Tester (Mid to Senior),Accenture,Raleigh, NC
Device Tester,Actalent,Raleigh, NC
QA Tester (Manual and Automation) - *** 100% REMOTE FTE ROLE ***,Atrilogy Solutions Group,Raleigh, NC
Backend API Tester,Dice,Raleigh, NC
Quality Engineer/Tester,Dice,Salisbury, NC
POS Tester,Insight Global,Salisbury, NC
MAWM/WMS Tester,NR Consulting,Salisbury, NC
Quality Engineer/Tester,NR Consulting,Salisbury, NC
Quality Assurance Tester Co-op,Retail Business Services,Salisbury, NC
Salesforce |CRM/CPQ - QA Tester,CommerceCX,Cary, NC
Mobile Tester,Dice,Cary, NC
ADA Tester,Dice,Cary, NC
Specialist Tester,HCL Technologies,Cary, NC
ADA Tester,Incorporan Inc,Cary, NC
Mobile Tester,eTeam,Cary, NC
UA Tester,"3Ci, An MAU Company",Charlotte, NC
Mobile Tester,Accenture,Charlotte, NC
Penetration Tester (Mid to Senior),Accenture,Charlotte, NC
SAP Tester,Belcan,Charlotte, NC
Mobile Tester,Cognizant,Charlotte, NC
Mobile Tester,Collabera Inc.,Charlotte, NC
Salesforce Tester,Dice,Charlotte, NC
QA Tester Manual,Diverse Lynx,Charlotte, NC
Quality Assurance Tester,Robert Half,Charlotte, NC
SAP Tester,Spectraforce Technologies,Charlotte, NC
Salesforce Tester,Themesoft Inc.,Charlotte, NC
NCWCH PT DWS Tester Admin,UPS,Charlotte, NC
Salesforce Tester,eTeam,Charlotte, NC
Penetration Tester (Mid to Senior),Accenture,Durham, NC
"Testers, Admins, Interpreter, and EOARN",Career Staffing,Durham, NC
Lead Manual Software Tester,"RIT Solutions, Inc.",Durham, NC
QA Tester,Apex Systems,Greensboro, NC
COVID-19 Tester,Career Staffing,Greensboro, NC
QA Tester,Dice,Greensboro, NC
Tester Technician,Eastern Connecticut Health Network (ECHN),Knightdale, NC
Tester,Jatca Inc,Mebane, NC
QA Tester,VBeyond Corporation,Morrisville, NC
Penetration Tester (Mid to Senior),Accenture,Raleigh, NC
Device Tester,Actalent,Raleigh, NC
QA Tester (Manual and Automation) - *** 100% REMOTE FTE ROLE ***,Atrilogy Solutions Group,Raleigh, NC
Backend API Tester,Dice,Raleigh, NC
Quality Engineer/Tester,Dice,Salisbury, NC
POS Tester,Insight Global,Salisbury, NC
MAWM/WMS Tester,NR Consulting,Salisbury, NC
Quality Engineer/Tester,NR Consulting,Salisbury, NC
Quality Assurance Tester Co-op,Retail Business Services,Salisbury, NC
POS Tester,TechDigital,Salisbury, NC
Salesforce |CRM/CPQ - QA Tester,CommerceCX,Cary, NC
Mobile Tester,Dice,Cary, NC
ADA Tester,Dice,Cary, NC
Specialist Tester,HCL Technologies,Cary, NC
ADA Tester,Incorporan Inc,Cary, NC
Mobile Tester,eTeam,Cary, NC
UA Tester,"3Ci, An MAU Company",Charlotte, NC
Mobile Tester,Accenture,Charlotte, NC
Penetration Tester (Mid to Senior),Accenture,Charlotte, NC
SAP Tester,Belcan,Charlotte, NC
Mobile Tester,Cognizant,Charlotte, NC
Mobile Tester,Collabera Inc.,Charlotte, NC
Salesforce Tester,Dice,Charlotte, NC
QA Tester Manual,Diverse Lynx,Charlotte, NC
Quality Assurance Tester,Robert Half,Charlotte, NC
SAP Tester,Spectraforce Technologies,Charlotte, NC
Salesforce Tester,Themesoft Inc.,Charlotte, NC
NCWCH PT DWS Tester Admin,UPS,Charlotte, NC
Salesforce Tester,eTeam,Charlotte, NC
Penetration Tester (Mid to Senior),Accenture,Durham, NC
"Testers, Admins, Interpreter, and EOARN",Career Staffing,Durham, NC
Lead Manual Software Tester,"RIT Solutions, Inc.",Durham, NC
QA Tester,Apex Systems,Greensboro, NC
COVID-19 Tester,Career Staffing,Greensboro, NC
QA Tester,Dice,Greensboro, NC
Tester Technician,Eastern Connecticut Health Network (ECHN),Knightdale, NC
Tester,Jatca Inc,Mebane, NC
QA Tester,VBeyond Corporation,Morrisville, NC
Penetration Tester (Mid to Senior),Accenture,Raleigh, NC
Device Tester,Actalent,Raleigh, NC
QA Tester (Manual and Automation) - *** 100% REMOTE FTE ROLE ***,Atrilogy Solutions Group,Raleigh, NC
Backend API Tester,Dice,Raleigh, NC
Quality Engineer/Tester,Dice,Salisbury, NC
POS Tester,Insight Global,Salisbury, NC
MAWM/WMS Tester,NR Consulting,Salisbury, NC
Quality Engineer/Tester,NR Consulting,Salisbury, NC
Quality Assurance Tester Co-op,Retail Business Services,Salisbury, NC
POS Tester,TechDigital,Salisbury, NC
Stack Tester,"Civil & Environmental Consultants, Inc.",Wilmington, NC
Salesforce |CRM/CPQ - QA Tester,CommerceCX,Cary, NC
Mobile Tester,Dice,Cary, NC
ADA Tester,Dice,Cary, NC
Specialist Tester,HCL Technologies,Cary, NC
ADA Tester,Incorporan Inc,Cary, NC
Mobile Tester,eTeam,Cary, NC
UA Tester,"3Ci, An MAU Company",Charlotte, NC
Mobile Tester,Accenture,Charlotte, NC
Penetration Tester (Mid to Senior),Accenture,Charlotte, NC
SAP Tester,Belcan,Charlotte, NC
Mobile Tester,Cognizant,Charlotte, NC
Mobile Tester,Collabera Inc.,Charlotte, NC
Salesforce Tester,Dice,Charlotte, NC
QA Tester Manual,Diverse Lynx,Charlotte, NC
Quality Assurance Tester,Robert Half,Charlotte, NC
SAP Tester,Spectraforce Technologies,Charlotte, NC
Salesforce Tester,Themesoft Inc.,Charlotte, NC
NCWCH PT DWS Tester Admin,UPS,Charlotte, NC
Salesforce Tester,eTeam,Charlotte, NC
Penetration Tester (Mid to Senior),Accenture,Durham, NC
"Testers, Admins, Interpreter, and EOARN",Career Staffing,Durham, NC
Lead Manual Software Tester,"RIT Solutions, Inc.",Durham, NC
QA Tester,Apex Systems,Greensboro, NC
COVID-19 Tester,Career Staffing,Greensboro, NC
QA Tester,Dice,Greensboro, NC
Tester Technician,Eastern Connecticut Health Network (ECHN),Knightdale, NC
Tester,Jatca Inc,Mebane, NC
QA Tester,VBeyond Corporation,Morrisville, NC
Penetration Tester (Mid to Senior),Accenture,Raleigh, NC
Device Tester,Actalent,Raleigh, NC
QA Tester (Manual and Automation) - *** 100% REMOTE FTE ROLE ***,Atrilogy Solutions Group,Raleigh, NC
Backend API Tester,Dice,Raleigh, NC
Quality Engineer/Tester,Dice,Salisbury, NC
POS Tester,Insight Global,Salisbury, NC
MAWM/WMS Tester,NR Consulting,Salisbury, NC
Quality Engineer/Tester,NR Consulting,Salisbury, NC
Quality Assurance Tester Co-op,Retail Business Services,Salisbury, NC
POS Tester,TechDigital,Salisbury, NC
Stack Tester,"Civil & Environmental Consultants, Inc.",Wilmington, NC
COVID-19 Tester,JG Partners USA,Wilmington, NC
Salesforce |CRM/CPQ - QA Tester,CommerceCX,Cary, NC
Mobile Tester,Dice,Cary, NC
ADA Tester,Dice,Cary, NC
Specialist Tester,HCL Technologies,Cary, NC
ADA Tester,Incorporan Inc,Cary, NC
Mobile Tester,eTeam,Cary, NC
UA Tester,"3Ci, An MAU Company",Charlotte, NC
Mobile Tester,Accenture,Charlotte, NC
Penetration Tester (Mid to Senior),Accenture,Charlotte, NC
SAP Tester,Belcan,Charlotte, NC
Mobile Tester,Cognizant,Charlotte, NC
Mobile Tester,Collabera Inc.,Charlotte, NC
Salesforce Tester,Dice,Charlotte, NC
QA Tester Manual,Diverse Lynx,Charlotte, NC
Quality Assurance Tester,Robert Half,Charlotte, NC
SAP Tester,Spectraforce Technologies,Charlotte, NC
Salesforce Tester,Themesoft Inc.,Charlotte, NC
NCWCH PT DWS Tester Admin,UPS,Charlotte, NC
Salesforce Tester,eTeam,Charlotte, NC
Penetration Tester (Mid to Senior),Accenture,Durham, NC
"Testers, Admins, Interpreter, and EOARN",Career Staffing,Durham, NC
Lead Manual Software Tester,"RIT Solutions, Inc.",Durham, NC
QA Tester,Apex Systems,Greensboro, NC
COVID-19 Tester,Career Staffing,Greensboro, NC
QA Tester,Dice,Greensboro, NC
Tester Technician,Eastern Connecticut Health Network (ECHN),Knightdale, NC
Tester,Jatca Inc,Mebane, NC
QA Tester,VBeyond Corporation,Morrisville, NC
Penetration Tester (Mid to Senior),Accenture,Raleigh, NC
Device Tester,Actalent,Raleigh, NC
QA Tester (Manual and Automation) - *** 100% REMOTE FTE ROLE ***,Atrilogy Solutions Group,Raleigh, NC
Backend API Tester,Dice,Raleigh, NC
Quality Engineer/Tester,Dice,Salisbury, NC
POS Tester,Insight Global,Salisbury, NC
MAWM/WMS Tester,NR Consulting,Salisbury, NC
Quality Engineer/Tester,NR Consulting,Salisbury, NC
Quality Assurance Tester Co-op,Retail Business Services,Salisbury, NC
POS Tester,TechDigital,Salisbury, NC
Stack Tester,"Civil & Environmental Consultants, Inc.",Wilmington, NC
COVID-19 Tester,JG Partners USA,Wilmington, NC
PCS Tester,Schneider Electric,Winston-Salem, NC
