Quality Assurance Tester,Farm Credit Services of America,Omaha, NE
Quality Assurance Tester,Farm Credit Services of America,Omaha, NE
Quality Assurance Tester,Robert Half,Omaha, NE
Quality Assurance Tester,Farm Credit Services of America,Omaha, NE
Quality Assurance Tester,Robert Half,Omaha, NE
Manual QA Tester,TEKsystems,Omaha, NE
Quality Assurance Tester,Farm Credit Services of America,Omaha, NE
Quality Assurance Tester,Robert Half,Omaha, NE
Manual QA Tester,TEKsystems,Omaha, NE
Quality Assurance Tester,Travelex Insurance Services,Omaha, NE
Quality Assurance Tester,Farm Credit Services of America,Omaha, NE
Quality Assurance Tester,Farm Credit Services of America,Omaha, NE
Quality Assurance Tester,Robert Half,Omaha, NE
Quality Assurance Tester,Farm Credit Services of America,Omaha, NE
Quality Assurance Tester,Robert Half,Omaha, NE
Manual QA Tester,TEKsystems,Omaha, NE
Quality Assurance Tester,Farm Credit Services of America,Omaha, NE
Quality Assurance Tester,Robert Half,Omaha, NE
Manual QA Tester,TEKsystems,Omaha, NE
Quality Assurance Tester,Travelex Insurance Services,Omaha, NE
