POS Tester,eTeam,Akron, OH
POS Tester,eTeam,Akron, OH
Penetration Tester (Mid to Senior),Accenture,Beavercreek, OH
POS Tester,eTeam,Akron, OH
Penetration Tester (Mid to Senior),Accenture,Beavercreek, OH
Compliance Tester (BSA Focused),Wright-Patt Credit Union,Beavercreek, OH
POS Tester,eTeam,Akron, OH
Penetration Tester (Mid to Senior),Accenture,Beavercreek, OH
Compliance Tester (BSA Focused),Wright-Patt Credit Union,Beavercreek, OH
Penetration Tester (Mid to Senior),Accenture,Cincinnati, OH
POS Tester,eTeam,Akron, OH
Penetration Tester (Mid to Senior),Accenture,Beavercreek, OH
Compliance Tester (BSA Focused),Wright-Patt Credit Union,Beavercreek, OH
Penetration Tester (Mid to Senior),Accenture,Cincinnati, OH
QA Tester,Apptek Solutions Group,Cincinnati, OH
POS Tester,eTeam,Akron, OH
Penetration Tester (Mid to Senior),Accenture,Beavercreek, OH
Compliance Tester (BSA Focused),Wright-Patt Credit Union,Beavercreek, OH
Penetration Tester (Mid to Senior),Accenture,Cincinnati, OH
QA Tester,Apptek Solutions Group,Cincinnati, OH
Operational Tester (OAT),Dice,Cincinnati, OH
POS Tester,eTeam,Akron, OH
Penetration Tester (Mid to Senior),Accenture,Beavercreek, OH
Compliance Tester (BSA Focused),Wright-Patt Credit Union,Beavercreek, OH
Penetration Tester (Mid to Senior),Accenture,Cincinnati, OH
QA Tester,Apptek Solutions Group,Cincinnati, OH
Operational Tester (OAT),Dice,Cincinnati, OH
QA Automation Tester/ Service Tester,Dice,Cincinnati, OH
POS Tester,eTeam,Akron, OH
Penetration Tester (Mid to Senior),Accenture,Beavercreek, OH
Compliance Tester (BSA Focused),Wright-Patt Credit Union,Beavercreek, OH
Penetration Tester (Mid to Senior),Accenture,Cincinnati, OH
QA Tester,Apptek Solutions Group,Cincinnati, OH
Operational Tester (OAT),Dice,Cincinnati, OH
QA Automation Tester/ Service Tester,Dice,Cincinnati, OH
Penetration Tester (Mid to Senior),Accenture,Cleveland, OH
POS Tester,eTeam,Akron, OH
Penetration Tester (Mid to Senior),Accenture,Beavercreek, OH
Compliance Tester (BSA Focused),Wright-Patt Credit Union,Beavercreek, OH
Penetration Tester (Mid to Senior),Accenture,Cincinnati, OH
QA Tester,Apptek Solutions Group,Cincinnati, OH
Operational Tester (OAT),Dice,Cincinnati, OH
QA Automation Tester/ Service Tester,Dice,Cincinnati, OH
Penetration Tester (Mid to Senior),Accenture,Cleveland, OH
Certified Tester (2nd),Career Staffing,Cleveland, OH
POS Tester,eTeam,Akron, OH
Penetration Tester (Mid to Senior),Accenture,Beavercreek, OH
Compliance Tester (BSA Focused),Wright-Patt Credit Union,Beavercreek, OH
Penetration Tester (Mid to Senior),Accenture,Cincinnati, OH
QA Tester,Apptek Solutions Group,Cincinnati, OH
Operational Tester (OAT),Dice,Cincinnati, OH
QA Automation Tester/ Service Tester,Dice,Cincinnati, OH
Penetration Tester (Mid to Senior),Accenture,Cleveland, OH
Certified Tester (2nd),Career Staffing,Cleveland, OH
Penetration Tester (Mid to Senior),Accenture,Columbus, OH
POS Tester,eTeam,Akron, OH
Penetration Tester (Mid to Senior),Accenture,Beavercreek, OH
Compliance Tester (BSA Focused),Wright-Patt Credit Union,Beavercreek, OH
Penetration Tester (Mid to Senior),Accenture,Cincinnati, OH
QA Tester,Apptek Solutions Group,Cincinnati, OH
Operational Tester (OAT),Dice,Cincinnati, OH
QA Automation Tester/ Service Tester,Dice,Cincinnati, OH
Penetration Tester (Mid to Senior),Accenture,Cleveland, OH
Certified Tester (2nd),Career Staffing,Cleveland, OH
Penetration Tester (Mid to Senior),Accenture,Columbus, OH
SAP Tester,Collabera Inc.,Columbus, OH
POS Tester,eTeam,Akron, OH
Penetration Tester (Mid to Senior),Accenture,Beavercreek, OH
Compliance Tester (BSA Focused),Wright-Patt Credit Union,Beavercreek, OH
Penetration Tester (Mid to Senior),Accenture,Cincinnati, OH
QA Tester,Apptek Solutions Group,Cincinnati, OH
Operational Tester (OAT),Dice,Cincinnati, OH
QA Automation Tester/ Service Tester,Dice,Cincinnati, OH
Penetration Tester (Mid to Senior),Accenture,Cleveland, OH
Certified Tester (2nd),Career Staffing,Cleveland, OH
Penetration Tester (Mid to Senior),Accenture,Columbus, OH
SAP Tester,Collabera Inc.,Columbus, OH
QA JAVA Tester,Dice,Columbus, OH
POS Tester,eTeam,Akron, OH
Penetration Tester (Mid to Senior),Accenture,Beavercreek, OH
Compliance Tester (BSA Focused),Wright-Patt Credit Union,Beavercreek, OH
Penetration Tester (Mid to Senior),Accenture,Cincinnati, OH
QA Tester,Apptek Solutions Group,Cincinnati, OH
Operational Tester (OAT),Dice,Cincinnati, OH
QA Automation Tester/ Service Tester,Dice,Cincinnati, OH
Penetration Tester (Mid to Senior),Accenture,Cleveland, OH
Certified Tester (2nd),Career Staffing,Cleveland, OH
Penetration Tester (Mid to Senior),Accenture,Columbus, OH
SAP Tester,Collabera Inc.,Columbus, OH
QA JAVA Tester,Dice,Columbus, OH
QA Tester,Dice,Columbus, OH
POS Tester,eTeam,Akron, OH
Penetration Tester (Mid to Senior),Accenture,Beavercreek, OH
Compliance Tester (BSA Focused),Wright-Patt Credit Union,Beavercreek, OH
Penetration Tester (Mid to Senior),Accenture,Cincinnati, OH
QA Tester,Apptek Solutions Group,Cincinnati, OH
Operational Tester (OAT),Dice,Cincinnati, OH
QA Automation Tester/ Service Tester,Dice,Cincinnati, OH
Penetration Tester (Mid to Senior),Accenture,Cleveland, OH
Certified Tester (2nd),Career Staffing,Cleveland, OH
Penetration Tester (Mid to Senior),Accenture,Columbus, OH
SAP Tester,Collabera Inc.,Columbus, OH
QA JAVA Tester,Dice,Columbus, OH
QA Tester,Dice,Columbus, OH
Tester,Diverse Lynx,Columbus, OH
POS Tester,eTeam,Akron, OH
Penetration Tester (Mid to Senior),Accenture,Beavercreek, OH
Compliance Tester (BSA Focused),Wright-Patt Credit Union,Beavercreek, OH
Penetration Tester (Mid to Senior),Accenture,Cincinnati, OH
QA Tester,Apptek Solutions Group,Cincinnati, OH
Operational Tester (OAT),Dice,Cincinnati, OH
QA Automation Tester/ Service Tester,Dice,Cincinnati, OH
Penetration Tester (Mid to Senior),Accenture,Cleveland, OH
Certified Tester (2nd),Career Staffing,Cleveland, OH
Penetration Tester (Mid to Senior),Accenture,Columbus, OH
SAP Tester,Collabera Inc.,Columbus, OH
QA JAVA Tester,Dice,Columbus, OH
QA Tester,Dice,Columbus, OH
Tester,Diverse Lynx,Columbus, OH
JFS - Tester 4 / Test4,Diversified Systems.com,Columbus, OH
POS Tester,eTeam,Akron, OH
Penetration Tester (Mid to Senior),Accenture,Beavercreek, OH
Compliance Tester (BSA Focused),Wright-Patt Credit Union,Beavercreek, OH
Penetration Tester (Mid to Senior),Accenture,Cincinnati, OH
QA Tester,Apptek Solutions Group,Cincinnati, OH
Operational Tester (OAT),Dice,Cincinnati, OH
QA Automation Tester/ Service Tester,Dice,Cincinnati, OH
Penetration Tester (Mid to Senior),Accenture,Cleveland, OH
Certified Tester (2nd),Career Staffing,Cleveland, OH
Penetration Tester (Mid to Senior),Accenture,Columbus, OH
SAP Tester,Collabera Inc.,Columbus, OH
QA JAVA Tester,Dice,Columbus, OH
QA Tester,Dice,Columbus, OH
Tester,Diverse Lynx,Columbus, OH
JFS - Tester 4 / Test4,Diversified Systems.com,Columbus, OH
"SAP Finance Tester- Columbus, OH","Georgia IT, Inc.",Columbus, OH
POS Tester,eTeam,Akron, OH
Penetration Tester (Mid to Senior),Accenture,Beavercreek, OH
Compliance Tester (BSA Focused),Wright-Patt Credit Union,Beavercreek, OH
Penetration Tester (Mid to Senior),Accenture,Cincinnati, OH
QA Tester,Apptek Solutions Group,Cincinnati, OH
Operational Tester (OAT),Dice,Cincinnati, OH
QA Automation Tester/ Service Tester,Dice,Cincinnati, OH
Penetration Tester (Mid to Senior),Accenture,Cleveland, OH
Certified Tester (2nd),Career Staffing,Cleveland, OH
Penetration Tester (Mid to Senior),Accenture,Columbus, OH
SAP Tester,Collabera Inc.,Columbus, OH
QA JAVA Tester,Dice,Columbus, OH
QA Tester,Dice,Columbus, OH
Tester,Diverse Lynx,Columbus, OH
JFS - Tester 4 / Test4,Diversified Systems.com,Columbus, OH
"SAP Finance Tester- Columbus, OH","Georgia IT, Inc.",Columbus, OH
QA Tester-G3187,Nisum,Columbus, OH
POS Tester,eTeam,Akron, OH
Penetration Tester (Mid to Senior),Accenture,Beavercreek, OH
Compliance Tester (BSA Focused),Wright-Patt Credit Union,Beavercreek, OH
Penetration Tester (Mid to Senior),Accenture,Cincinnati, OH
QA Tester,Apptek Solutions Group,Cincinnati, OH
Operational Tester (OAT),Dice,Cincinnati, OH
QA Automation Tester/ Service Tester,Dice,Cincinnati, OH
Penetration Tester (Mid to Senior),Accenture,Cleveland, OH
Certified Tester (2nd),Career Staffing,Cleveland, OH
Penetration Tester (Mid to Senior),Accenture,Columbus, OH
SAP Tester,Collabera Inc.,Columbus, OH
QA JAVA Tester,Dice,Columbus, OH
QA Tester,Dice,Columbus, OH
Tester,Diverse Lynx,Columbus, OH
JFS - Tester 4 / Test4,Diversified Systems.com,Columbus, OH
"SAP Finance Tester- Columbus, OH","Georgia IT, Inc.",Columbus, OH
QA Tester-G3187,Nisum,Columbus, OH
Quality Assurance Software Tester (Software Development Specialist 3),Ohio Department of Mental Health & Addiction Services,Columbus, OH
POS Tester,eTeam,Akron, OH
Penetration Tester (Mid to Senior),Accenture,Beavercreek, OH
Compliance Tester (BSA Focused),Wright-Patt Credit Union,Beavercreek, OH
Penetration Tester (Mid to Senior),Accenture,Cincinnati, OH
QA Tester,Apptek Solutions Group,Cincinnati, OH
Operational Tester (OAT),Dice,Cincinnati, OH
QA Automation Tester/ Service Tester,Dice,Cincinnati, OH
Penetration Tester (Mid to Senior),Accenture,Cleveland, OH
Certified Tester (2nd),Career Staffing,Cleveland, OH
Penetration Tester (Mid to Senior),Accenture,Columbus, OH
SAP Tester,Collabera Inc.,Columbus, OH
QA JAVA Tester,Dice,Columbus, OH
QA Tester,Dice,Columbus, OH
Tester,Diverse Lynx,Columbus, OH
JFS - Tester 4 / Test4,Diversified Systems.com,Columbus, OH
"SAP Finance Tester- Columbus, OH","Georgia IT, Inc.",Columbus, OH
QA Tester-G3187,Nisum,Columbus, OH
Quality Assurance Software Tester (Software Development Specialist 3),Ohio Department of Mental Health & Addiction Services,Columbus, OH
Quality Assurance Tester,Robert Half,Columbus, OH
POS Tester,eTeam,Akron, OH
Penetration Tester (Mid to Senior),Accenture,Beavercreek, OH
Compliance Tester (BSA Focused),Wright-Patt Credit Union,Beavercreek, OH
Penetration Tester (Mid to Senior),Accenture,Cincinnati, OH
QA Tester,Apptek Solutions Group,Cincinnati, OH
Operational Tester (OAT),Dice,Cincinnati, OH
QA Automation Tester/ Service Tester,Dice,Cincinnati, OH
Penetration Tester (Mid to Senior),Accenture,Cleveland, OH
Certified Tester (2nd),Career Staffing,Cleveland, OH
Penetration Tester (Mid to Senior),Accenture,Columbus, OH
SAP Tester,Collabera Inc.,Columbus, OH
QA JAVA Tester,Dice,Columbus, OH
QA Tester,Dice,Columbus, OH
Tester,Diverse Lynx,Columbus, OH
JFS - Tester 4 / Test4,Diversified Systems.com,Columbus, OH
"SAP Finance Tester- Columbus, OH","Georgia IT, Inc.",Columbus, OH
QA Tester-G3187,Nisum,Columbus, OH
Quality Assurance Software Tester (Software Development Specialist 3),Ohio Department of Mental Health & Addiction Services,Columbus, OH
Quality Assurance Tester,Robert Half,Columbus, OH
Data Quality Assurance Tester,ettain group,Columbus, OH
POS Tester,eTeam,Akron, OH
Penetration Tester (Mid to Senior),Accenture,Beavercreek, OH
Compliance Tester (BSA Focused),Wright-Patt Credit Union,Beavercreek, OH
Penetration Tester (Mid to Senior),Accenture,Cincinnati, OH
QA Tester,Apptek Solutions Group,Cincinnati, OH
Operational Tester (OAT),Dice,Cincinnati, OH
QA Automation Tester/ Service Tester,Dice,Cincinnati, OH
Penetration Tester (Mid to Senior),Accenture,Cleveland, OH
Certified Tester (2nd),Career Staffing,Cleveland, OH
Penetration Tester (Mid to Senior),Accenture,Columbus, OH
SAP Tester,Collabera Inc.,Columbus, OH
QA JAVA Tester,Dice,Columbus, OH
QA Tester,Dice,Columbus, OH
Tester,Diverse Lynx,Columbus, OH
JFS - Tester 4 / Test4,Diversified Systems.com,Columbus, OH
"SAP Finance Tester- Columbus, OH","Georgia IT, Inc.",Columbus, OH
QA Tester-G3187,Nisum,Columbus, OH
Quality Assurance Software Tester (Software Development Specialist 3),Ohio Department of Mental Health & Addiction Services,Columbus, OH
Quality Assurance Tester,Robert Half,Columbus, OH
Data Quality Assurance Tester,ettain group,Columbus, OH
Facets Tester,Dice,Dayton, OH
POS Tester,eTeam,Akron, OH
Penetration Tester (Mid to Senior),Accenture,Beavercreek, OH
Compliance Tester (BSA Focused),Wright-Patt Credit Union,Beavercreek, OH
Penetration Tester (Mid to Senior),Accenture,Cincinnati, OH
QA Tester,Apptek Solutions Group,Cincinnati, OH
Operational Tester (OAT),Dice,Cincinnati, OH
QA Automation Tester/ Service Tester,Dice,Cincinnati, OH
Penetration Tester (Mid to Senior),Accenture,Cleveland, OH
Certified Tester (2nd),Career Staffing,Cleveland, OH
Penetration Tester (Mid to Senior),Accenture,Columbus, OH
SAP Tester,Collabera Inc.,Columbus, OH
QA JAVA Tester,Dice,Columbus, OH
QA Tester,Dice,Columbus, OH
Tester,Diverse Lynx,Columbus, OH
JFS - Tester 4 / Test4,Diversified Systems.com,Columbus, OH
"SAP Finance Tester- Columbus, OH","Georgia IT, Inc.",Columbus, OH
QA Tester-G3187,Nisum,Columbus, OH
Quality Assurance Software Tester (Software Development Specialist 3),Ohio Department of Mental Health & Addiction Services,Columbus, OH
Quality Assurance Tester,Robert Half,Columbus, OH
Data Quality Assurance Tester,ettain group,Columbus, OH
Facets Tester,Dice,Dayton, OH
Healthcare FACETS Tester,Infosys,Dayton, OH
POS Tester,eTeam,Akron, OH
Penetration Tester (Mid to Senior),Accenture,Beavercreek, OH
Compliance Tester (BSA Focused),Wright-Patt Credit Union,Beavercreek, OH
Penetration Tester (Mid to Senior),Accenture,Cincinnati, OH
QA Tester,Apptek Solutions Group,Cincinnati, OH
Operational Tester (OAT),Dice,Cincinnati, OH
QA Automation Tester/ Service Tester,Dice,Cincinnati, OH
Penetration Tester (Mid to Senior),Accenture,Cleveland, OH
Certified Tester (2nd),Career Staffing,Cleveland, OH
Penetration Tester (Mid to Senior),Accenture,Columbus, OH
SAP Tester,Collabera Inc.,Columbus, OH
QA JAVA Tester,Dice,Columbus, OH
QA Tester,Dice,Columbus, OH
Tester,Diverse Lynx,Columbus, OH
JFS - Tester 4 / Test4,Diversified Systems.com,Columbus, OH
"SAP Finance Tester- Columbus, OH","Georgia IT, Inc.",Columbus, OH
QA Tester-G3187,Nisum,Columbus, OH
Quality Assurance Software Tester (Software Development Specialist 3),Ohio Department of Mental Health & Addiction Services,Columbus, OH
Quality Assurance Tester,Robert Half,Columbus, OH
Data Quality Assurance Tester,ettain group,Columbus, OH
Facets Tester,Dice,Dayton, OH
Healthcare FACETS Tester,Infosys,Dayton, OH
SAP TESTER,eTeam,Hudson, OH
POS Tester,eTeam,Akron, OH
Penetration Tester (Mid to Senior),Accenture,Beavercreek, OH
Compliance Tester (BSA Focused),Wright-Patt Credit Union,Beavercreek, OH
Penetration Tester (Mid to Senior),Accenture,Cincinnati, OH
QA Tester,Apptek Solutions Group,Cincinnati, OH
Operational Tester (OAT),Dice,Cincinnati, OH
QA Automation Tester/ Service Tester,Dice,Cincinnati, OH
Penetration Tester (Mid to Senior),Accenture,Cleveland, OH
Certified Tester (2nd),Career Staffing,Cleveland, OH
Penetration Tester (Mid to Senior),Accenture,Columbus, OH
SAP Tester,Collabera Inc.,Columbus, OH
QA JAVA Tester,Dice,Columbus, OH
QA Tester,Dice,Columbus, OH
Tester,Diverse Lynx,Columbus, OH
JFS - Tester 4 / Test4,Diversified Systems.com,Columbus, OH
"SAP Finance Tester- Columbus, OH","Georgia IT, Inc.",Columbus, OH
QA Tester-G3187,Nisum,Columbus, OH
Quality Assurance Software Tester (Software Development Specialist 3),Ohio Department of Mental Health & Addiction Services,Columbus, OH
Quality Assurance Tester,Robert Half,Columbus, OH
Data Quality Assurance Tester,ettain group,Columbus, OH
Facets Tester,Dice,Dayton, OH
Healthcare FACETS Tester,Infosys,Dayton, OH
SAP TESTER,eTeam,Hudson, OH
Manual Tester - Onsite_C2H,CCS IT,Miamisburg, OH
POS Tester,eTeam,Akron, OH
Penetration Tester (Mid to Senior),Accenture,Beavercreek, OH
Compliance Tester (BSA Focused),Wright-Patt Credit Union,Beavercreek, OH
Penetration Tester (Mid to Senior),Accenture,Cincinnati, OH
QA Tester,Apptek Solutions Group,Cincinnati, OH
Operational Tester (OAT),Dice,Cincinnati, OH
QA Automation Tester/ Service Tester,Dice,Cincinnati, OH
Penetration Tester (Mid to Senior),Accenture,Cleveland, OH
Certified Tester (2nd),Career Staffing,Cleveland, OH
Penetration Tester (Mid to Senior),Accenture,Columbus, OH
SAP Tester,Collabera Inc.,Columbus, OH
QA JAVA Tester,Dice,Columbus, OH
QA Tester,Dice,Columbus, OH
Tester,Diverse Lynx,Columbus, OH
JFS - Tester 4 / Test4,Diversified Systems.com,Columbus, OH
"SAP Finance Tester- Columbus, OH","Georgia IT, Inc.",Columbus, OH
QA Tester-G3187,Nisum,Columbus, OH
Quality Assurance Software Tester (Software Development Specialist 3),Ohio Department of Mental Health & Addiction Services,Columbus, OH
Quality Assurance Tester,Robert Half,Columbus, OH
Data Quality Assurance Tester,ettain group,Columbus, OH
Facets Tester,Dice,Dayton, OH
Healthcare FACETS Tester,Infosys,Dayton, OH
SAP TESTER,eTeam,Hudson, OH
Manual Tester - Onsite_C2H,CCS IT,Miamisburg, OH
Manual Tester - Onsite_C2H,Dice,Miamisburg, OH
POS Tester,eTeam,Akron, OH
Penetration Tester (Mid to Senior),Accenture,Beavercreek, OH
Compliance Tester (BSA Focused),Wright-Patt Credit Union,Beavercreek, OH
Penetration Tester (Mid to Senior),Accenture,Cincinnati, OH
QA Tester,Apptek Solutions Group,Cincinnati, OH
Operational Tester (OAT),Dice,Cincinnati, OH
QA Automation Tester/ Service Tester,Dice,Cincinnati, OH
Penetration Tester (Mid to Senior),Accenture,Cleveland, OH
Certified Tester (2nd),Career Staffing,Cleveland, OH
Penetration Tester (Mid to Senior),Accenture,Columbus, OH
SAP Tester,Collabera Inc.,Columbus, OH
QA JAVA Tester,Dice,Columbus, OH
QA Tester,Dice,Columbus, OH
Tester,Diverse Lynx,Columbus, OH
JFS - Tester 4 / Test4,Diversified Systems.com,Columbus, OH
"SAP Finance Tester- Columbus, OH","Georgia IT, Inc.",Columbus, OH
QA Tester-G3187,Nisum,Columbus, OH
Quality Assurance Software Tester (Software Development Specialist 3),Ohio Department of Mental Health & Addiction Services,Columbus, OH
Quality Assurance Tester,Robert Half,Columbus, OH
Data Quality Assurance Tester,ettain group,Columbus, OH
Facets Tester,Dice,Dayton, OH
Healthcare FACETS Tester,Infosys,Dayton, OH
SAP TESTER,eTeam,Hudson, OH
Manual Tester - Onsite_C2H,CCS IT,Miamisburg, OH
Manual Tester - Onsite_C2H,Dice,Miamisburg, OH
Automation Test Engineer,Hyosung America,Miamisburg, OH
POS Tester,eTeam,Akron, OH
Penetration Tester (Mid to Senior),Accenture,Beavercreek, OH
Compliance Tester (BSA Focused),Wright-Patt Credit Union,Beavercreek, OH
Penetration Tester (Mid to Senior),Accenture,Cincinnati, OH
QA Tester,Apptek Solutions Group,Cincinnati, OH
Operational Tester (OAT),Dice,Cincinnati, OH
QA Automation Tester/ Service Tester,Dice,Cincinnati, OH
Penetration Tester (Mid to Senior),Accenture,Cleveland, OH
Certified Tester (2nd),Career Staffing,Cleveland, OH
Penetration Tester (Mid to Senior),Accenture,Columbus, OH
SAP Tester,Collabera Inc.,Columbus, OH
QA JAVA Tester,Dice,Columbus, OH
QA Tester,Dice,Columbus, OH
Tester,Diverse Lynx,Columbus, OH
JFS - Tester 4 / Test4,Diversified Systems.com,Columbus, OH
"SAP Finance Tester- Columbus, OH","Georgia IT, Inc.",Columbus, OH
QA Tester-G3187,Nisum,Columbus, OH
Quality Assurance Software Tester (Software Development Specialist 3),Ohio Department of Mental Health & Addiction Services,Columbus, OH
Quality Assurance Tester,Robert Half,Columbus, OH
Data Quality Assurance Tester,ettain group,Columbus, OH
Facets Tester,Dice,Dayton, OH
Healthcare FACETS Tester,Infosys,Dayton, OH
SAP TESTER,eTeam,Hudson, OH
Manual Tester - Onsite_C2H,CCS IT,Miamisburg, OH
Manual Tester - Onsite_C2H,Dice,Miamisburg, OH
Automation Test Engineer,Hyosung America,Miamisburg, OH
Penetration Tester (Mid to Senior),Accenture,South Charleston, OH
POS Tester,eTeam,Akron, OH
Penetration Tester (Mid to Senior),Accenture,Beavercreek, OH
Compliance Tester (BSA Focused),Wright-Patt Credit Union,Beavercreek, OH
Penetration Tester (Mid to Senior),Accenture,Cincinnati, OH
QA Tester,Apptek Solutions Group,Cincinnati, OH
Operational Tester (OAT),Dice,Cincinnati, OH
QA Automation Tester/ Service Tester,Dice,Cincinnati, OH
Penetration Tester (Mid to Senior),Accenture,Cleveland, OH
Certified Tester (2nd),Career Staffing,Cleveland, OH
Penetration Tester (Mid to Senior),Accenture,Columbus, OH
SAP Tester,Collabera Inc.,Columbus, OH
QA JAVA Tester,Dice,Columbus, OH
QA Tester,Dice,Columbus, OH
Tester,Diverse Lynx,Columbus, OH
JFS - Tester 4 / Test4,Diversified Systems.com,Columbus, OH
"SAP Finance Tester- Columbus, OH","Georgia IT, Inc.",Columbus, OH
QA Tester-G3187,Nisum,Columbus, OH
Quality Assurance Software Tester (Software Development Specialist 3),Ohio Department of Mental Health & Addiction Services,Columbus, OH
Quality Assurance Tester,Robert Half,Columbus, OH
Data Quality Assurance Tester,ettain group,Columbus, OH
Facets Tester,Dice,Dayton, OH
Healthcare FACETS Tester,Infosys,Dayton, OH
SAP TESTER,eTeam,Hudson, OH
Manual Tester - Onsite_C2H,CCS IT,Miamisburg, OH
Manual Tester - Onsite_C2H,Dice,Miamisburg, OH
Automation Test Engineer,Hyosung America,Miamisburg, OH
Penetration Tester (Mid to Senior),Accenture,South Charleston, OH
Penetration Tester (Mid to Senior),Accenture,Sylvania, OH
POS Tester,eTeam,Akron, OH
Penetration Tester (Mid to Senior),Accenture,Beavercreek, OH
Compliance Tester (BSA Focused),Wright-Patt Credit Union,Beavercreek, OH
Penetration Tester (Mid to Senior),Accenture,Cincinnati, OH
QA Tester,Apptek Solutions Group,Cincinnati, OH
Operational Tester (OAT),Dice,Cincinnati, OH
QA Automation Tester/ Service Tester,Dice,Cincinnati, OH
Penetration Tester (Mid to Senior),Accenture,Cleveland, OH
Certified Tester (2nd),Career Staffing,Cleveland, OH
Penetration Tester (Mid to Senior),Accenture,Columbus, OH
SAP Tester,Collabera Inc.,Columbus, OH
QA JAVA Tester,Dice,Columbus, OH
QA Tester,Dice,Columbus, OH
Tester,Diverse Lynx,Columbus, OH
JFS - Tester 4 / Test4,Diversified Systems.com,Columbus, OH
"SAP Finance Tester- Columbus, OH","Georgia IT, Inc.",Columbus, OH
QA Tester-G3187,Nisum,Columbus, OH
Quality Assurance Software Tester (Software Development Specialist 3),Ohio Department of Mental Health & Addiction Services,Columbus, OH
Quality Assurance Tester,Robert Half,Columbus, OH
Data Quality Assurance Tester,ettain group,Columbus, OH
Facets Tester,Dice,Dayton, OH
Healthcare FACETS Tester,Infosys,Dayton, OH
SAP TESTER,eTeam,Hudson, OH
Manual Tester - Onsite_C2H,CCS IT,Miamisburg, OH
Manual Tester - Onsite_C2H,Dice,Miamisburg, OH
Automation Test Engineer,Hyosung America,Miamisburg, OH
Penetration Tester (Mid to Senior),Accenture,South Charleston, OH
Penetration Tester (Mid to Senior),Accenture,Sylvania, OH
Penetration Tester (Mid to Senior),Accenture,Whitehall, OH
