_Tech Support Tester - I,Aditi Consulting,Hillsboro, OR
_Tech Support Tester - I,Aditi Consulting,Hillsboro, OR
_Tech Support Tester - I,Net2Source Inc.,Hillsboro, OR
_Tech Support Tester - I,Aditi Consulting,Hillsboro, OR
_Tech Support Tester - I,Net2Source Inc.,Hillsboro, OR
Penetration Tester (Mid to Senior),Accenture,Portland, OR
_Tech Support Tester - I,Aditi Consulting,Hillsboro, OR
_Tech Support Tester - I,Net2Source Inc.,Hillsboro, OR
Penetration Tester (Mid to Senior),Accenture,Portland, OR
Quality Assurance Tester - eCommerce Technology,Columbia Sportswear Company,Portland, OR
_Tech Support Tester - I,Aditi Consulting,Hillsboro, OR
_Tech Support Tester - I,Net2Source Inc.,Hillsboro, OR
Penetration Tester (Mid to Senior),Accenture,Portland, OR
Quality Assurance Tester - eCommerce Technology,Columbia Sportswear Company,Portland, OR
Manual/Functional Tester,Dice,Portland, OR
_Tech Support Tester - I,Aditi Consulting,Hillsboro, OR
_Tech Support Tester - I,Net2Source Inc.,Hillsboro, OR
Penetration Tester (Mid to Senior),Accenture,Portland, OR
Quality Assurance Tester - eCommerce Technology,Columbia Sportswear Company,Portland, OR
Manual/Functional Tester,Dice,Portland, OR
Manual/Functional Tester,"GSPANN Technologies, Inc",Portland, OR
_Tech Support Tester - I,Aditi Consulting,Hillsboro, OR
_Tech Support Tester - I,Net2Source Inc.,Hillsboro, OR
Penetration Tester (Mid to Senior),Accenture,Portland, OR
Quality Assurance Tester - eCommerce Technology,Columbia Sportswear Company,Portland, OR
Manual/Functional Tester,Dice,Portland, OR
Manual/Functional Tester,"GSPANN Technologies, Inc",Portland, OR
QA Software Tester,Wacom Technology Corp.,Portland, OR
_Tech Support Tester - I,Aditi Consulting,Hillsboro, OR
_Tech Support Tester - I,Net2Source Inc.,Hillsboro, OR
Penetration Tester (Mid to Senior),Accenture,Portland, OR
Quality Assurance Tester - eCommerce Technology,Columbia Sportswear Company,Portland, OR
Manual/Functional Tester,Dice,Portland, OR
Manual/Functional Tester,"GSPANN Technologies, Inc",Portland, OR
QA Software Tester,Wacom Technology Corp.,Portland, OR
Quality Assurance Tester - eCommerce Technology,Malakye.com,Salem, OR
