position,company,location,states
""
Penetration Tester (Mid to Senior),Accenture,Berwyn, PA
""
Penetration Tester (Mid to Senior),Accenture,Berwyn, PA
Quality Assurance Tester Co-op,Retail Business Services,Carlisle, PA
""
Penetration Tester (Mid to Senior),Accenture,Berwyn, PA
Quality Assurance Tester Co-op,Retail Business Services,Carlisle, PA
Penetration Tester (Mid to Senior),Accenture,Collegeville, PA
""
Penetration Tester (Mid to Senior),Accenture,Berwyn, PA
Quality Assurance Tester Co-op,Retail Business Services,Carlisle, PA
Penetration Tester (Mid to Senior),Accenture,Collegeville, PA
(DN) Manual Tester - IMMEDIATE Hire!!,Dice,Fairfield, PA
""
Penetration Tester (Mid to Senior),Accenture,Berwyn, PA
Quality Assurance Tester Co-op,Retail Business Services,Carlisle, PA
Penetration Tester (Mid to Senior),Accenture,Collegeville, PA
(DN) Manual Tester - IMMEDIATE Hire!!,Dice,Fairfield, PA
QA Tester,Crescens Inc.,Harrisburg, PA
""
Penetration Tester (Mid to Senior),Accenture,Berwyn, PA
Quality Assurance Tester Co-op,Retail Business Services,Carlisle, PA
Penetration Tester (Mid to Senior),Accenture,Collegeville, PA
(DN) Manual Tester - IMMEDIATE Hire!!,Dice,Fairfield, PA
QA Tester,Crescens Inc.,Harrisburg, PA
Balancer Tester A,"Elliott Group, Ebara Corp",Jeannette, PA
""
Penetration Tester (Mid to Senior),Accenture,Berwyn, PA
Quality Assurance Tester Co-op,Retail Business Services,Carlisle, PA
Penetration Tester (Mid to Senior),Accenture,Collegeville, PA
(DN) Manual Tester - IMMEDIATE Hire!!,Dice,Fairfield, PA
QA Tester,Crescens Inc.,Harrisburg, PA
Balancer Tester A,"Elliott Group, Ebara Corp",Jeannette, PA
ACI Concrete Tester,Allan Myers Inc.,King of Prussia, PA
""
Penetration Tester (Mid to Senior),Accenture,Berwyn, PA
Quality Assurance Tester Co-op,Retail Business Services,Carlisle, PA
Penetration Tester (Mid to Senior),Accenture,Collegeville, PA
(DN) Manual Tester - IMMEDIATE Hire!!,Dice,Fairfield, PA
QA Tester,Crescens Inc.,Harrisburg, PA
Balancer Tester A,"Elliott Group, Ebara Corp",Jeannette, PA
ACI Concrete Tester,Allan Myers Inc.,King of Prussia, PA
E00909 - QA Tester,Recovery Centers of America,King of Prussia, PA
""
Penetration Tester (Mid to Senior),Accenture,Berwyn, PA
Quality Assurance Tester Co-op,Retail Business Services,Carlisle, PA
Penetration Tester (Mid to Senior),Accenture,Collegeville, PA
(DN) Manual Tester - IMMEDIATE Hire!!,Dice,Fairfield, PA
QA Tester,Crescens Inc.,Harrisburg, PA
Balancer Tester A,"Elliott Group, Ebara Corp",Jeannette, PA
ACI Concrete Tester,Allan Myers Inc.,King of Prussia, PA
E00909 - QA Tester,Recovery Centers of America,King of Prussia, PA
ICSA Labs - Interop and Proctor Tester,Crossfire Consulting,Mechanicsburg, PA
""
Penetration Tester (Mid to Senior),Accenture,Berwyn, PA
Quality Assurance Tester Co-op,Retail Business Services,Carlisle, PA
Penetration Tester (Mid to Senior),Accenture,Collegeville, PA
(DN) Manual Tester - IMMEDIATE Hire!!,Dice,Fairfield, PA
QA Tester,Crescens Inc.,Harrisburg, PA
Balancer Tester A,"Elliott Group, Ebara Corp",Jeannette, PA
ACI Concrete Tester,Allan Myers Inc.,King of Prussia, PA
E00909 - QA Tester,Recovery Centers of America,King of Prussia, PA
ICSA Labs - Interop and Proctor Tester,Crossfire Consulting,Mechanicsburg, PA
Penetration Tester (Mid to Senior),Accenture,Philadelphia, PA
""
Penetration Tester (Mid to Senior),Accenture,Berwyn, PA
Quality Assurance Tester Co-op,Retail Business Services,Carlisle, PA
Penetration Tester (Mid to Senior),Accenture,Collegeville, PA
(DN) Manual Tester - IMMEDIATE Hire!!,Dice,Fairfield, PA
QA Tester,Crescens Inc.,Harrisburg, PA
Balancer Tester A,"Elliott Group, Ebara Corp",Jeannette, PA
ACI Concrete Tester,Allan Myers Inc.,King of Prussia, PA
E00909 - QA Tester,Recovery Centers of America,King of Prussia, PA
ICSA Labs - Interop and Proctor Tester,Crossfire Consulting,Mechanicsburg, PA
Penetration Tester (Mid to Senior),Accenture,Philadelphia, PA
WiFi Tester,Apidel Technologies,Philadelphia, PA
""
Penetration Tester (Mid to Senior),Accenture,Berwyn, PA
Quality Assurance Tester Co-op,Retail Business Services,Carlisle, PA
Penetration Tester (Mid to Senior),Accenture,Collegeville, PA
(DN) Manual Tester - IMMEDIATE Hire!!,Dice,Fairfield, PA
QA Tester,Crescens Inc.,Harrisburg, PA
Balancer Tester A,"Elliott Group, Ebara Corp",Jeannette, PA
ACI Concrete Tester,Allan Myers Inc.,King of Prussia, PA
E00909 - QA Tester,Recovery Centers of America,King of Prussia, PA
ICSA Labs - Interop and Proctor Tester,Crossfire Consulting,Mechanicsburg, PA
Penetration Tester (Mid to Senior),Accenture,Philadelphia, PA
WiFi Tester,Apidel Technologies,Philadelphia, PA
QA Automation Tester,CGI,Philadelphia, PA
""
Penetration Tester (Mid to Senior),Accenture,Berwyn, PA
Quality Assurance Tester Co-op,Retail Business Services,Carlisle, PA
Penetration Tester (Mid to Senior),Accenture,Collegeville, PA
(DN) Manual Tester - IMMEDIATE Hire!!,Dice,Fairfield, PA
QA Tester,Crescens Inc.,Harrisburg, PA
Balancer Tester A,"Elliott Group, Ebara Corp",Jeannette, PA
ACI Concrete Tester,Allan Myers Inc.,King of Prussia, PA
E00909 - QA Tester,Recovery Centers of America,King of Prussia, PA
ICSA Labs - Interop and Proctor Tester,Crossfire Consulting,Mechanicsburg, PA
Penetration Tester (Mid to Senior),Accenture,Philadelphia, PA
WiFi Tester,Apidel Technologies,Philadelphia, PA
QA Automation Tester,CGI,Philadelphia, PA
"OSS Quality Assurance Testers (2)/ Philadelphia, PA preferred, Remote OK 12 mth+ contract",Dice,Philadelphia, PA
""
Penetration Tester (Mid to Senior),Accenture,Berwyn, PA
Quality Assurance Tester Co-op,Retail Business Services,Carlisle, PA
Penetration Tester (Mid to Senior),Accenture,Collegeville, PA
(DN) Manual Tester - IMMEDIATE Hire!!,Dice,Fairfield, PA
QA Tester,Crescens Inc.,Harrisburg, PA
Balancer Tester A,"Elliott Group, Ebara Corp",Jeannette, PA
ACI Concrete Tester,Allan Myers Inc.,King of Prussia, PA
E00909 - QA Tester,Recovery Centers of America,King of Prussia, PA
ICSA Labs - Interop and Proctor Tester,Crossfire Consulting,Mechanicsburg, PA
Penetration Tester (Mid to Senior),Accenture,Philadelphia, PA
WiFi Tester,Apidel Technologies,Philadelphia, PA
QA Automation Tester,CGI,Philadelphia, PA
"OSS Quality Assurance Testers (2)/ Philadelphia, PA preferred, Remote OK 12 mth+ contract",Dice,Philadelphia, PA
ICSA Labs - Interop and Proctor tester,"Pinnacle Group, Inc.",Philadelphia, PA
""
Penetration Tester (Mid to Senior),Accenture,Berwyn, PA
Quality Assurance Tester Co-op,Retail Business Services,Carlisle, PA
Penetration Tester (Mid to Senior),Accenture,Collegeville, PA
(DN) Manual Tester - IMMEDIATE Hire!!,Dice,Fairfield, PA
QA Tester,Crescens Inc.,Harrisburg, PA
Balancer Tester A,"Elliott Group, Ebara Corp",Jeannette, PA
ACI Concrete Tester,Allan Myers Inc.,King of Prussia, PA
E00909 - QA Tester,Recovery Centers of America,King of Prussia, PA
ICSA Labs - Interop and Proctor Tester,Crossfire Consulting,Mechanicsburg, PA
Penetration Tester (Mid to Senior),Accenture,Philadelphia, PA
WiFi Tester,Apidel Technologies,Philadelphia, PA
QA Automation Tester,CGI,Philadelphia, PA
"OSS Quality Assurance Testers (2)/ Philadelphia, PA preferred, Remote OK 12 mth+ contract",Dice,Philadelphia, PA
ICSA Labs - Interop and Proctor tester,"Pinnacle Group, Inc.",Philadelphia, PA
"OSS Quality Assurance Testers (2)/ Philadelphia, PA preferred, Remote OK 12 mth+ contract",Suncap Technology,Philadelphia, PA
""
Penetration Tester (Mid to Senior),Accenture,Berwyn, PA
Quality Assurance Tester Co-op,Retail Business Services,Carlisle, PA
Penetration Tester (Mid to Senior),Accenture,Collegeville, PA
(DN) Manual Tester - IMMEDIATE Hire!!,Dice,Fairfield, PA
QA Tester,Crescens Inc.,Harrisburg, PA
Balancer Tester A,"Elliott Group, Ebara Corp",Jeannette, PA
ACI Concrete Tester,Allan Myers Inc.,King of Prussia, PA
E00909 - QA Tester,Recovery Centers of America,King of Prussia, PA
ICSA Labs - Interop and Proctor Tester,Crossfire Consulting,Mechanicsburg, PA
Penetration Tester (Mid to Senior),Accenture,Philadelphia, PA
WiFi Tester,Apidel Technologies,Philadelphia, PA
QA Automation Tester,CGI,Philadelphia, PA
"OSS Quality Assurance Testers (2)/ Philadelphia, PA preferred, Remote OK 12 mth+ contract",Dice,Philadelphia, PA
ICSA Labs - Interop and Proctor tester,"Pinnacle Group, Inc.",Philadelphia, PA
"OSS Quality Assurance Testers (2)/ Philadelphia, PA preferred, Remote OK 12 mth+ contract",Suncap Technology,Philadelphia, PA
"OSS Quality Assurance Testers (2)/ Philadelphia, PA preferred, Remote OK 12 mth contract",Suncap Technology,Philadelphia, PA
""
Penetration Tester (Mid to Senior),Accenture,Berwyn, PA
Quality Assurance Tester Co-op,Retail Business Services,Carlisle, PA
Penetration Tester (Mid to Senior),Accenture,Collegeville, PA
(DN) Manual Tester - IMMEDIATE Hire!!,Dice,Fairfield, PA
QA Tester,Crescens Inc.,Harrisburg, PA
Balancer Tester A,"Elliott Group, Ebara Corp",Jeannette, PA
ACI Concrete Tester,Allan Myers Inc.,King of Prussia, PA
E00909 - QA Tester,Recovery Centers of America,King of Prussia, PA
ICSA Labs - Interop and Proctor Tester,Crossfire Consulting,Mechanicsburg, PA
Penetration Tester (Mid to Senior),Accenture,Philadelphia, PA
WiFi Tester,Apidel Technologies,Philadelphia, PA
QA Automation Tester,CGI,Philadelphia, PA
"OSS Quality Assurance Testers (2)/ Philadelphia, PA preferred, Remote OK 12 mth+ contract",Dice,Philadelphia, PA
ICSA Labs - Interop and Proctor tester,"Pinnacle Group, Inc.",Philadelphia, PA
"OSS Quality Assurance Testers (2)/ Philadelphia, PA preferred, Remote OK 12 mth+ contract",Suncap Technology,Philadelphia, PA
"OSS Quality Assurance Testers (2)/ Philadelphia, PA preferred, Remote OK 12 mth contract",Suncap Technology,Philadelphia, PA
Penetration Tester (Mid to Senior),Accenture,Pittsburgh, PA
""
Penetration Tester (Mid to Senior),Accenture,Berwyn, PA
Quality Assurance Tester Co-op,Retail Business Services,Carlisle, PA
Penetration Tester (Mid to Senior),Accenture,Collegeville, PA
(DN) Manual Tester - IMMEDIATE Hire!!,Dice,Fairfield, PA
QA Tester,Crescens Inc.,Harrisburg, PA
Balancer Tester A,"Elliott Group, Ebara Corp",Jeannette, PA
ACI Concrete Tester,Allan Myers Inc.,King of Prussia, PA
E00909 - QA Tester,Recovery Centers of America,King of Prussia, PA
ICSA Labs - Interop and Proctor Tester,Crossfire Consulting,Mechanicsburg, PA
Penetration Tester (Mid to Senior),Accenture,Philadelphia, PA
WiFi Tester,Apidel Technologies,Philadelphia, PA
QA Automation Tester,CGI,Philadelphia, PA
"OSS Quality Assurance Testers (2)/ Philadelphia, PA preferred, Remote OK 12 mth+ contract",Dice,Philadelphia, PA
ICSA Labs - Interop and Proctor tester,"Pinnacle Group, Inc.",Philadelphia, PA
"OSS Quality Assurance Testers (2)/ Philadelphia, PA preferred, Remote OK 12 mth+ contract",Suncap Technology,Philadelphia, PA
"OSS Quality Assurance Testers (2)/ Philadelphia, PA preferred, Remote OK 12 mth contract",Suncap Technology,Philadelphia, PA
Penetration Tester (Mid to Senior),Accenture,Pittsburgh, PA
Mid-Level Manual Tester,Murtech Consulting,Pittsburgh, PA
""
Penetration Tester (Mid to Senior),Accenture,Berwyn, PA
Quality Assurance Tester Co-op,Retail Business Services,Carlisle, PA
Penetration Tester (Mid to Senior),Accenture,Collegeville, PA
(DN) Manual Tester - IMMEDIATE Hire!!,Dice,Fairfield, PA
QA Tester,Crescens Inc.,Harrisburg, PA
Balancer Tester A,"Elliott Group, Ebara Corp",Jeannette, PA
ACI Concrete Tester,Allan Myers Inc.,King of Prussia, PA
E00909 - QA Tester,Recovery Centers of America,King of Prussia, PA
ICSA Labs - Interop and Proctor Tester,Crossfire Consulting,Mechanicsburg, PA
Penetration Tester (Mid to Senior),Accenture,Philadelphia, PA
WiFi Tester,Apidel Technologies,Philadelphia, PA
QA Automation Tester,CGI,Philadelphia, PA
"OSS Quality Assurance Testers (2)/ Philadelphia, PA preferred, Remote OK 12 mth+ contract",Dice,Philadelphia, PA
ICSA Labs - Interop and Proctor tester,"Pinnacle Group, Inc.",Philadelphia, PA
"OSS Quality Assurance Testers (2)/ Philadelphia, PA preferred, Remote OK 12 mth+ contract",Suncap Technology,Philadelphia, PA
"OSS Quality Assurance Testers (2)/ Philadelphia, PA preferred, Remote OK 12 mth contract",Suncap Technology,Philadelphia, PA
Penetration Tester (Mid to Senior),Accenture,Pittsburgh, PA
Mid-Level Manual Tester,Murtech Consulting,Pittsburgh, PA
Mobile Tester,"Spring Technosoft, Inc.",Pittsburgh, PA
""
Penetration Tester (Mid to Senior),Accenture,Berwyn, PA
Quality Assurance Tester Co-op,Retail Business Services,Carlisle, PA
Penetration Tester (Mid to Senior),Accenture,Collegeville, PA
(DN) Manual Tester - IMMEDIATE Hire!!,Dice,Fairfield, PA
QA Tester,Crescens Inc.,Harrisburg, PA
Balancer Tester A,"Elliott Group, Ebara Corp",Jeannette, PA
ACI Concrete Tester,Allan Myers Inc.,King of Prussia, PA
E00909 - QA Tester,Recovery Centers of America,King of Prussia, PA
ICSA Labs - Interop and Proctor Tester,Crossfire Consulting,Mechanicsburg, PA
Penetration Tester (Mid to Senior),Accenture,Philadelphia, PA
WiFi Tester,Apidel Technologies,Philadelphia, PA
QA Automation Tester,CGI,Philadelphia, PA
"OSS Quality Assurance Testers (2)/ Philadelphia, PA preferred, Remote OK 12 mth+ contract",Dice,Philadelphia, PA
ICSA Labs - Interop and Proctor tester,"Pinnacle Group, Inc.",Philadelphia, PA
"OSS Quality Assurance Testers (2)/ Philadelphia, PA preferred, Remote OK 12 mth+ contract",Suncap Technology,Philadelphia, PA
"OSS Quality Assurance Testers (2)/ Philadelphia, PA preferred, Remote OK 12 mth contract",Suncap Technology,Philadelphia, PA
Penetration Tester (Mid to Senior),Accenture,Pittsburgh, PA
Mid-Level Manual Tester,Murtech Consulting,Pittsburgh, PA
Mobile Tester,"Spring Technosoft, Inc.",Pittsburgh, PA
Tester,TALENT Software Services,Pittsburgh, PA
""
Penetration Tester (Mid to Senior),Accenture,Berwyn, PA
Quality Assurance Tester Co-op,Retail Business Services,Carlisle, PA
Penetration Tester (Mid to Senior),Accenture,Collegeville, PA
(DN) Manual Tester - IMMEDIATE Hire!!,Dice,Fairfield, PA
QA Tester,Crescens Inc.,Harrisburg, PA
Balancer Tester A,"Elliott Group, Ebara Corp",Jeannette, PA
ACI Concrete Tester,Allan Myers Inc.,King of Prussia, PA
E00909 - QA Tester,Recovery Centers of America,King of Prussia, PA
ICSA Labs - Interop and Proctor Tester,Crossfire Consulting,Mechanicsburg, PA
Penetration Tester (Mid to Senior),Accenture,Philadelphia, PA
WiFi Tester,Apidel Technologies,Philadelphia, PA
QA Automation Tester,CGI,Philadelphia, PA
"OSS Quality Assurance Testers (2)/ Philadelphia, PA preferred, Remote OK 12 mth+ contract",Dice,Philadelphia, PA
ICSA Labs - Interop and Proctor tester,"Pinnacle Group, Inc.",Philadelphia, PA
"OSS Quality Assurance Testers (2)/ Philadelphia, PA preferred, Remote OK 12 mth+ contract",Suncap Technology,Philadelphia, PA
"OSS Quality Assurance Testers (2)/ Philadelphia, PA preferred, Remote OK 12 mth contract",Suncap Technology,Philadelphia, PA
Penetration Tester (Mid to Senior),Accenture,Pittsburgh, PA
Mid-Level Manual Tester,Murtech Consulting,Pittsburgh, PA
Mobile Tester,"Spring Technosoft, Inc.",Pittsburgh, PA
Tester,TALENT Software Services,Pittsburgh, PA
NFL/NBA Quality Assurance Tester (Mobile Apps),"YinzCam, Inc.",Pittsburgh, PA
""
Penetration Tester (Mid to Senior),Accenture,Berwyn, PA
Quality Assurance Tester Co-op,Retail Business Services,Carlisle, PA
Penetration Tester (Mid to Senior),Accenture,Collegeville, PA
(DN) Manual Tester - IMMEDIATE Hire!!,Dice,Fairfield, PA
QA Tester,Crescens Inc.,Harrisburg, PA
Balancer Tester A,"Elliott Group, Ebara Corp",Jeannette, PA
ACI Concrete Tester,Allan Myers Inc.,King of Prussia, PA
E00909 - QA Tester,Recovery Centers of America,King of Prussia, PA
ICSA Labs - Interop and Proctor Tester,Crossfire Consulting,Mechanicsburg, PA
Penetration Tester (Mid to Senior),Accenture,Philadelphia, PA
WiFi Tester,Apidel Technologies,Philadelphia, PA
QA Automation Tester,CGI,Philadelphia, PA
"OSS Quality Assurance Testers (2)/ Philadelphia, PA preferred, Remote OK 12 mth+ contract",Dice,Philadelphia, PA
ICSA Labs - Interop and Proctor tester,"Pinnacle Group, Inc.",Philadelphia, PA
"OSS Quality Assurance Testers (2)/ Philadelphia, PA preferred, Remote OK 12 mth+ contract",Suncap Technology,Philadelphia, PA
"OSS Quality Assurance Testers (2)/ Philadelphia, PA preferred, Remote OK 12 mth contract",Suncap Technology,Philadelphia, PA
Penetration Tester (Mid to Senior),Accenture,Pittsburgh, PA
Mid-Level Manual Tester,Murtech Consulting,Pittsburgh, PA
Mobile Tester,"Spring Technosoft, Inc.",Pittsburgh, PA
Tester,TALENT Software Services,Pittsburgh, PA
NFL/NBA Quality Assurance Tester (Mobile Apps),"YinzCam, Inc.",Pittsburgh, PA
QA Tester / QA Analyst - Financial - W2,Dice,Warrendale, PA
""
Penetration Tester (Mid to Senior),Accenture,Berwyn, PA
Quality Assurance Tester Co-op,Retail Business Services,Carlisle, PA
Penetration Tester (Mid to Senior),Accenture,Collegeville, PA
(DN) Manual Tester - IMMEDIATE Hire!!,Dice,Fairfield, PA
QA Tester,Crescens Inc.,Harrisburg, PA
Balancer Tester A,"Elliott Group, Ebara Corp",Jeannette, PA
ACI Concrete Tester,Allan Myers Inc.,King of Prussia, PA
E00909 - QA Tester,Recovery Centers of America,King of Prussia, PA
ICSA Labs - Interop and Proctor Tester,Crossfire Consulting,Mechanicsburg, PA
Penetration Tester (Mid to Senior),Accenture,Philadelphia, PA
WiFi Tester,Apidel Technologies,Philadelphia, PA
QA Automation Tester,CGI,Philadelphia, PA
"OSS Quality Assurance Testers (2)/ Philadelphia, PA preferred, Remote OK 12 mth+ contract",Dice,Philadelphia, PA
ICSA Labs - Interop and Proctor tester,"Pinnacle Group, Inc.",Philadelphia, PA
"OSS Quality Assurance Testers (2)/ Philadelphia, PA preferred, Remote OK 12 mth+ contract",Suncap Technology,Philadelphia, PA
"OSS Quality Assurance Testers (2)/ Philadelphia, PA preferred, Remote OK 12 mth contract",Suncap Technology,Philadelphia, PA
Penetration Tester (Mid to Senior),Accenture,Pittsburgh, PA
Mid-Level Manual Tester,Murtech Consulting,Pittsburgh, PA
Mobile Tester,"Spring Technosoft, Inc.",Pittsburgh, PA
Tester,TALENT Software Services,Pittsburgh, PA
NFL/NBA Quality Assurance Tester (Mobile Apps),"YinzCam, Inc.",Pittsburgh, PA
QA Tester / QA Analyst - Financial - W2,Dice,Warrendale, PA
Penetration Tester (Mid to Senior),Accenture,Wayne, PA
""
Penetration Tester (Mid to Senior),Accenture,Berwyn, PA
Quality Assurance Tester Co-op,Retail Business Services,Carlisle, PA
Penetration Tester (Mid to Senior),Accenture,Collegeville, PA
(DN) Manual Tester - IMMEDIATE Hire!!,Dice,Fairfield, PA
QA Tester,Crescens Inc.,Harrisburg, PA
Balancer Tester A,"Elliott Group, Ebara Corp",Jeannette, PA
ACI Concrete Tester,Allan Myers Inc.,King of Prussia, PA
E00909 - QA Tester,Recovery Centers of America,King of Prussia, PA
ICSA Labs - Interop and Proctor Tester,Crossfire Consulting,Mechanicsburg, PA
Penetration Tester (Mid to Senior),Accenture,Philadelphia, PA
WiFi Tester,Apidel Technologies,Philadelphia, PA
QA Automation Tester,CGI,Philadelphia, PA
"OSS Quality Assurance Testers (2)/ Philadelphia, PA preferred, Remote OK 12 mth+ contract",Dice,Philadelphia, PA
ICSA Labs - Interop and Proctor tester,"Pinnacle Group, Inc.",Philadelphia, PA
"OSS Quality Assurance Testers (2)/ Philadelphia, PA preferred, Remote OK 12 mth+ contract",Suncap Technology,Philadelphia, PA
"OSS Quality Assurance Testers (2)/ Philadelphia, PA preferred, Remote OK 12 mth contract",Suncap Technology,Philadelphia, PA
Penetration Tester (Mid to Senior),Accenture,Pittsburgh, PA
Mid-Level Manual Tester,Murtech Consulting,Pittsburgh, PA
Mobile Tester,"Spring Technosoft, Inc.",Pittsburgh, PA
Tester,TALENT Software Services,Pittsburgh, PA
NFL/NBA Quality Assurance Tester (Mobile Apps),"YinzCam, Inc.",Pittsburgh, PA
QA Tester / QA Analyst - Financial - W2,Dice,Warrendale, PA
Penetration Tester (Mid to Senior),Accenture,Wayne, PA
System Test Development Engineer,CTDI,West Chester, PA
""
Penetration Tester (Mid to Senior),Accenture,Berwyn, PA
Quality Assurance Tester Co-op,Retail Business Services,Carlisle, PA
Penetration Tester (Mid to Senior),Accenture,Collegeville, PA
(DN) Manual Tester - IMMEDIATE Hire!!,Dice,Fairfield, PA
QA Tester,Crescens Inc.,Harrisburg, PA
Balancer Tester A,"Elliott Group, Ebara Corp",Jeannette, PA
ACI Concrete Tester,Allan Myers Inc.,King of Prussia, PA
E00909 - QA Tester,Recovery Centers of America,King of Prussia, PA
ICSA Labs - Interop and Proctor Tester,Crossfire Consulting,Mechanicsburg, PA
Penetration Tester (Mid to Senior),Accenture,Philadelphia, PA
WiFi Tester,Apidel Technologies,Philadelphia, PA
QA Automation Tester,CGI,Philadelphia, PA
"OSS Quality Assurance Testers (2)/ Philadelphia, PA preferred, Remote OK 12 mth+ contract",Dice,Philadelphia, PA
ICSA Labs - Interop and Proctor tester,"Pinnacle Group, Inc.",Philadelphia, PA
"OSS Quality Assurance Testers (2)/ Philadelphia, PA preferred, Remote OK 12 mth+ contract",Suncap Technology,Philadelphia, PA
"OSS Quality Assurance Testers (2)/ Philadelphia, PA preferred, Remote OK 12 mth contract",Suncap Technology,Philadelphia, PA
Penetration Tester (Mid to Senior),Accenture,Pittsburgh, PA
Mid-Level Manual Tester,Murtech Consulting,Pittsburgh, PA
Mobile Tester,"Spring Technosoft, Inc.",Pittsburgh, PA
Tester,TALENT Software Services,Pittsburgh, PA
NFL/NBA Quality Assurance Tester (Mobile Apps),"YinzCam, Inc.",Pittsburgh, PA
QA Tester / QA Analyst - Financial - W2,Dice,Warrendale, PA
Penetration Tester (Mid to Senior),Accenture,Wayne, PA
System Test Development Engineer,CTDI,West Chester, PA
Software-Electrical Engineer,CTDI,West Chester, PA
""
Penetration Tester (Mid to Senior),Accenture,Berwyn, PA
Quality Assurance Tester Co-op,Retail Business Services,Carlisle, PA
Penetration Tester (Mid to Senior),Accenture,Collegeville, PA
(DN) Manual Tester - IMMEDIATE Hire!!,Dice,Fairfield, PA
QA Tester,Crescens Inc.,Harrisburg, PA
Balancer Tester A,"Elliott Group, Ebara Corp",Jeannette, PA
ACI Concrete Tester,Allan Myers Inc.,King of Prussia, PA
E00909 - QA Tester,Recovery Centers of America,King of Prussia, PA
ICSA Labs - Interop and Proctor Tester,Crossfire Consulting,Mechanicsburg, PA
Penetration Tester (Mid to Senior),Accenture,Philadelphia, PA
WiFi Tester,Apidel Technologies,Philadelphia, PA
QA Automation Tester,CGI,Philadelphia, PA
"OSS Quality Assurance Testers (2)/ Philadelphia, PA preferred, Remote OK 12 mth+ contract",Dice,Philadelphia, PA
ICSA Labs - Interop and Proctor tester,"Pinnacle Group, Inc.",Philadelphia, PA
"OSS Quality Assurance Testers (2)/ Philadelphia, PA preferred, Remote OK 12 mth+ contract",Suncap Technology,Philadelphia, PA
"OSS Quality Assurance Testers (2)/ Philadelphia, PA preferred, Remote OK 12 mth contract",Suncap Technology,Philadelphia, PA
Penetration Tester (Mid to Senior),Accenture,Pittsburgh, PA
Mid-Level Manual Tester,Murtech Consulting,Pittsburgh, PA
Mobile Tester,"Spring Technosoft, Inc.",Pittsburgh, PA
Tester,TALENT Software Services,Pittsburgh, PA
NFL/NBA Quality Assurance Tester (Mobile Apps),"YinzCam, Inc.",Pittsburgh, PA
QA Tester / QA Analyst - Financial - W2,Dice,Warrendale, PA
Penetration Tester (Mid to Senior),Accenture,Wayne, PA
System Test Development Engineer,CTDI,West Chester, PA
Software-Electrical Engineer,CTDI,West Chester, PA
Electronic Tester,"Stellant Systems, Inc.",Williamsport, PA
""
Penetration Tester (Mid to Senior),Accenture,Berwyn, PA
Quality Assurance Tester Co-op,Retail Business Services,Carlisle, PA
Penetration Tester (Mid to Senior),Accenture,Collegeville, PA
(DN) Manual Tester - IMMEDIATE Hire!!,Dice,Fairfield, PA
QA Tester,Crescens Inc.,Harrisburg, PA
Balancer Tester A,"Elliott Group, Ebara Corp",Jeannette, PA
ACI Concrete Tester,Allan Myers Inc.,King of Prussia, PA
E00909 - QA Tester,Recovery Centers of America,King of Prussia, PA
ICSA Labs - Interop and Proctor Tester,Crossfire Consulting,Mechanicsburg, PA
Penetration Tester (Mid to Senior),Accenture,Philadelphia, PA
WiFi Tester,Apidel Technologies,Philadelphia, PA
QA Automation Tester,CGI,Philadelphia, PA
"OSS Quality Assurance Testers (2)/ Philadelphia, PA preferred, Remote OK 12 mth+ contract",Dice,Philadelphia, PA
ICSA Labs - Interop and Proctor tester,"Pinnacle Group, Inc.",Philadelphia, PA
"OSS Quality Assurance Testers (2)/ Philadelphia, PA preferred, Remote OK 12 mth+ contract",Suncap Technology,Philadelphia, PA
"OSS Quality Assurance Testers (2)/ Philadelphia, PA preferred, Remote OK 12 mth contract",Suncap Technology,Philadelphia, PA
Penetration Tester (Mid to Senior),Accenture,Pittsburgh, PA
Mid-Level Manual Tester,Murtech Consulting,Pittsburgh, PA
Mobile Tester,"Spring Technosoft, Inc.",Pittsburgh, PA
Tester,TALENT Software Services,Pittsburgh, PA
NFL/NBA Quality Assurance Tester (Mobile Apps),"YinzCam, Inc.",Pittsburgh, PA
QA Tester / QA Analyst - Financial - W2,Dice,Warrendale, PA
Penetration Tester (Mid to Senior),Accenture,Wayne, PA
System Test Development Engineer,CTDI,West Chester, PA
Software-Electrical Engineer,CTDI,West Chester, PA
Electronic Tester,"Stellant Systems, Inc.",Williamsport, PA
Field Tester Single Phase-York PA,FirstEnergy,York, PA
