Tester 4,GovCIO,Alexandria, VA
Tester 4,GovCIO,Alexandria, VA
Penetration Tester (Mid to Senior),Accenture,Arlington, VA
Tester 4,GovCIO,Alexandria, VA
Penetration Tester (Mid to Senior),Accenture,Arlington, VA
QA Tester,"Global TechPro, LLC",Arlington, VA
Tester 4,GovCIO,Alexandria, VA
Penetration Tester (Mid to Senior),Accenture,Arlington, VA
QA Tester,"Global TechPro, LLC",Arlington, VA
Penetration Tester (Mid to Senior),Accenture,Ashburn, VA
Tester 4,GovCIO,Alexandria, VA
Penetration Tester (Mid to Senior),Accenture,Arlington, VA
QA Tester,"Global TechPro, LLC",Arlington, VA
Penetration Tester (Mid to Senior),Accenture,Ashburn, VA
Manual Tester,Dice,Ashburn, VA
Tester 4,GovCIO,Alexandria, VA
Penetration Tester (Mid to Senior),Accenture,Arlington, VA
QA Tester,"Global TechPro, LLC",Arlington, VA
Penetration Tester (Mid to Senior),Accenture,Ashburn, VA
Manual Tester,Dice,Ashburn, VA
Penetration Tester (Mid to Senior),Accenture,Chantilly, VA
Tester 4,GovCIO,Alexandria, VA
Penetration Tester (Mid to Senior),Accenture,Arlington, VA
QA Tester,"Global TechPro, LLC",Arlington, VA
Penetration Tester (Mid to Senior),Accenture,Ashburn, VA
Manual Tester,Dice,Ashburn, VA
Penetration Tester (Mid to Senior),Accenture,Chantilly, VA
Data Tester,BRMi,Chantilly, VA
Tester 4,GovCIO,Alexandria, VA
Penetration Tester (Mid to Senior),Accenture,Arlington, VA
QA Tester,"Global TechPro, LLC",Arlington, VA
Penetration Tester (Mid to Senior),Accenture,Ashburn, VA
Manual Tester,Dice,Ashburn, VA
Penetration Tester (Mid to Senior),Accenture,Chantilly, VA
Data Tester,BRMi,Chantilly, VA
Tester - TS/SCI Required,CGI,Chantilly, VA
Tester 4,GovCIO,Alexandria, VA
Penetration Tester (Mid to Senior),Accenture,Arlington, VA
QA Tester,"Global TechPro, LLC",Arlington, VA
Penetration Tester (Mid to Senior),Accenture,Ashburn, VA
Manual Tester,Dice,Ashburn, VA
Penetration Tester (Mid to Senior),Accenture,Chantilly, VA
Data Tester,BRMi,Chantilly, VA
Tester - TS/SCI Required,CGI,Chantilly, VA
Tester - TS/SCI Required,Cgi Technologies Corporation,Chantilly, VA
Tester 4,GovCIO,Alexandria, VA
Penetration Tester (Mid to Senior),Accenture,Arlington, VA
QA Tester,"Global TechPro, LLC",Arlington, VA
Penetration Tester (Mid to Senior),Accenture,Ashburn, VA
Manual Tester,Dice,Ashburn, VA
Penetration Tester (Mid to Senior),Accenture,Chantilly, VA
Data Tester,BRMi,Chantilly, VA
Tester - TS/SCI Required,CGI,Chantilly, VA
Tester - TS/SCI Required,Cgi Technologies Corporation,Chantilly, VA
Automated QA Tester (Selenium) - 190K with Security Clearance,ClearanceJobs,Chantilly, VA
Tester 4,GovCIO,Alexandria, VA
Penetration Tester (Mid to Senior),Accenture,Arlington, VA
QA Tester,"Global TechPro, LLC",Arlington, VA
Penetration Tester (Mid to Senior),Accenture,Ashburn, VA
Manual Tester,Dice,Ashburn, VA
Penetration Tester (Mid to Senior),Accenture,Chantilly, VA
Data Tester,BRMi,Chantilly, VA
Tester - TS/SCI Required,CGI,Chantilly, VA
Tester - TS/SCI Required,Cgi Technologies Corporation,Chantilly, VA
Automated QA Tester (Selenium) - 190K with Security Clearance,ClearanceJobs,Chantilly, VA
QA Tester / Analyst,"THE CENTECH GROUP, Inc.",Chantilly, VA
Tester 4,GovCIO,Alexandria, VA
Penetration Tester (Mid to Senior),Accenture,Arlington, VA
QA Tester,"Global TechPro, LLC",Arlington, VA
Penetration Tester (Mid to Senior),Accenture,Ashburn, VA
Manual Tester,Dice,Ashburn, VA
Penetration Tester (Mid to Senior),Accenture,Chantilly, VA
Data Tester,BRMi,Chantilly, VA
Tester - TS/SCI Required,CGI,Chantilly, VA
Tester - TS/SCI Required,Cgi Technologies Corporation,Chantilly, VA
Automated QA Tester (Selenium) - 190K with Security Clearance,ClearanceJobs,Chantilly, VA
QA Tester / Analyst,"THE CENTECH GROUP, Inc.",Chantilly, VA
Automated QA Tester (Selenium) - 190K with Security Clearance,Velocity Resource Solutions,Chantilly, VA
Tester 4,GovCIO,Alexandria, VA
Penetration Tester (Mid to Senior),Accenture,Arlington, VA
QA Tester,"Global TechPro, LLC",Arlington, VA
Penetration Tester (Mid to Senior),Accenture,Ashburn, VA
Manual Tester,Dice,Ashburn, VA
Penetration Tester (Mid to Senior),Accenture,Chantilly, VA
Data Tester,BRMi,Chantilly, VA
Tester - TS/SCI Required,CGI,Chantilly, VA
Tester - TS/SCI Required,Cgi Technologies Corporation,Chantilly, VA
Automated QA Tester (Selenium) - 190K with Security Clearance,ClearanceJobs,Chantilly, VA
QA Tester / Analyst,"THE CENTECH GROUP, Inc.",Chantilly, VA
Automated QA Tester (Selenium) - 190K with Security Clearance,Velocity Resource Solutions,Chantilly, VA
Penetration Tester (Mid to Senior),Accenture,Chesapeake, VA
Tester 4,GovCIO,Alexandria, VA
Penetration Tester (Mid to Senior),Accenture,Arlington, VA
QA Tester,"Global TechPro, LLC",Arlington, VA
Penetration Tester (Mid to Senior),Accenture,Ashburn, VA
Manual Tester,Dice,Ashburn, VA
Penetration Tester (Mid to Senior),Accenture,Chantilly, VA
Data Tester,BRMi,Chantilly, VA
Tester - TS/SCI Required,CGI,Chantilly, VA
Tester - TS/SCI Required,Cgi Technologies Corporation,Chantilly, VA
Automated QA Tester (Selenium) - 190K with Security Clearance,ClearanceJobs,Chantilly, VA
QA Tester / Analyst,"THE CENTECH GROUP, Inc.",Chantilly, VA
Automated QA Tester (Selenium) - 190K with Security Clearance,Velocity Resource Solutions,Chantilly, VA
Penetration Tester (Mid to Senior),Accenture,Chesapeake, VA
QA Tester,Falcon IT & Staffing Solutions,Dulles, VA
Tester 4,GovCIO,Alexandria, VA
Penetration Tester (Mid to Senior),Accenture,Arlington, VA
QA Tester,"Global TechPro, LLC",Arlington, VA
Penetration Tester (Mid to Senior),Accenture,Ashburn, VA
Manual Tester,Dice,Ashburn, VA
Penetration Tester (Mid to Senior),Accenture,Chantilly, VA
Data Tester,BRMi,Chantilly, VA
Tester - TS/SCI Required,CGI,Chantilly, VA
Tester - TS/SCI Required,Cgi Technologies Corporation,Chantilly, VA
Automated QA Tester (Selenium) - 190K with Security Clearance,ClearanceJobs,Chantilly, VA
QA Tester / Analyst,"THE CENTECH GROUP, Inc.",Chantilly, VA
Automated QA Tester (Selenium) - 190K with Security Clearance,Velocity Resource Solutions,Chantilly, VA
Penetration Tester (Mid to Senior),Accenture,Chesapeake, VA
QA Tester,Falcon IT & Staffing Solutions,Dulles, VA
QA Tester,"MOJA, Inc.",Dulles Town Center, VA
Tester 4,GovCIO,Alexandria, VA
Penetration Tester (Mid to Senior),Accenture,Arlington, VA
QA Tester,"Global TechPro, LLC",Arlington, VA
Penetration Tester (Mid to Senior),Accenture,Ashburn, VA
Manual Tester,Dice,Ashburn, VA
Penetration Tester (Mid to Senior),Accenture,Chantilly, VA
Data Tester,BRMi,Chantilly, VA
Tester - TS/SCI Required,CGI,Chantilly, VA
Tester - TS/SCI Required,Cgi Technologies Corporation,Chantilly, VA
Automated QA Tester (Selenium) - 190K with Security Clearance,ClearanceJobs,Chantilly, VA
QA Tester / Analyst,"THE CENTECH GROUP, Inc.",Chantilly, VA
Automated QA Tester (Selenium) - 190K with Security Clearance,Velocity Resource Solutions,Chantilly, VA
Penetration Tester (Mid to Senior),Accenture,Chesapeake, VA
QA Tester,Falcon IT & Staffing Solutions,Dulles, VA
QA Tester,"MOJA, Inc.",Dulles Town Center, VA
FREE QA Automation Tester TRAINING AND PLACEMENT PROGRAM.,CollaboraIT Inc.,Falls Church, VA
Tester 4,GovCIO,Alexandria, VA
Penetration Tester (Mid to Senior),Accenture,Arlington, VA
QA Tester,"Global TechPro, LLC",Arlington, VA
Penetration Tester (Mid to Senior),Accenture,Ashburn, VA
Manual Tester,Dice,Ashburn, VA
Penetration Tester (Mid to Senior),Accenture,Chantilly, VA
Data Tester,BRMi,Chantilly, VA
Tester - TS/SCI Required,CGI,Chantilly, VA
Tester - TS/SCI Required,Cgi Technologies Corporation,Chantilly, VA
Automated QA Tester (Selenium) - 190K with Security Clearance,ClearanceJobs,Chantilly, VA
QA Tester / Analyst,"THE CENTECH GROUP, Inc.",Chantilly, VA
Automated QA Tester (Selenium) - 190K with Security Clearance,Velocity Resource Solutions,Chantilly, VA
Penetration Tester (Mid to Senior),Accenture,Chesapeake, VA
QA Tester,Falcon IT & Staffing Solutions,Dulles, VA
QA Tester,"MOJA, Inc.",Dulles Town Center, VA
FREE QA Automation Tester TRAINING AND PLACEMENT PROGRAM.,CollaboraIT Inc.,Falls Church, VA
Tester 2,GovCIO,Hampton, VA
Tester 4,GovCIO,Alexandria, VA
Penetration Tester (Mid to Senior),Accenture,Arlington, VA
QA Tester,"Global TechPro, LLC",Arlington, VA
Penetration Tester (Mid to Senior),Accenture,Ashburn, VA
Manual Tester,Dice,Ashburn, VA
Penetration Tester (Mid to Senior),Accenture,Chantilly, VA
Data Tester,BRMi,Chantilly, VA
Tester - TS/SCI Required,CGI,Chantilly, VA
Tester - TS/SCI Required,Cgi Technologies Corporation,Chantilly, VA
Automated QA Tester (Selenium) - 190K with Security Clearance,ClearanceJobs,Chantilly, VA
QA Tester / Analyst,"THE CENTECH GROUP, Inc.",Chantilly, VA
Automated QA Tester (Selenium) - 190K with Security Clearance,Velocity Resource Solutions,Chantilly, VA
Penetration Tester (Mid to Senior),Accenture,Chesapeake, VA
QA Tester,Falcon IT & Staffing Solutions,Dulles, VA
QA Tester,"MOJA, Inc.",Dulles Town Center, VA
FREE QA Automation Tester TRAINING AND PLACEMENT PROGRAM.,CollaboraIT Inc.,Falls Church, VA
Tester 2,GovCIO,Hampton, VA
Tester 4,GovCIO,Hampton, VA
Tester 4,GovCIO,Alexandria, VA
Penetration Tester (Mid to Senior),Accenture,Arlington, VA
QA Tester,"Global TechPro, LLC",Arlington, VA
Penetration Tester (Mid to Senior),Accenture,Ashburn, VA
Manual Tester,Dice,Ashburn, VA
Penetration Tester (Mid to Senior),Accenture,Chantilly, VA
Data Tester,BRMi,Chantilly, VA
Tester - TS/SCI Required,CGI,Chantilly, VA
Tester - TS/SCI Required,Cgi Technologies Corporation,Chantilly, VA
Automated QA Tester (Selenium) - 190K with Security Clearance,ClearanceJobs,Chantilly, VA
QA Tester / Analyst,"THE CENTECH GROUP, Inc.",Chantilly, VA
Automated QA Tester (Selenium) - 190K with Security Clearance,Velocity Resource Solutions,Chantilly, VA
Penetration Tester (Mid to Senior),Accenture,Chesapeake, VA
QA Tester,Falcon IT & Staffing Solutions,Dulles, VA
QA Tester,"MOJA, Inc.",Dulles Town Center, VA
FREE QA Automation Tester TRAINING AND PLACEMENT PROGRAM.,CollaboraIT Inc.,Falls Church, VA
Tester 2,GovCIO,Hampton, VA
Tester 4,GovCIO,Hampton, VA
Tester 3,GovCIO,Hampton, VA
Tester 4,GovCIO,Alexandria, VA
Penetration Tester (Mid to Senior),Accenture,Arlington, VA
QA Tester,"Global TechPro, LLC",Arlington, VA
Penetration Tester (Mid to Senior),Accenture,Ashburn, VA
Manual Tester,Dice,Ashburn, VA
Penetration Tester (Mid to Senior),Accenture,Chantilly, VA
Data Tester,BRMi,Chantilly, VA
Tester - TS/SCI Required,CGI,Chantilly, VA
Tester - TS/SCI Required,Cgi Technologies Corporation,Chantilly, VA
Automated QA Tester (Selenium) - 190K with Security Clearance,ClearanceJobs,Chantilly, VA
QA Tester / Analyst,"THE CENTECH GROUP, Inc.",Chantilly, VA
Automated QA Tester (Selenium) - 190K with Security Clearance,Velocity Resource Solutions,Chantilly, VA
Penetration Tester (Mid to Senior),Accenture,Chesapeake, VA
QA Tester,Falcon IT & Staffing Solutions,Dulles, VA
QA Tester,"MOJA, Inc.",Dulles Town Center, VA
FREE QA Automation Tester TRAINING AND PLACEMENT PROGRAM.,CollaboraIT Inc.,Falls Church, VA
Tester 2,GovCIO,Hampton, VA
Tester 4,GovCIO,Hampton, VA
Tester 3,GovCIO,Hampton, VA
Penetration Tester (Mid to Senior),Accenture,Herndon, VA
Tester 4,GovCIO,Alexandria, VA
Penetration Tester (Mid to Senior),Accenture,Arlington, VA
QA Tester,"Global TechPro, LLC",Arlington, VA
Penetration Tester (Mid to Senior),Accenture,Ashburn, VA
Manual Tester,Dice,Ashburn, VA
Penetration Tester (Mid to Senior),Accenture,Chantilly, VA
Data Tester,BRMi,Chantilly, VA
Tester - TS/SCI Required,CGI,Chantilly, VA
Tester - TS/SCI Required,Cgi Technologies Corporation,Chantilly, VA
Automated QA Tester (Selenium) - 190K with Security Clearance,ClearanceJobs,Chantilly, VA
QA Tester / Analyst,"THE CENTECH GROUP, Inc.",Chantilly, VA
Automated QA Tester (Selenium) - 190K with Security Clearance,Velocity Resource Solutions,Chantilly, VA
Penetration Tester (Mid to Senior),Accenture,Chesapeake, VA
QA Tester,Falcon IT & Staffing Solutions,Dulles, VA
QA Tester,"MOJA, Inc.",Dulles Town Center, VA
FREE QA Automation Tester TRAINING AND PLACEMENT PROGRAM.,CollaboraIT Inc.,Falls Church, VA
Tester 2,GovCIO,Hampton, VA
Tester 4,GovCIO,Hampton, VA
Tester 3,GovCIO,Hampton, VA
Penetration Tester (Mid to Senior),Accenture,Herndon, VA
Tester with Security Clearance,ClearanceJobs,Herndon, VA
Tester 4,GovCIO,Alexandria, VA
Penetration Tester (Mid to Senior),Accenture,Arlington, VA
QA Tester,"Global TechPro, LLC",Arlington, VA
Penetration Tester (Mid to Senior),Accenture,Ashburn, VA
Manual Tester,Dice,Ashburn, VA
Penetration Tester (Mid to Senior),Accenture,Chantilly, VA
Data Tester,BRMi,Chantilly, VA
Tester - TS/SCI Required,CGI,Chantilly, VA
Tester - TS/SCI Required,Cgi Technologies Corporation,Chantilly, VA
Automated QA Tester (Selenium) - 190K with Security Clearance,ClearanceJobs,Chantilly, VA
QA Tester / Analyst,"THE CENTECH GROUP, Inc.",Chantilly, VA
Automated QA Tester (Selenium) - 190K with Security Clearance,Velocity Resource Solutions,Chantilly, VA
Penetration Tester (Mid to Senior),Accenture,Chesapeake, VA
QA Tester,Falcon IT & Staffing Solutions,Dulles, VA
QA Tester,"MOJA, Inc.",Dulles Town Center, VA
FREE QA Automation Tester TRAINING AND PLACEMENT PROGRAM.,CollaboraIT Inc.,Falls Church, VA
Tester 2,GovCIO,Hampton, VA
Tester 4,GovCIO,Hampton, VA
Tester 3,GovCIO,Hampton, VA
Penetration Tester (Mid to Senior),Accenture,Herndon, VA
Tester with Security Clearance,ClearanceJobs,Herndon, VA
Manual Tester,GXM CONSULTING,Herndon, VA
Tester 4,GovCIO,Alexandria, VA
Penetration Tester (Mid to Senior),Accenture,Arlington, VA
QA Tester,"Global TechPro, LLC",Arlington, VA
Penetration Tester (Mid to Senior),Accenture,Ashburn, VA
Manual Tester,Dice,Ashburn, VA
Penetration Tester (Mid to Senior),Accenture,Chantilly, VA
Data Tester,BRMi,Chantilly, VA
Tester - TS/SCI Required,CGI,Chantilly, VA
Tester - TS/SCI Required,Cgi Technologies Corporation,Chantilly, VA
Automated QA Tester (Selenium) - 190K with Security Clearance,ClearanceJobs,Chantilly, VA
QA Tester / Analyst,"THE CENTECH GROUP, Inc.",Chantilly, VA
Automated QA Tester (Selenium) - 190K with Security Clearance,Velocity Resource Solutions,Chantilly, VA
Penetration Tester (Mid to Senior),Accenture,Chesapeake, VA
QA Tester,Falcon IT & Staffing Solutions,Dulles, VA
QA Tester,"MOJA, Inc.",Dulles Town Center, VA
FREE QA Automation Tester TRAINING AND PLACEMENT PROGRAM.,CollaboraIT Inc.,Falls Church, VA
Tester 2,GovCIO,Hampton, VA
Tester 4,GovCIO,Hampton, VA
Tester 3,GovCIO,Hampton, VA
Penetration Tester (Mid to Senior),Accenture,Herndon, VA
Tester with Security Clearance,ClearanceJobs,Herndon, VA
Manual Tester,GXM CONSULTING,Herndon, VA
Quality Assurance Tester,Logical Paradigm,Herndon, VA
Tester 4,GovCIO,Alexandria, VA
Penetration Tester (Mid to Senior),Accenture,Arlington, VA
QA Tester,"Global TechPro, LLC",Arlington, VA
Penetration Tester (Mid to Senior),Accenture,Ashburn, VA
Manual Tester,Dice,Ashburn, VA
Penetration Tester (Mid to Senior),Accenture,Chantilly, VA
Data Tester,BRMi,Chantilly, VA
Tester - TS/SCI Required,CGI,Chantilly, VA
Tester - TS/SCI Required,Cgi Technologies Corporation,Chantilly, VA
Automated QA Tester (Selenium) - 190K with Security Clearance,ClearanceJobs,Chantilly, VA
QA Tester / Analyst,"THE CENTECH GROUP, Inc.",Chantilly, VA
Automated QA Tester (Selenium) - 190K with Security Clearance,Velocity Resource Solutions,Chantilly, VA
Penetration Tester (Mid to Senior),Accenture,Chesapeake, VA
QA Tester,Falcon IT & Staffing Solutions,Dulles, VA
QA Tester,"MOJA, Inc.",Dulles Town Center, VA
FREE QA Automation Tester TRAINING AND PLACEMENT PROGRAM.,CollaboraIT Inc.,Falls Church, VA
Tester 2,GovCIO,Hampton, VA
Tester 4,GovCIO,Hampton, VA
Tester 3,GovCIO,Hampton, VA
Penetration Tester (Mid to Senior),Accenture,Herndon, VA
Tester with Security Clearance,ClearanceJobs,Herndon, VA
Manual Tester,GXM CONSULTING,Herndon, VA
Quality Assurance Tester,Logical Paradigm,Herndon, VA
API Tester,Dice,Manassas, VA
Tester 4,GovCIO,Alexandria, VA
Penetration Tester (Mid to Senior),Accenture,Arlington, VA
QA Tester,"Global TechPro, LLC",Arlington, VA
Penetration Tester (Mid to Senior),Accenture,Ashburn, VA
Manual Tester,Dice,Ashburn, VA
Penetration Tester (Mid to Senior),Accenture,Chantilly, VA
Data Tester,BRMi,Chantilly, VA
Tester - TS/SCI Required,CGI,Chantilly, VA
Tester - TS/SCI Required,Cgi Technologies Corporation,Chantilly, VA
Automated QA Tester (Selenium) - 190K with Security Clearance,ClearanceJobs,Chantilly, VA
QA Tester / Analyst,"THE CENTECH GROUP, Inc.",Chantilly, VA
Automated QA Tester (Selenium) - 190K with Security Clearance,Velocity Resource Solutions,Chantilly, VA
Penetration Tester (Mid to Senior),Accenture,Chesapeake, VA
QA Tester,Falcon IT & Staffing Solutions,Dulles, VA
QA Tester,"MOJA, Inc.",Dulles Town Center, VA
FREE QA Automation Tester TRAINING AND PLACEMENT PROGRAM.,CollaboraIT Inc.,Falls Church, VA
Tester 2,GovCIO,Hampton, VA
Tester 4,GovCIO,Hampton, VA
Tester 3,GovCIO,Hampton, VA
Penetration Tester (Mid to Senior),Accenture,Herndon, VA
Tester with Security Clearance,ClearanceJobs,Herndon, VA
Manual Tester,GXM CONSULTING,Herndon, VA
Quality Assurance Tester,Logical Paradigm,Herndon, VA
API Tester,Dice,Manassas, VA
API Tester,TechWish,Manassas, VA
Tester 4,GovCIO,Alexandria, VA
Penetration Tester (Mid to Senior),Accenture,Arlington, VA
QA Tester,"Global TechPro, LLC",Arlington, VA
Penetration Tester (Mid to Senior),Accenture,Ashburn, VA
Manual Tester,Dice,Ashburn, VA
Penetration Tester (Mid to Senior),Accenture,Chantilly, VA
Data Tester,BRMi,Chantilly, VA
Tester - TS/SCI Required,CGI,Chantilly, VA
Tester - TS/SCI Required,Cgi Technologies Corporation,Chantilly, VA
Automated QA Tester (Selenium) - 190K with Security Clearance,ClearanceJobs,Chantilly, VA
QA Tester / Analyst,"THE CENTECH GROUP, Inc.",Chantilly, VA
Automated QA Tester (Selenium) - 190K with Security Clearance,Velocity Resource Solutions,Chantilly, VA
Penetration Tester (Mid to Senior),Accenture,Chesapeake, VA
QA Tester,Falcon IT & Staffing Solutions,Dulles, VA
QA Tester,"MOJA, Inc.",Dulles Town Center, VA
FREE QA Automation Tester TRAINING AND PLACEMENT PROGRAM.,CollaboraIT Inc.,Falls Church, VA
Tester 2,GovCIO,Hampton, VA
Tester 4,GovCIO,Hampton, VA
Tester 3,GovCIO,Hampton, VA
Penetration Tester (Mid to Senior),Accenture,Herndon, VA
Tester with Security Clearance,ClearanceJobs,Herndon, VA
Manual Tester,GXM CONSULTING,Herndon, VA
Quality Assurance Tester,Logical Paradigm,Herndon, VA
API Tester,Dice,Manassas, VA
API Tester,TechWish,Manassas, VA
Compliance Tester II-Privacy,Capital One,McLean, VA
Tester 4,GovCIO,Alexandria, VA
Penetration Tester (Mid to Senior),Accenture,Arlington, VA
QA Tester,"Global TechPro, LLC",Arlington, VA
Penetration Tester (Mid to Senior),Accenture,Ashburn, VA
Manual Tester,Dice,Ashburn, VA
Penetration Tester (Mid to Senior),Accenture,Chantilly, VA
Data Tester,BRMi,Chantilly, VA
Tester - TS/SCI Required,CGI,Chantilly, VA
Tester - TS/SCI Required,Cgi Technologies Corporation,Chantilly, VA
Automated QA Tester (Selenium) - 190K with Security Clearance,ClearanceJobs,Chantilly, VA
QA Tester / Analyst,"THE CENTECH GROUP, Inc.",Chantilly, VA
Automated QA Tester (Selenium) - 190K with Security Clearance,Velocity Resource Solutions,Chantilly, VA
Penetration Tester (Mid to Senior),Accenture,Chesapeake, VA
QA Tester,Falcon IT & Staffing Solutions,Dulles, VA
QA Tester,"MOJA, Inc.",Dulles Town Center, VA
FREE QA Automation Tester TRAINING AND PLACEMENT PROGRAM.,CollaboraIT Inc.,Falls Church, VA
Tester 2,GovCIO,Hampton, VA
Tester 4,GovCIO,Hampton, VA
Tester 3,GovCIO,Hampton, VA
Penetration Tester (Mid to Senior),Accenture,Herndon, VA
Tester with Security Clearance,ClearanceJobs,Herndon, VA
Manual Tester,GXM CONSULTING,Herndon, VA
Quality Assurance Tester,Logical Paradigm,Herndon, VA
API Tester,Dice,Manassas, VA
API Tester,TechWish,Manassas, VA
Compliance Tester II-Privacy,Capital One,McLean, VA
DevOps Tester Professional,eSolutionsFirst,McLean, VA
Tester 4,GovCIO,Alexandria, VA
Penetration Tester (Mid to Senior),Accenture,Arlington, VA
QA Tester,"Global TechPro, LLC",Arlington, VA
Penetration Tester (Mid to Senior),Accenture,Ashburn, VA
Manual Tester,Dice,Ashburn, VA
Penetration Tester (Mid to Senior),Accenture,Chantilly, VA
Data Tester,BRMi,Chantilly, VA
Tester - TS/SCI Required,CGI,Chantilly, VA
Tester - TS/SCI Required,Cgi Technologies Corporation,Chantilly, VA
Automated QA Tester (Selenium) - 190K with Security Clearance,ClearanceJobs,Chantilly, VA
QA Tester / Analyst,"THE CENTECH GROUP, Inc.",Chantilly, VA
Automated QA Tester (Selenium) - 190K with Security Clearance,Velocity Resource Solutions,Chantilly, VA
Penetration Tester (Mid to Senior),Accenture,Chesapeake, VA
QA Tester,Falcon IT & Staffing Solutions,Dulles, VA
QA Tester,"MOJA, Inc.",Dulles Town Center, VA
FREE QA Automation Tester TRAINING AND PLACEMENT PROGRAM.,CollaboraIT Inc.,Falls Church, VA
Tester 2,GovCIO,Hampton, VA
Tester 4,GovCIO,Hampton, VA
Tester 3,GovCIO,Hampton, VA
Penetration Tester (Mid to Senior),Accenture,Herndon, VA
Tester with Security Clearance,ClearanceJobs,Herndon, VA
Manual Tester,GXM CONSULTING,Herndon, VA
Quality Assurance Tester,Logical Paradigm,Herndon, VA
API Tester,Dice,Manassas, VA
API Tester,TechWish,Manassas, VA
Compliance Tester II-Privacy,Capital One,McLean, VA
DevOps Tester Professional,eSolutionsFirst,McLean, VA
Data Tester,Dice,Merrifield, VA
Tester 4,GovCIO,Alexandria, VA
Penetration Tester (Mid to Senior),Accenture,Arlington, VA
QA Tester,"Global TechPro, LLC",Arlington, VA
Penetration Tester (Mid to Senior),Accenture,Ashburn, VA
Manual Tester,Dice,Ashburn, VA
Penetration Tester (Mid to Senior),Accenture,Chantilly, VA
Data Tester,BRMi,Chantilly, VA
Tester - TS/SCI Required,CGI,Chantilly, VA
Tester - TS/SCI Required,Cgi Technologies Corporation,Chantilly, VA
Automated QA Tester (Selenium) - 190K with Security Clearance,ClearanceJobs,Chantilly, VA
QA Tester / Analyst,"THE CENTECH GROUP, Inc.",Chantilly, VA
Automated QA Tester (Selenium) - 190K with Security Clearance,Velocity Resource Solutions,Chantilly, VA
Penetration Tester (Mid to Senior),Accenture,Chesapeake, VA
QA Tester,Falcon IT & Staffing Solutions,Dulles, VA
QA Tester,"MOJA, Inc.",Dulles Town Center, VA
FREE QA Automation Tester TRAINING AND PLACEMENT PROGRAM.,CollaboraIT Inc.,Falls Church, VA
Tester 2,GovCIO,Hampton, VA
Tester 4,GovCIO,Hampton, VA
Tester 3,GovCIO,Hampton, VA
Penetration Tester (Mid to Senior),Accenture,Herndon, VA
Tester with Security Clearance,ClearanceJobs,Herndon, VA
Manual Tester,GXM CONSULTING,Herndon, VA
Quality Assurance Tester,Logical Paradigm,Herndon, VA
API Tester,Dice,Manassas, VA
API Tester,TechWish,Manassas, VA
Compliance Tester II-Privacy,Capital One,McLean, VA
DevOps Tester Professional,eSolutionsFirst,McLean, VA
Data Tester,Dice,Merrifield, VA
Data Tester,TechWish,Merrifield, VA
Tester 4,GovCIO,Alexandria, VA
Penetration Tester (Mid to Senior),Accenture,Arlington, VA
QA Tester,"Global TechPro, LLC",Arlington, VA
Penetration Tester (Mid to Senior),Accenture,Ashburn, VA
Manual Tester,Dice,Ashburn, VA
Penetration Tester (Mid to Senior),Accenture,Chantilly, VA
Data Tester,BRMi,Chantilly, VA
Tester - TS/SCI Required,CGI,Chantilly, VA
Tester - TS/SCI Required,Cgi Technologies Corporation,Chantilly, VA
Automated QA Tester (Selenium) - 190K with Security Clearance,ClearanceJobs,Chantilly, VA
QA Tester / Analyst,"THE CENTECH GROUP, Inc.",Chantilly, VA
Automated QA Tester (Selenium) - 190K with Security Clearance,Velocity Resource Solutions,Chantilly, VA
Penetration Tester (Mid to Senior),Accenture,Chesapeake, VA
QA Tester,Falcon IT & Staffing Solutions,Dulles, VA
QA Tester,"MOJA, Inc.",Dulles Town Center, VA
FREE QA Automation Tester TRAINING AND PLACEMENT PROGRAM.,CollaboraIT Inc.,Falls Church, VA
Tester 2,GovCIO,Hampton, VA
Tester 4,GovCIO,Hampton, VA
Tester 3,GovCIO,Hampton, VA
Penetration Tester (Mid to Senior),Accenture,Herndon, VA
Tester with Security Clearance,ClearanceJobs,Herndon, VA
Manual Tester,GXM CONSULTING,Herndon, VA
Quality Assurance Tester,Logical Paradigm,Herndon, VA
API Tester,Dice,Manassas, VA
API Tester,TechWish,Manassas, VA
Compliance Tester II-Privacy,Capital One,McLean, VA
DevOps Tester Professional,eSolutionsFirst,McLean, VA
Data Tester,Dice,Merrifield, VA
Data Tester,TechWish,Merrifield, VA
COVID19 Team Member Tester LLH,Riverside Health System,Newport News, VA
Tester 4,GovCIO,Alexandria, VA
Penetration Tester (Mid to Senior),Accenture,Arlington, VA
QA Tester,"Global TechPro, LLC",Arlington, VA
Penetration Tester (Mid to Senior),Accenture,Ashburn, VA
Manual Tester,Dice,Ashburn, VA
Penetration Tester (Mid to Senior),Accenture,Chantilly, VA
Data Tester,BRMi,Chantilly, VA
Tester - TS/SCI Required,CGI,Chantilly, VA
Tester - TS/SCI Required,Cgi Technologies Corporation,Chantilly, VA
Automated QA Tester (Selenium) - 190K with Security Clearance,ClearanceJobs,Chantilly, VA
QA Tester / Analyst,"THE CENTECH GROUP, Inc.",Chantilly, VA
Automated QA Tester (Selenium) - 190K with Security Clearance,Velocity Resource Solutions,Chantilly, VA
Penetration Tester (Mid to Senior),Accenture,Chesapeake, VA
QA Tester,Falcon IT & Staffing Solutions,Dulles, VA
QA Tester,"MOJA, Inc.",Dulles Town Center, VA
FREE QA Automation Tester TRAINING AND PLACEMENT PROGRAM.,CollaboraIT Inc.,Falls Church, VA
Tester 2,GovCIO,Hampton, VA
Tester 4,GovCIO,Hampton, VA
Tester 3,GovCIO,Hampton, VA
Penetration Tester (Mid to Senior),Accenture,Herndon, VA
Tester with Security Clearance,ClearanceJobs,Herndon, VA
Manual Tester,GXM CONSULTING,Herndon, VA
Quality Assurance Tester,Logical Paradigm,Herndon, VA
API Tester,Dice,Manassas, VA
API Tester,TechWish,Manassas, VA
Compliance Tester II-Privacy,Capital One,McLean, VA
DevOps Tester Professional,eSolutionsFirst,McLean, VA
Data Tester,Dice,Merrifield, VA
Data Tester,TechWish,Merrifield, VA
COVID19 Team Member Tester LLH,Riverside Health System,Newport News, VA
PEGA Tester,Cognizant,Norfolk, VA
Tester 4,GovCIO,Alexandria, VA
Penetration Tester (Mid to Senior),Accenture,Arlington, VA
QA Tester,"Global TechPro, LLC",Arlington, VA
Penetration Tester (Mid to Senior),Accenture,Ashburn, VA
Manual Tester,Dice,Ashburn, VA
Penetration Tester (Mid to Senior),Accenture,Chantilly, VA
Data Tester,BRMi,Chantilly, VA
Tester - TS/SCI Required,CGI,Chantilly, VA
Tester - TS/SCI Required,Cgi Technologies Corporation,Chantilly, VA
Automated QA Tester (Selenium) - 190K with Security Clearance,ClearanceJobs,Chantilly, VA
QA Tester / Analyst,"THE CENTECH GROUP, Inc.",Chantilly, VA
Automated QA Tester (Selenium) - 190K with Security Clearance,Velocity Resource Solutions,Chantilly, VA
Penetration Tester (Mid to Senior),Accenture,Chesapeake, VA
QA Tester,Falcon IT & Staffing Solutions,Dulles, VA
QA Tester,"MOJA, Inc.",Dulles Town Center, VA
FREE QA Automation Tester TRAINING AND PLACEMENT PROGRAM.,CollaboraIT Inc.,Falls Church, VA
Tester 2,GovCIO,Hampton, VA
Tester 4,GovCIO,Hampton, VA
Tester 3,GovCIO,Hampton, VA
Penetration Tester (Mid to Senior),Accenture,Herndon, VA
Tester with Security Clearance,ClearanceJobs,Herndon, VA
Manual Tester,GXM CONSULTING,Herndon, VA
Quality Assurance Tester,Logical Paradigm,Herndon, VA
API Tester,Dice,Manassas, VA
API Tester,TechWish,Manassas, VA
Compliance Tester II-Privacy,Capital One,McLean, VA
DevOps Tester Professional,eSolutionsFirst,McLean, VA
Data Tester,Dice,Merrifield, VA
Data Tester,TechWish,Merrifield, VA
COVID19 Team Member Tester LLH,Riverside Health System,Newport News, VA
PEGA Tester,Cognizant,Norfolk, VA
Tester,Dice,Reston, VA
Tester 4,GovCIO,Alexandria, VA
Penetration Tester (Mid to Senior),Accenture,Arlington, VA
QA Tester,"Global TechPro, LLC",Arlington, VA
Penetration Tester (Mid to Senior),Accenture,Ashburn, VA
Manual Tester,Dice,Ashburn, VA
Penetration Tester (Mid to Senior),Accenture,Chantilly, VA
Data Tester,BRMi,Chantilly, VA
Tester - TS/SCI Required,CGI,Chantilly, VA
Tester - TS/SCI Required,Cgi Technologies Corporation,Chantilly, VA
Automated QA Tester (Selenium) - 190K with Security Clearance,ClearanceJobs,Chantilly, VA
QA Tester / Analyst,"THE CENTECH GROUP, Inc.",Chantilly, VA
Automated QA Tester (Selenium) - 190K with Security Clearance,Velocity Resource Solutions,Chantilly, VA
Penetration Tester (Mid to Senior),Accenture,Chesapeake, VA
QA Tester,Falcon IT & Staffing Solutions,Dulles, VA
QA Tester,"MOJA, Inc.",Dulles Town Center, VA
FREE QA Automation Tester TRAINING AND PLACEMENT PROGRAM.,CollaboraIT Inc.,Falls Church, VA
Tester 2,GovCIO,Hampton, VA
Tester 4,GovCIO,Hampton, VA
Tester 3,GovCIO,Hampton, VA
Penetration Tester (Mid to Senior),Accenture,Herndon, VA
Tester with Security Clearance,ClearanceJobs,Herndon, VA
Manual Tester,GXM CONSULTING,Herndon, VA
Quality Assurance Tester,Logical Paradigm,Herndon, VA
API Tester,Dice,Manassas, VA
API Tester,TechWish,Manassas, VA
Compliance Tester II-Privacy,Capital One,McLean, VA
DevOps Tester Professional,eSolutionsFirst,McLean, VA
Data Tester,Dice,Merrifield, VA
Data Tester,TechWish,Merrifield, VA
COVID19 Team Member Tester LLH,Riverside Health System,Newport News, VA
PEGA Tester,Cognizant,Norfolk, VA
Tester,Dice,Reston, VA
Mid Tester,ICONMA,Reston, VA
Tester 4,GovCIO,Alexandria, VA
Penetration Tester (Mid to Senior),Accenture,Arlington, VA
QA Tester,"Global TechPro, LLC",Arlington, VA
Penetration Tester (Mid to Senior),Accenture,Ashburn, VA
Manual Tester,Dice,Ashburn, VA
Penetration Tester (Mid to Senior),Accenture,Chantilly, VA
Data Tester,BRMi,Chantilly, VA
Tester - TS/SCI Required,CGI,Chantilly, VA
Tester - TS/SCI Required,Cgi Technologies Corporation,Chantilly, VA
Automated QA Tester (Selenium) - 190K with Security Clearance,ClearanceJobs,Chantilly, VA
QA Tester / Analyst,"THE CENTECH GROUP, Inc.",Chantilly, VA
Automated QA Tester (Selenium) - 190K with Security Clearance,Velocity Resource Solutions,Chantilly, VA
Penetration Tester (Mid to Senior),Accenture,Chesapeake, VA
QA Tester,Falcon IT & Staffing Solutions,Dulles, VA
QA Tester,"MOJA, Inc.",Dulles Town Center, VA
FREE QA Automation Tester TRAINING AND PLACEMENT PROGRAM.,CollaboraIT Inc.,Falls Church, VA
Tester 2,GovCIO,Hampton, VA
Tester 4,GovCIO,Hampton, VA
Tester 3,GovCIO,Hampton, VA
Penetration Tester (Mid to Senior),Accenture,Herndon, VA
Tester with Security Clearance,ClearanceJobs,Herndon, VA
Manual Tester,GXM CONSULTING,Herndon, VA
Quality Assurance Tester,Logical Paradigm,Herndon, VA
API Tester,Dice,Manassas, VA
API Tester,TechWish,Manassas, VA
Compliance Tester II-Privacy,Capital One,McLean, VA
DevOps Tester Professional,eSolutionsFirst,McLean, VA
Data Tester,Dice,Merrifield, VA
Data Tester,TechWish,Merrifield, VA
COVID19 Team Member Tester LLH,Riverside Health System,Newport News, VA
PEGA Tester,Cognizant,Norfolk, VA
Tester,Dice,Reston, VA
Mid Tester,ICONMA,Reston, VA
Testing - Senior Tester,Lumen Solutions Group Inc.,Reston, VA
Tester 4,GovCIO,Alexandria, VA
Penetration Tester (Mid to Senior),Accenture,Arlington, VA
QA Tester,"Global TechPro, LLC",Arlington, VA
Penetration Tester (Mid to Senior),Accenture,Ashburn, VA
Manual Tester,Dice,Ashburn, VA
Penetration Tester (Mid to Senior),Accenture,Chantilly, VA
Data Tester,BRMi,Chantilly, VA
Tester - TS/SCI Required,CGI,Chantilly, VA
Tester - TS/SCI Required,Cgi Technologies Corporation,Chantilly, VA
Automated QA Tester (Selenium) - 190K with Security Clearance,ClearanceJobs,Chantilly, VA
QA Tester / Analyst,"THE CENTECH GROUP, Inc.",Chantilly, VA
Automated QA Tester (Selenium) - 190K with Security Clearance,Velocity Resource Solutions,Chantilly, VA
Penetration Tester (Mid to Senior),Accenture,Chesapeake, VA
QA Tester,Falcon IT & Staffing Solutions,Dulles, VA
QA Tester,"MOJA, Inc.",Dulles Town Center, VA
FREE QA Automation Tester TRAINING AND PLACEMENT PROGRAM.,CollaboraIT Inc.,Falls Church, VA
Tester 2,GovCIO,Hampton, VA
Tester 4,GovCIO,Hampton, VA
Tester 3,GovCIO,Hampton, VA
Penetration Tester (Mid to Senior),Accenture,Herndon, VA
Tester with Security Clearance,ClearanceJobs,Herndon, VA
Manual Tester,GXM CONSULTING,Herndon, VA
Quality Assurance Tester,Logical Paradigm,Herndon, VA
API Tester,Dice,Manassas, VA
API Tester,TechWish,Manassas, VA
Compliance Tester II-Privacy,Capital One,McLean, VA
DevOps Tester Professional,eSolutionsFirst,McLean, VA
Data Tester,Dice,Merrifield, VA
Data Tester,TechWish,Merrifield, VA
COVID19 Team Member Tester LLH,Riverside Health System,Newport News, VA
PEGA Tester,Cognizant,Norfolk, VA
Tester,Dice,Reston, VA
Mid Tester,ICONMA,Reston, VA
Testing - Senior Tester,Lumen Solutions Group Inc.,Reston, VA
Penetration Tester (Mid to Senior),Accenture,Richmond, VA
Tester 4,GovCIO,Alexandria, VA
Penetration Tester (Mid to Senior),Accenture,Arlington, VA
QA Tester,"Global TechPro, LLC",Arlington, VA
Penetration Tester (Mid to Senior),Accenture,Ashburn, VA
Manual Tester,Dice,Ashburn, VA
Penetration Tester (Mid to Senior),Accenture,Chantilly, VA
Data Tester,BRMi,Chantilly, VA
Tester - TS/SCI Required,CGI,Chantilly, VA
Tester - TS/SCI Required,Cgi Technologies Corporation,Chantilly, VA
Automated QA Tester (Selenium) - 190K with Security Clearance,ClearanceJobs,Chantilly, VA
QA Tester / Analyst,"THE CENTECH GROUP, Inc.",Chantilly, VA
Automated QA Tester (Selenium) - 190K with Security Clearance,Velocity Resource Solutions,Chantilly, VA
Penetration Tester (Mid to Senior),Accenture,Chesapeake, VA
QA Tester,Falcon IT & Staffing Solutions,Dulles, VA
QA Tester,"MOJA, Inc.",Dulles Town Center, VA
FREE QA Automation Tester TRAINING AND PLACEMENT PROGRAM.,CollaboraIT Inc.,Falls Church, VA
Tester 2,GovCIO,Hampton, VA
Tester 4,GovCIO,Hampton, VA
Tester 3,GovCIO,Hampton, VA
Penetration Tester (Mid to Senior),Accenture,Herndon, VA
Tester with Security Clearance,ClearanceJobs,Herndon, VA
Manual Tester,GXM CONSULTING,Herndon, VA
Quality Assurance Tester,Logical Paradigm,Herndon, VA
API Tester,Dice,Manassas, VA
API Tester,TechWish,Manassas, VA
Compliance Tester II-Privacy,Capital One,McLean, VA
DevOps Tester Professional,eSolutionsFirst,McLean, VA
Data Tester,Dice,Merrifield, VA
Data Tester,TechWish,Merrifield, VA
COVID19 Team Member Tester LLH,Riverside Health System,Newport News, VA
PEGA Tester,Cognizant,Norfolk, VA
Tester,Dice,Reston, VA
Mid Tester,ICONMA,Reston, VA
Testing - Senior Tester,Lumen Solutions Group Inc.,Reston, VA
Penetration Tester (Mid to Senior),Accenture,Richmond, VA
Oracle EBS Tester,Dice,Richmond, VA
Tester 4,GovCIO,Alexandria, VA
Penetration Tester (Mid to Senior),Accenture,Arlington, VA
QA Tester,"Global TechPro, LLC",Arlington, VA
Penetration Tester (Mid to Senior),Accenture,Ashburn, VA
Manual Tester,Dice,Ashburn, VA
Penetration Tester (Mid to Senior),Accenture,Chantilly, VA
Data Tester,BRMi,Chantilly, VA
Tester - TS/SCI Required,CGI,Chantilly, VA
Tester - TS/SCI Required,Cgi Technologies Corporation,Chantilly, VA
Automated QA Tester (Selenium) - 190K with Security Clearance,ClearanceJobs,Chantilly, VA
QA Tester / Analyst,"THE CENTECH GROUP, Inc.",Chantilly, VA
Automated QA Tester (Selenium) - 190K with Security Clearance,Velocity Resource Solutions,Chantilly, VA
Penetration Tester (Mid to Senior),Accenture,Chesapeake, VA
QA Tester,Falcon IT & Staffing Solutions,Dulles, VA
QA Tester,"MOJA, Inc.",Dulles Town Center, VA
FREE QA Automation Tester TRAINING AND PLACEMENT PROGRAM.,CollaboraIT Inc.,Falls Church, VA
Tester 2,GovCIO,Hampton, VA
Tester 4,GovCIO,Hampton, VA
Tester 3,GovCIO,Hampton, VA
Penetration Tester (Mid to Senior),Accenture,Herndon, VA
Tester with Security Clearance,ClearanceJobs,Herndon, VA
Manual Tester,GXM CONSULTING,Herndon, VA
Quality Assurance Tester,Logical Paradigm,Herndon, VA
API Tester,Dice,Manassas, VA
API Tester,TechWish,Manassas, VA
Compliance Tester II-Privacy,Capital One,McLean, VA
DevOps Tester Professional,eSolutionsFirst,McLean, VA
Data Tester,Dice,Merrifield, VA
Data Tester,TechWish,Merrifield, VA
COVID19 Team Member Tester LLH,Riverside Health System,Newport News, VA
PEGA Tester,Cognizant,Norfolk, VA
Tester,Dice,Reston, VA
Mid Tester,ICONMA,Reston, VA
Testing - Senior Tester,Lumen Solutions Group Inc.,Reston, VA
Penetration Tester (Mid to Senior),Accenture,Richmond, VA
Oracle EBS Tester,Dice,Richmond, VA
Light Industrial - Tester 1 Tester 1,KYYBA Inc,Richmond, VA
Tester 4,GovCIO,Alexandria, VA
Penetration Tester (Mid to Senior),Accenture,Arlington, VA
QA Tester,"Global TechPro, LLC",Arlington, VA
Penetration Tester (Mid to Senior),Accenture,Ashburn, VA
Manual Tester,Dice,Ashburn, VA
Penetration Tester (Mid to Senior),Accenture,Chantilly, VA
Data Tester,BRMi,Chantilly, VA
Tester - TS/SCI Required,CGI,Chantilly, VA
Tester - TS/SCI Required,Cgi Technologies Corporation,Chantilly, VA
Automated QA Tester (Selenium) - 190K with Security Clearance,ClearanceJobs,Chantilly, VA
QA Tester / Analyst,"THE CENTECH GROUP, Inc.",Chantilly, VA
Automated QA Tester (Selenium) - 190K with Security Clearance,Velocity Resource Solutions,Chantilly, VA
Penetration Tester (Mid to Senior),Accenture,Chesapeake, VA
QA Tester,Falcon IT & Staffing Solutions,Dulles, VA
QA Tester,"MOJA, Inc.",Dulles Town Center, VA
FREE QA Automation Tester TRAINING AND PLACEMENT PROGRAM.,CollaboraIT Inc.,Falls Church, VA
Tester 2,GovCIO,Hampton, VA
Tester 4,GovCIO,Hampton, VA
Tester 3,GovCIO,Hampton, VA
Penetration Tester (Mid to Senior),Accenture,Herndon, VA
Tester with Security Clearance,ClearanceJobs,Herndon, VA
Manual Tester,GXM CONSULTING,Herndon, VA
Quality Assurance Tester,Logical Paradigm,Herndon, VA
API Tester,Dice,Manassas, VA
API Tester,TechWish,Manassas, VA
Compliance Tester II-Privacy,Capital One,McLean, VA
DevOps Tester Professional,eSolutionsFirst,McLean, VA
Data Tester,Dice,Merrifield, VA
Data Tester,TechWish,Merrifield, VA
COVID19 Team Member Tester LLH,Riverside Health System,Newport News, VA
PEGA Tester,Cognizant,Norfolk, VA
Tester,Dice,Reston, VA
Mid Tester,ICONMA,Reston, VA
Testing - Senior Tester,Lumen Solutions Group Inc.,Reston, VA
Penetration Tester (Mid to Senior),Accenture,Richmond, VA
Oracle EBS Tester,Dice,Richmond, VA
Light Industrial - Tester 1 Tester 1,KYYBA Inc,Richmond, VA
QI Tester,Truist,Richmond, VA
Tester 4,GovCIO,Alexandria, VA
Penetration Tester (Mid to Senior),Accenture,Arlington, VA
QA Tester,"Global TechPro, LLC",Arlington, VA
Penetration Tester (Mid to Senior),Accenture,Ashburn, VA
Manual Tester,Dice,Ashburn, VA
Penetration Tester (Mid to Senior),Accenture,Chantilly, VA
Data Tester,BRMi,Chantilly, VA
Tester - TS/SCI Required,CGI,Chantilly, VA
Tester - TS/SCI Required,Cgi Technologies Corporation,Chantilly, VA
Automated QA Tester (Selenium) - 190K with Security Clearance,ClearanceJobs,Chantilly, VA
QA Tester / Analyst,"THE CENTECH GROUP, Inc.",Chantilly, VA
Automated QA Tester (Selenium) - 190K with Security Clearance,Velocity Resource Solutions,Chantilly, VA
Penetration Tester (Mid to Senior),Accenture,Chesapeake, VA
QA Tester,Falcon IT & Staffing Solutions,Dulles, VA
QA Tester,"MOJA, Inc.",Dulles Town Center, VA
FREE QA Automation Tester TRAINING AND PLACEMENT PROGRAM.,CollaboraIT Inc.,Falls Church, VA
Tester 2,GovCIO,Hampton, VA
Tester 4,GovCIO,Hampton, VA
Tester 3,GovCIO,Hampton, VA
Penetration Tester (Mid to Senior),Accenture,Herndon, VA
Tester with Security Clearance,ClearanceJobs,Herndon, VA
Manual Tester,GXM CONSULTING,Herndon, VA
Quality Assurance Tester,Logical Paradigm,Herndon, VA
API Tester,Dice,Manassas, VA
API Tester,TechWish,Manassas, VA
Compliance Tester II-Privacy,Capital One,McLean, VA
DevOps Tester Professional,eSolutionsFirst,McLean, VA
Data Tester,Dice,Merrifield, VA
Data Tester,TechWish,Merrifield, VA
COVID19 Team Member Tester LLH,Riverside Health System,Newport News, VA
PEGA Tester,Cognizant,Norfolk, VA
Tester,Dice,Reston, VA
Mid Tester,ICONMA,Reston, VA
Testing - Senior Tester,Lumen Solutions Group Inc.,Reston, VA
Penetration Tester (Mid to Senior),Accenture,Richmond, VA
Oracle EBS Tester,Dice,Richmond, VA
Light Industrial - Tester 1 Tester 1,KYYBA Inc,Richmond, VA
QI Tester,Truist,Richmond, VA
Tester,Elbit Systems of America,Roanoke, VA
Tester 4,GovCIO,Alexandria, VA
Penetration Tester (Mid to Senior),Accenture,Arlington, VA
QA Tester,"Global TechPro, LLC",Arlington, VA
Penetration Tester (Mid to Senior),Accenture,Ashburn, VA
Manual Tester,Dice,Ashburn, VA
Penetration Tester (Mid to Senior),Accenture,Chantilly, VA
Data Tester,BRMi,Chantilly, VA
Tester - TS/SCI Required,CGI,Chantilly, VA
Tester - TS/SCI Required,Cgi Technologies Corporation,Chantilly, VA
Automated QA Tester (Selenium) - 190K with Security Clearance,ClearanceJobs,Chantilly, VA
QA Tester / Analyst,"THE CENTECH GROUP, Inc.",Chantilly, VA
Automated QA Tester (Selenium) - 190K with Security Clearance,Velocity Resource Solutions,Chantilly, VA
Penetration Tester (Mid to Senior),Accenture,Chesapeake, VA
QA Tester,Falcon IT & Staffing Solutions,Dulles, VA
QA Tester,"MOJA, Inc.",Dulles Town Center, VA
FREE QA Automation Tester TRAINING AND PLACEMENT PROGRAM.,CollaboraIT Inc.,Falls Church, VA
Tester 2,GovCIO,Hampton, VA
Tester 4,GovCIO,Hampton, VA
Tester 3,GovCIO,Hampton, VA
Penetration Tester (Mid to Senior),Accenture,Herndon, VA
Tester with Security Clearance,ClearanceJobs,Herndon, VA
Manual Tester,GXM CONSULTING,Herndon, VA
Quality Assurance Tester,Logical Paradigm,Herndon, VA
API Tester,Dice,Manassas, VA
API Tester,TechWish,Manassas, VA
Compliance Tester II-Privacy,Capital One,McLean, VA
DevOps Tester Professional,eSolutionsFirst,McLean, VA
Data Tester,Dice,Merrifield, VA
Data Tester,TechWish,Merrifield, VA
COVID19 Team Member Tester LLH,Riverside Health System,Newport News, VA
PEGA Tester,Cognizant,Norfolk, VA
Tester,Dice,Reston, VA
Mid Tester,ICONMA,Reston, VA
Testing - Senior Tester,Lumen Solutions Group Inc.,Reston, VA
Penetration Tester (Mid to Senior),Accenture,Richmond, VA
Oracle EBS Tester,Dice,Richmond, VA
Light Industrial - Tester 1 Tester 1,KYYBA Inc,Richmond, VA
QI Tester,Truist,Richmond, VA
Tester,Elbit Systems of America,Roanoke, VA
QA Tester - POS,TEKsystems,Roanoke, VA
Tester 4,GovCIO,Alexandria, VA
Penetration Tester (Mid to Senior),Accenture,Arlington, VA
QA Tester,"Global TechPro, LLC",Arlington, VA
Penetration Tester (Mid to Senior),Accenture,Ashburn, VA
Manual Tester,Dice,Ashburn, VA
Penetration Tester (Mid to Senior),Accenture,Chantilly, VA
Data Tester,BRMi,Chantilly, VA
Tester - TS/SCI Required,CGI,Chantilly, VA
Tester - TS/SCI Required,Cgi Technologies Corporation,Chantilly, VA
Automated QA Tester (Selenium) - 190K with Security Clearance,ClearanceJobs,Chantilly, VA
QA Tester / Analyst,"THE CENTECH GROUP, Inc.",Chantilly, VA
Automated QA Tester (Selenium) - 190K with Security Clearance,Velocity Resource Solutions,Chantilly, VA
Penetration Tester (Mid to Senior),Accenture,Chesapeake, VA
QA Tester,Falcon IT & Staffing Solutions,Dulles, VA
QA Tester,"MOJA, Inc.",Dulles Town Center, VA
FREE QA Automation Tester TRAINING AND PLACEMENT PROGRAM.,CollaboraIT Inc.,Falls Church, VA
Tester 2,GovCIO,Hampton, VA
Tester 4,GovCIO,Hampton, VA
Tester 3,GovCIO,Hampton, VA
Penetration Tester (Mid to Senior),Accenture,Herndon, VA
Tester with Security Clearance,ClearanceJobs,Herndon, VA
Manual Tester,GXM CONSULTING,Herndon, VA
Quality Assurance Tester,Logical Paradigm,Herndon, VA
API Tester,Dice,Manassas, VA
API Tester,TechWish,Manassas, VA
Compliance Tester II-Privacy,Capital One,McLean, VA
DevOps Tester Professional,eSolutionsFirst,McLean, VA
Data Tester,Dice,Merrifield, VA
Data Tester,TechWish,Merrifield, VA
COVID19 Team Member Tester LLH,Riverside Health System,Newport News, VA
PEGA Tester,Cognizant,Norfolk, VA
Tester,Dice,Reston, VA
Mid Tester,ICONMA,Reston, VA
Testing - Senior Tester,Lumen Solutions Group Inc.,Reston, VA
Penetration Tester (Mid to Senior),Accenture,Richmond, VA
Oracle EBS Tester,Dice,Richmond, VA
Light Industrial - Tester 1 Tester 1,KYYBA Inc,Richmond, VA
QI Tester,Truist,Richmond, VA
Tester,Elbit Systems of America,Roanoke, VA
QA Tester - POS,TEKsystems,Roanoke, VA
Tester A,Daikin Applied Americas,Staunton, VA
Tester 4,GovCIO,Alexandria, VA
Penetration Tester (Mid to Senior),Accenture,Arlington, VA
QA Tester,"Global TechPro, LLC",Arlington, VA
Penetration Tester (Mid to Senior),Accenture,Ashburn, VA
Manual Tester,Dice,Ashburn, VA
Penetration Tester (Mid to Senior),Accenture,Chantilly, VA
Data Tester,BRMi,Chantilly, VA
Tester - TS/SCI Required,CGI,Chantilly, VA
Tester - TS/SCI Required,Cgi Technologies Corporation,Chantilly, VA
Automated QA Tester (Selenium) - 190K with Security Clearance,ClearanceJobs,Chantilly, VA
QA Tester / Analyst,"THE CENTECH GROUP, Inc.",Chantilly, VA
Automated QA Tester (Selenium) - 190K with Security Clearance,Velocity Resource Solutions,Chantilly, VA
Penetration Tester (Mid to Senior),Accenture,Chesapeake, VA
QA Tester,Falcon IT & Staffing Solutions,Dulles, VA
QA Tester,"MOJA, Inc.",Dulles Town Center, VA
FREE QA Automation Tester TRAINING AND PLACEMENT PROGRAM.,CollaboraIT Inc.,Falls Church, VA
Tester 2,GovCIO,Hampton, VA
Tester 4,GovCIO,Hampton, VA
Tester 3,GovCIO,Hampton, VA
Penetration Tester (Mid to Senior),Accenture,Herndon, VA
Tester with Security Clearance,ClearanceJobs,Herndon, VA
Manual Tester,GXM CONSULTING,Herndon, VA
Quality Assurance Tester,Logical Paradigm,Herndon, VA
API Tester,Dice,Manassas, VA
API Tester,TechWish,Manassas, VA
Compliance Tester II-Privacy,Capital One,McLean, VA
DevOps Tester Professional,eSolutionsFirst,McLean, VA
Data Tester,Dice,Merrifield, VA
Data Tester,TechWish,Merrifield, VA
COVID19 Team Member Tester LLH,Riverside Health System,Newport News, VA
PEGA Tester,Cognizant,Norfolk, VA
Tester,Dice,Reston, VA
Mid Tester,ICONMA,Reston, VA
Testing - Senior Tester,Lumen Solutions Group Inc.,Reston, VA
Penetration Tester (Mid to Senior),Accenture,Richmond, VA
Oracle EBS Tester,Dice,Richmond, VA
Light Industrial - Tester 1 Tester 1,KYYBA Inc,Richmond, VA
QI Tester,Truist,Richmond, VA
Tester,Elbit Systems of America,Roanoke, VA
QA Tester - POS,TEKsystems,Roanoke, VA
Tester A,Daikin Applied Americas,Staunton, VA
Interface Tester,MicroHealth,Vienna, VA
Tester 4,GovCIO,Alexandria, VA
Penetration Tester (Mid to Senior),Accenture,Arlington, VA
QA Tester,"Global TechPro, LLC",Arlington, VA
Penetration Tester (Mid to Senior),Accenture,Ashburn, VA
Manual Tester,Dice,Ashburn, VA
Penetration Tester (Mid to Senior),Accenture,Chantilly, VA
Data Tester,BRMi,Chantilly, VA
Tester - TS/SCI Required,CGI,Chantilly, VA
Tester - TS/SCI Required,Cgi Technologies Corporation,Chantilly, VA
Automated QA Tester (Selenium) - 190K with Security Clearance,ClearanceJobs,Chantilly, VA
QA Tester / Analyst,"THE CENTECH GROUP, Inc.",Chantilly, VA
Automated QA Tester (Selenium) - 190K with Security Clearance,Velocity Resource Solutions,Chantilly, VA
Penetration Tester (Mid to Senior),Accenture,Chesapeake, VA
QA Tester,Falcon IT & Staffing Solutions,Dulles, VA
QA Tester,"MOJA, Inc.",Dulles Town Center, VA
FREE QA Automation Tester TRAINING AND PLACEMENT PROGRAM.,CollaboraIT Inc.,Falls Church, VA
Tester 2,GovCIO,Hampton, VA
Tester 4,GovCIO,Hampton, VA
Tester 3,GovCIO,Hampton, VA
Penetration Tester (Mid to Senior),Accenture,Herndon, VA
Tester with Security Clearance,ClearanceJobs,Herndon, VA
Manual Tester,GXM CONSULTING,Herndon, VA
Quality Assurance Tester,Logical Paradigm,Herndon, VA
API Tester,Dice,Manassas, VA
API Tester,TechWish,Manassas, VA
Compliance Tester II-Privacy,Capital One,McLean, VA
DevOps Tester Professional,eSolutionsFirst,McLean, VA
Data Tester,Dice,Merrifield, VA
Data Tester,TechWish,Merrifield, VA
COVID19 Team Member Tester LLH,Riverside Health System,Newport News, VA
PEGA Tester,Cognizant,Norfolk, VA
Tester,Dice,Reston, VA
Mid Tester,ICONMA,Reston, VA
Testing - Senior Tester,Lumen Solutions Group Inc.,Reston, VA
Penetration Tester (Mid to Senior),Accenture,Richmond, VA
Oracle EBS Tester,Dice,Richmond, VA
Light Industrial - Tester 1 Tester 1,KYYBA Inc,Richmond, VA
QI Tester,Truist,Richmond, VA
Tester,Elbit Systems of America,Roanoke, VA
QA Tester - POS,TEKsystems,Roanoke, VA
Tester A,Daikin Applied Americas,Staunton, VA
Interface Tester,MicroHealth,Vienna, VA
Data Tester 7415,Seneca Resources,Vienna, VA
