Device Tester,Actalent,Louisiana,LA
Device Tester,Actalent,Louisiana,LA
Manual QA testers needed in Louisiana (US),Global App Testing,Louisiana,LA
Device Tester,Actalent,Louisiana,LA
Manual QA testers needed in Louisiana (US),Global App Testing,Louisiana,LA
Fresh Engineers/ Drive Testers,SWI - Innovation Delivered,Louisiana,LA
Device Tester,Actalent,Louisiana,LA
Device Tester,Actalent,Louisiana,LA
Manual QA testers needed in Louisiana (US),Global App Testing,Louisiana,LA
Device Tester,Actalent,Louisiana,LA
Manual QA testers needed in Louisiana (US),Global App Testing,Louisiana,LA
Fresh Engineers/ Drive Testers,SWI - Innovation Delivered,Louisiana,LA
