Position,Company Name,Location,Remote,timestamp
Business Analyst,(ISC)²,United States,Remote,1648315334.35502
Business Analyst,2 Tech Inc,United States,Remote,1648315334.35502
Application Development Business Analyst,AGIA Affinity,United States,Remote,1648315334.35502
Service Line Business Analyst,APTIM,"Dallas, TX",,1648315334.35502
Service Line Business Analyst,APTIM,"Dallas, TX",,1648315334.35502
Service Line Business Analyst,APTIM,"Dallas, TX",,1648315334.35502
Business Analyst,AboveBoard,United States,Remote,1648315334.35502
Business Analyst - 4212716,Accenture,"Irving, TX",,1648315334.35502
Accenture - REPL WFM Implementation Business Analyst (Manager),Accenture,"Irving, TX",,1648315334.35502
Accenture - REPL WFM Implementation Business Analyst (Manager),Accenture,"Irving, TX",,1648315334.35502
Business Analyst,AccuV,"Frisco, TX","Medical, Vision, Dental, 401(k), +1 benefit",1648315334.35502
(REMOTE) Business Analyst,Acosta,United States,Remote,1648315334.35502
Product Owner / Business Analyst (Fully Remote),Adorama,United States,Remote,1648315334.35502
Business Analyst,AllSTEM Connections,"Plano, TX",Hybrid,1648315334.35502
Business Analyst II,Altruista Health,United States,Remote,1648315334.35502
Business Analyst II,Altruista Health,United States,Remote,1648315334.35502
Business Analyst,"AmTrust Financial Services, Inc.",United States,Remote,1648315334.35502
"Business Analyst, WW Consumer, Devices, Entertainment & Media Compensation",Amazon,United States,Remote,1648315334.35502
"Business Analyst, WW Consumer, Devices, Entertainment & Media Compensation",Amazon,United States,Remote,1648315334.35502
Business Analyst Returnship,Amazon,"Dallas, TX",,1648315334.35502
Business Analyst Returnship,Amazon,"Dallas, TX",,1648315334.35502
"Business Analyst, Consumer HR",Amazon,United States,Remote,1648315334.35502
"Business Analyst, Consumer HR",Amazon,United States,Remote,1648315334.35502
"Business Analyst, Perfect Order Experience, Incident Mgmt.",Amazon,"Dallas, TX",,1648315334.35502
"Business Analyst, Perfect Order Experience, Incident Mgmt.",Amazon,"Dallas, TX",,1648315334.35502
"Business Analyst, Post Order Experience",Amazon,"Dallas, TX",,1648315334.35502
"Business Analyst, Post Order Experience",Amazon,"Dallas, TX",,1648315334.35502
"Business Analyst, Post Order Experience",Amazon,"Dallas, TX",,1648315334.35502
"Business Analyst, Post Order Experience",Amazon,"Dallas, TX",,1648315334.35502
"Business Analyst, WW Operations Compensation",Amazon,"Dallas, TX",,1648315334.35502
"Business Analyst, WW Operations Compensation",Amazon,"Dallas, TX",,1648315334.35502
"Business Analyst, WW Operations Compensation",Amazon,"Dallas, TX",,1648315334.35502
"Business Analyst, Shopping Experience, Escalation Management and Preventatives",Amazon,"Dallas, TX",,1648315334.35502
"Business Analyst, Shopping Experience, Escalation Management and Preventatives",Amazon,"Dallas, TX",,1648315334.35502
"Business Analyst, Selling Partner Trust and Loyalty",Amazon,"Dallas, TX",,1648315334.35502
"Business Analyst, Selling Partner Trust and Loyalty",Amazon,"Dallas, TX",,1648315334.35502
"Business Analyst, Selling Partner Trust and Loyalty",Amazon,"Dallas, TX",,1648315334.35502
Business Analyst,Amazon,"Dallas, TX",,1648315334.35502
Business Labor Analyst,Amazon,United States,Remote,1648315334.35502
Business Analyst,Amazon Web Services (AWS),United States,Remote,1648315334.35502
Business Analyst,Amazon Web Services (AWS),United States,Remote,1648315334.35502
Business Analyst,Amazon Web Services (AWS),United States,Remote,1648315334.35502
Business Analyst,Amazon Web Services (AWS),United States,Remote,1648315334.35502
Business Analyst,Amazon Web Services (AWS),United States,Remote,1648315334.35502
Business Analyst,Amazon Web Services (AWS),United States,Remote,1648315334.35502
Business Analyst,American Heart Association,"Dallas, TX",On-site,1648315334.35502
Business Analyst,American Heart Association,"Dallas, TX",On-site,1648315334.35502
Business Analyst,American Heart Association,"Dallas, TX",On-site,1648315334.35502
Consumer Business Analyst (2557),Amyris,United States,Remote,1648315334.35502
Business Analyst,Aperia,"Dallas, TX",,1648315334.35502
Business Analyst (Software),Arbor Research Collaborative for Health,United States,Remote,1648315334.35502
Business Analyst (Software),Arbor Research Collaborative for Health,United States,Remote,1648315334.35502
Business Analyst with ecommerce,"Ascii Group, LLC",United States,Remote,1648315334.35502
"Business Analyst, Operations",Aspiration,United States,Remote,1648315334.35502
Business Analyst,BCD Meetings & Events,United States,Remote,1648315334.35502
Business Analyst,BRP,"Plano, TX",,1648315334.35502
Business Analyst,BRP,"Plano, TX",,1648315334.35502
Business Analyst,BRP,"Plano, TX",,1648315334.35502
Business Analyst,BSI Financial Services,"Irving, TX",401(k) benefit,1648315334.35502
Business Analyst,Babich & Associates,"Dallas, TX",Hybrid,1648315334.35502
Business Analyst,Bayside Solutions,United States,Remote,1648315334.35502
Business Analyst,Bayside Solutions,United States,Remote,1648315334.35502
Business Analyst,Bayside Solutions,United States,Remote,1648315334.35502
Business Analyst - Govt Enablement Team,"Blue Cross and Blue Shield of Illinois, Montana, New Mexico, Oklahoma & Texas","Richardson, TX",Hybrid,1648315334.35502
Business Analyst - Govt Enablement Team,"Blue Cross and Blue Shield of Illinois, Montana, New Mexico, Oklahoma & Texas","Richardson, TX",Hybrid,1648315334.35502
Business Analyst III,"Blue Cross and Blue Shield of Illinois, Montana, New Mexico, Oklahoma & Texas","Richardson, TX",On-site,1648315334.35502
Business Analyst III,"Blue Cross and Blue Shield of Illinois, Montana, New Mexico, Oklahoma & Texas","Richardson, TX",On-site,1648315334.35502
Business Analyst III,"Blue Cross and Blue Shield of Illinois, Montana, New Mexico, Oklahoma & Texas","Richardson, TX",On-site,1648315334.35502
Business Analyst,"Blue Cross and Blue Shield of Illinois, Montana, New Mexico, Oklahoma & Texas","Richardson, TX",,1648315334.35502
Business Analyst,"Blue Cross and Blue Shield of Illinois, Montana, New Mexico, Oklahoma & Texas","Richardson, TX",,1648315334.35502
Business Analyst,"Blue Cross and Blue Shield of Illinois, Montana, New Mexico, Oklahoma & Texas","Richardson, TX",,1648315334.35502
Business Analyst,"Blue Cross and Blue Shield of Illinois, Montana, New Mexico, Oklahoma & Texas","Richardson, TX",,1648315334.35502
Business Analyst - National Accounts,"Blue Cross and Blue Shield of Illinois, Montana, New Mexico, Oklahoma & Texas","Richardson, TX",,1648315334.35502
Encounters Business Analyst,"Blue Cross and Blue Shield of Illinois, Montana, New Mexico, Oklahoma & Texas","Richardson, TX",Remote,1648315334.35502
Business Analyst,Braintrust,United States,Remote,1648315334.35502
Business Analyst,BravoTECH,"McKinney, TX",Hybrid,1648315334.35502
Business Analyst,BravoTECH,"McKinney, TX",Hybrid,1648315334.35502
Business Analyst,BravoTECH,"McKinney, TX",Hybrid,1648315334.35502
Business Analyst,Brinks Home,"Farmers Branch, TX","Medical, Dental, 401(k), +3 benefits",1648315334.35502
Business Analyst / Customer Support Representative,Brown & Brown Insurance,United States,Remote,1648315334.35502
Business Analyst - TMS,Business Centric Technology,Dallas-Fort Worth Metroplex,Hybrid,1648315334.35502
Business Analyst - TMS,Business Centric Technology,Dallas-Fort Worth Metroplex,Hybrid,1648315334.35502
Business Analyst,CSG Government Solutions,United States,Remote,1648315334.35502
Business Analyst,CSI Companies,United States,Remote,1648315334.35502
Business Analyst - Integrations,CancerIQ,United States,Remote,1648315334.35502
Data/Business Analyst - Guidewire Policy Center (1178594_11957679),Capgemini,"Dallas, TX",Hybrid,1648315334.35502
Data/Business Analyst - Guidewire Policy Center (1178594_11957679),Capgemini,"Dallas, TX",Hybrid,1648315334.35502
Small Business Banking Credit Analyst II,Capital One,"Plano, TX",,1648315334.35502
Data Center Operations Business Analyst (3rd Shift),Cardinal Health,"Lewisville, TX",,1648315334.35502
Data Center Operations Business Analyst (3rd Shift),Cardinal Health,"Lewisville, TX",,1648315334.35502
Data Center Operations Business Analyst (3rd Shift),Cardinal Health,"Lewisville, TX",,1648315334.35502
Data Center Operations Business Analyst (3rd Shift),Cardinal Health,"Fort Worth, TX",,1648315334.35502
Data Center Operations Business Analyst (3rd Shift),Cardinal Health,"Fort Worth, TX",,1648315334.35502
Data Center Operations Business Analyst (3rd Shift),Cardinal Health,"Fort Worth, TX",,1648315334.35502
Data Center Operations Business Analyst (3rd Shift),Cardinal Health,"Dallas, TX",,1648315334.35502
Data Center Operations Business Analyst (3rd Shift),Cardinal Health,"Dallas, TX",,1648315334.35502
Business Analyst/Technology,CareerAddict,"Dallas, TX",$62K/yr - $95K/yr (LinkedIn est.),1648315334.35502
Business Analyst/Technology,CareerAddict,"Dallas, TX",$62K/yr - $95K/yr (LinkedIn est.),1648315334.35502
Operations Business Analyst,Cetera Financial Group,United States,Remote,1648315334.35502
Business Analyst,Charlton Morris,United States,Remote,1648315334.35502
Business Analyst,Cintra,"Dallas, TX",On-site,1648315334.35502
Business Analyst,Cintra,"Dallas, TX",On-site,1648315334.35502
Business Analyst,Cintra,"Dallas, TX",On-site,1648315334.35502
Business Analyst,Citi,"Irving, TX",,1648315334.35502
Linux Platform Business Analyst,Citi,"Irving, TX",On-site,1648315334.35502
Pricefx Business Analyst,Cognitus,"Dallas, TX",On-site,1648315334.35502
Pricefx Business Analyst,Cognitus,"Dallas, TX",On-site,1648315334.35502
Business Analyst with Health Care industry,Cognizant,United States,Remote,1648315334.35502
Pharma Business Analyst,Cognizant,United States,Remote,1648315334.35502
Business Analyst with clinical experience (mandatory),Cognizant,United States,Remote,1648315334.35502
"Business Analyst, Software Products",Cogstate,United States,Remote,1648315334.35502
Business Analyst,Collabera Inc.,"Dallas, TX",$60K/yr - $103K/yr (LinkedIn est.),1648315334.35502
Business Analyst,Collabera Inc.,"Addison, TX",,1648315334.35502
Business Analyst (Hospitality – Front office systems),ComTec Information Systems (IT),"Dallas, TX",Hybrid,1648315334.35502
Business Analyst (Hospitality – Front office systems),ComTec Information Systems (IT),"Dallas, TX",Hybrid,1648315334.35502
Business Analyst,Comstock Resources,"Frisco, TX",On-site,1648315334.35502
Business Analyst - remote,Concero,United States,Remote,1648315334.35502
Business Analyst - remote,Concero,United States,Remote,1648315334.35502
Business Analyst,Confidential Company,"Irving, TX",Hybrid,1648315334.35502
Business Analyst,Confidential Company,"Irving, TX",Hybrid,1648315334.35502
Business Analyst,Confidential Company,"Irving, TX",Hybrid,1648315334.35502
Decisions Business Analyst,Configurable Management,"Lewisville, TX",$60K/yr - $96K/yr (LinkedIn est.),1648315334.35502
TPM BA,ConnectedX Inc.,"Plano, TX",On-site,1648315334.35502
Business Analyst,Consolidated Analytics,"Dallas, TX",On-site,1648315334.35502
Business Analyst,Consolidated Analytics,"Dallas, TX",On-site,1648315334.35502
Business Analyst,Consolidated Analytics,United States,Remote,1648315334.35502
Business Analyst,Consolidated Analytics,United States,Remote,1648315334.35502
Business Analyst,"ConsumerTrack, Inc.",United States,Remote,1648315334.35502
Business Analyst,"ConsumerTrack, Inc.",United States,Remote,1648315334.35502
Business Analyst,Continuum Clinical,United States,Remote,1648315334.35502
Business Analyst - USA,Cora Systems,United States,Remote,1648315334.35502
Business Analyst,Cotiviti,United States,Remote,1648315334.35502
Business Analyst,Cotiviti,United States,Remote,1648315334.35502
Business Analyst,Cotiviti,United States,Remote,1648315334.35502
Business Insights Analyst,Crain Communications,United States,Remote,1648315334.35502
Business Analyst,Crawford & Company,"Dallas, TX",,1648315334.35502
Business Analyst,Crawford & Company,"Dallas, TX",,1648315334.35502
"Business Analyst (Dallas, TX)",Crescent Bank,"Carrollton, TX","Medical, Vision, Dental, +2 benefits",1648315334.35502
"Business Analyst (Dallas, TX)",Crescent Bank,"Carrollton, TX","Medical, Vision, Dental, +2 benefits",1648315334.35502
Business Data Analyst III,Crown Castle,"Irving, TX",,1648315334.35502
Business Data Analyst III,Crown Castle,"Irving, TX",,1648315334.35502
Business Data Analyst III,Crown Castle,"Irving, TX",,1648315334.35502
Business Analyst,Cypress HCM,United States,Remote,1648315334.35502
Business Tools Analyst & Trainer,D.A. Davidson Companies,United States,Remote,1648315334.35502
BSA-AML Analyst II,Dallas Capital Bank,"Dallas, TX",On-site,1648315334.35502
Business Relationships Analyst,Deloitte,"Westlake, TX",,1648315334.35502
Business Relationships Analyst,Deloitte,"Fort Worth, TX",,1648315334.35502
Business Relationships Analyst,Deloitte,"Fort Worth, TX",,1648315334.35502
Business Analyst,Deloitte,"Fort Worth, TX",,1648315334.35502
Business Relationships Analyst,Deloitte,"Dallas, TX",,1648315334.35502
Business Analyst,Deloitte,"Dallas, TX",,1648315334.35502
Business Analyst,Deloitte,"Dallas, TX",,1648315334.35502
PMaaS Life Sciences Business Analyst/Program Management Manager,Deloitte,"Dallas, TX",,1648315334.35502
PMaaS Life Sciences Business Analyst/Program Management Manager,Deloitte,"Dallas, TX",,1648315334.35502
Health and Human Services Transformation Business Analyst,Deloitte,"Dallas, TX",,1648315334.35502
Business Analyst II,Dice,"Fort Worth, TX",On-site,1648315334.35502
Business Analyst II,Dice,"Fort Worth, TX",On-site,1648315334.35502
Business Analyst,Dice,"Plano, TX",On-site,1648315334.35502
Business Analyst,Dice,"Plano, TX",On-site,1648315334.35502
Business Analyst with Wealth Management,Dice,"Irving, TX",On-site,1648315334.35502
Business Analyst with Wealth Management,Dice,"Irving, TX",On-site,1648315334.35502
Business Analyst,Dice,"Durant, OK",On-site,1648315334.35502
Business Analyst,Dice,"Durant, OK",On-site,1648315334.35502
Business Analyst with ecommerce - 12 Months - Remote - RV,Dice,United States,Remote,1648315334.35502
Business Analyst with ecommerce - 12 Months - Remote - RV,Dice,United States,Remote,1648315334.35502
Business Analyst - must have P&C insurance experience,Dice,"Dallas, TX",On-site,1648315334.35502
Business Analyst - must have P&C insurance experience,Dice,"Dallas, TX",On-site,1648315334.35502
"D365 F&O Business Analyst - $140,000 - Helena - Remote",Dice,United States,Remote,1648315334.35502
"D365 F&O Business Analyst - $140,000 - Helena - Remote",Dice,United States,Remote,1648315334.35502
Business Analyst with Banking Domain,Dice,United States,Remote,1648315334.35502
Business Analyst with Banking Domain,Dice,United States,Remote,1648315334.35502
Business Analyst with Banking Domain,Dice,United States,Remote,1648315334.35502
Fully Remote- Business Analyst,Dice,United States,Remote,1648315334.35502
Fully Remote- Business Analyst,Dice,United States,Remote,1648315334.35502
Fully Remote- Business Analyst,Dice,United States,Remote,1648315334.35502
Digital Banking Business Analyst,Dice,United States,Remote,1648315334.35502
Digital Banking Business Analyst,Dice,United States,Remote,1648315334.35502
APTTUS CLM Business Analyst,Dice,United States,Remote,1648315334.35502
APTTUS CLM Business Analyst,Dice,United States,Remote,1648315334.35502
Business Analyst with automobile industry experience,Dice,"Plano, TX",On-site,1648315334.35502
Implementation Business Analyst,Dice,"Irving, TX",On-site,1648315334.35502
Business Analysis/Analyst//Onsite Only,Dice,"Dallas, TX",On-site,1648315334.35502
Business Analyst (Healthcare)_ Remote Role,Dice,United States,Remote,1648315334.35502
Business Analyst with Cloud Azure - Remote,Dice,United States,Remote,1648315334.35502
"D365 F&O Business Analyst - $140,000 - Montana - Remote",Dice,United States,Remote,1648315334.35502
TPM BA,Dice,"Plano, TX",On-site,1648315334.35502
Ecommerce Business Analyst / Program Manager - 100% Remote,Dice,United States,Remote,1648315334.35502
BA,Dice,"Richardson, TX",On-site,1648315334.35502
"D365 F&O Business Analyst - $140,000 - St. Paul - Remote",Dice,United States,Remote,1648315334.35502
BA/Wealth Management,Dice,"Irving, TX",On-site,1648315334.35502
CTH - 100% Remote - Business Analyst / e-Commerce domain,Dice,United States,Remote,1648315334.35502
Business Analyst II (REMOTE),Dice,United States,Remote,1648315334.35502
Business Analyst Salesforce CPQ - Remote,Dice,United States,Remote,1648315334.35502
"Business Analyst, Postman",Dice,United States,Remote,1648315334.35502
Appian BA (Remote role),Dice,United States,Remote,1648315334.35502
Service Now Business Analyst (Remote),Dice,United States,Remote,1648315334.35502
Remote Medicaid BA/business analyst,Dice,United States,Remote,1648315334.35502
$25-30/hr W2 max - Direct End Client - UAT Business Analyst - 100 % Remote -,Dice,United States,Remote,1648315334.35502
"Hiring Business Analyst with banking, financial or treasury software experience @ Remote",Dice,United States,Remote,1648315334.35502
Business Data Analyst - III,Dice,"Grand Prairie, TX",,1648315334.35502
$25-30/hr W2 max - Direct End Client - UAT Business Analyst - 100 % Remote -,Digipulse Technologies Inc.,United States,Remote,1648315334.35502
Cloud BA - Remote,Digital Prospectors,United States,Remote,1648315334.35502
Business Analyst,DriveTime,"Dallas, TX",,1648315334.35502
Business Analyst,DriveTime,"Dallas, TX",,1648315334.35502
Business Analyst,DriveTime,"Dallas, TX",,1648315334.35502
Business Analyst,DriveTime,"Dallas, TX",,1648315334.35502
Business Analyst,EPITEC,"Plano, TX",On-site,1648315334.35502
CT Technology Business Analyst - Assistant Director,EY,"Dallas, TX","Medical, Dental, 401(k)",1648315334.35502
CT Technology Business Analyst - Assistant Director,EY,"Dallas, TX","Medical, Dental, 401(k)",1648315334.35502
CT Technology Business Analyst - Assistant Director,EY,"Dallas, TX","Medical, Dental, 401(k)",1648315334.35502
Process Business Analyst,EY,"Fort Worth, TX",,1648315334.35502
Process Business Analyst,EY,"Dallas, TX",,1648315334.35502
"Business Analyst - Manager - Chicago, Atlanta, Dallas, Alpharetta, Cleveland",EY,"Dallas, TX","Medical, Dental, 401(k)",1648315334.35502
IT Risk Management - BCM - Business Impact Analysis and Continuity Analyst 1,EY,"Fort Worth, TX",,1648315334.35502
IT Risk Management - BCM - Business Impact Analysis and Continuity Analyst 1,EY,"Dallas, TX",,1648315334.35502
"Client Technology: Business Architecture & Analysis, Technology Business Analysis",EY,"Dallas, TX","Medical, Dental, 401(k)",1648315334.35502
Business Analyst - Compensation,Edward Jones,"Dallas, TX",Remote,1648315334.35502
Business Segment Analyst,Edward Jones,"Dallas, TX",Remote,1648315334.35502
Business Segment Analyst,Edward Jones,"Dallas, TX",Remote,1648315334.35502
Business Analyst - Manufacturing/Integrations,Elan Partners,Dallas-Fort Worth Metroplex,Remote,1648315334.35502
Business Analyst II,Elevate,"Fort Worth, TX",,1648315334.35502
Business Analyst II,Elevate,"Fort Worth, TX",,1648315334.35502
Business Analyst II,Elevate,"Fort Worth, TX",,1648315334.35502
Business Analyst (Risk),Eliassen Group,United States,Remote,1648315334.35502
Senior HRIS Business Analyst (exp with SAP Successfactors) - REMOTE,Ellucian,United States,Remote,1648315334.35502
Business Analyst,Elsdon Consulting ltd,United States,Remote,1648315334.35502
Red Team Security Engineer,Engage Partners Inc.,United States,Remote,1648315334.35502
Business Analyst,Enlighten Operational Excellence,United States,Remote,1648315334.35502
"Business Analyst, Implementation",Evolent Health,United States,Remote,1648315334.35502
Payments Business Analyst,FastSpring,United States,Remote,1648315334.35502
Payments Business Analyst,FastSpring,United States,Remote,1648315334.35502
Payments Business Analyst,FastSpring,United States,Remote,1648315334.35502
Payments Business Analyst,FastSpring,United States,Remote,1648315334.35502
"Business Analyst III, Manhattan",FedEx Logistics,"Dallas, TX",On-site,1648315334.35502
"Business Analyst III, Manhattan",FedEx Logistics,"Dallas, TX",On-site,1648315334.35502
"Business Analyst III, Manhattan",FedEx Logistics,"Dallas, TX",On-site,1648315334.35502
"Consultant, Business Analyst",Fidelity Investments,"Westlake, TX",,1648315334.35502
Business Analyst - Digital Workplace,Fidelity Investments,"Westlake, TX",,1648315334.35502
Business Analyst - Digital Workplace,Fidelity Investments,"Westlake, TX",,1648315334.35502
"Consultant, Business Analyst - Reimbursement Accounts/HSA",Fidelity Investments,"Westlake, TX",,1648315334.35502
"Consultant, Business Analyst - Reimbursement Accounts/HSA",Fidelity Investments,"Westlake, TX",,1648315334.35502
Business Analyst I - Loan Operations,First United Bank,"Durant, OK",,1648315334.35502
Business Analyst I - Deposit Operations,First United Bank,"Durant, OK",,1648315334.35502
Technology Business Analyst (401(k) Shared Technology Services),Fisher Investments,"Plano, TX",$58K/yr - $91K/yr (LinkedIn est.),1648315334.35502
Technology Business Analyst (401(k) Shared Technology Services),Fisher Investments,"Plano, TX",$58K/yr - $91K/yr (LinkedIn est.),1648315334.35502
Medicare Health Business Analyst,Florida Blue,United States,Remote,1648315334.35502
Analyst III - Business Analysis,Florida Blue,United States,Remote,1648315334.35502
Medicare-Health Business Analyst,Florida Blue,United States,Remote,1648315334.35502
Business Analyst,Frontier Communications,"Allen, TX",,1648315334.35502
Business Analyst,Frontier Communications,"Allen, TX",,1648315334.35502
Business Analyst,Frontier Communications,"Allen, TX",,1648315334.35502
Business Analyst,GBLI | Global Indemnity,United States,Remote,1648315334.35502
Business Analyst III,GCB Services,"Frisco, TX",On-site,1648315334.35502
Business Analyst III,GCB Services,"Frisco, TX",On-site,1648315334.35502
Business Analyst III,GCB Services,"Frisco, TX",On-site,1648315334.35502
Business Automation Analyst,GM Financial,"Fort Worth, TX",Hybrid,1648315334.35502
Business Analyst,GearsCRM,United States,Remote,1648315334.35502
Business Analyst Advisor (EHR) REMOTE BASED ROLE,General Dynamics Information Technology,United States,Remote,1648315334.35502
Business Facing Marketing Science Analyst,General Motors,United States,Remote,1648315334.35502
Business Insights Analyst,Gerber Life Insurance Company,United States,Remote,1648315334.35502
Software Business Analyst-healthcare,Get Real Health,United States,Remote,1648315334.35502
Business Analyst,Global Soft Technologies LLC,United States,Remote,1648315334.35502
Business Analyst,Global Soft Technologies LLC,United States,Remote,1648315334.35502
Business Analyst,Global Soft Technologies LLC,United States,Remote,1648315334.35502
Business Analyst,"Global Technology Associates, Ltd.","Plano, TX",On-site,1648315334.35502
Business Analyst,"Global Technology Associates, Ltd.","Plano, TX",On-site,1648315334.35502
ServiceNow Business Analyst,"Global Technology Associates, Ltd.","Plano, TX",On-site,1648315334.35502
ServiceNow Business Analyst,"Global Technology Associates, Ltd.","Plano, TX",On-site,1648315334.35502
ServiceNow Business Analyst,"Global Technology Associates, Ltd.","Plano, TX",On-site,1648315334.35502
Business Analyst,Globe Life,"McKinney, TX",,1648315334.35502
Business Analyst,Globe Life,"McKinney, TX",,1648315334.35502
"IBD - Transaction Banking Lending, Small & Medium Business Lending, Commercial Credit Analyst / Portfolio Manager, Analyst/Associate - Dallas",Goldman Sachs,"Dallas, TX",,1648315334.35502
"Finance Planning & Analysis, Business Finance, Anaplan Team, Associate - Dallas",Goldman Sachs,"Dallas, TX",On-site,1648315334.35502
Business Analyst Specialist III (Group Insurance) - Remote,Guardian Life,United States,Remote,1648315334.35502
Analyst III - Business Analysis,GuideWell,United States,Remote,1648315334.35502
Medicare Health Business Analyst,GuideWell,United States,Remote,1648315334.35502
Medicare-Health Business Analyst,GuideWell,United States,Remote,1648315334.35502
Business Analyst - IT (Remote),"H&E Equipment Services, Inc.","Dallas, TX",Remote,1648315334.35502
Business Analyst - IT (Remote),"H&E Equipment Services, Inc.","Dallas, TX",Remote,1648315334.35502
Business Analyst,HTC Global Services,United States,Remote,1648315334.35502
Business Analyst,Hathway,United States,Remote,1648315334.35502
Business Analyst,HealthCare Recruiters International,"Plano, TX",Remote,1648315334.35502
Business Analyst,HealthCare Recruiters International,"Plano, TX",Remote,1648315334.35502
Business Analyst (ITAM/ITIL),Healthtalentpro,"Dallas, TX",On-site,1648315334.35502
JDE Business Analyst- Finance,Hillwood,"Dallas, TX",On-site,1648315334.35502
JDE Business Analyst- Finance,Hillwood,"Dallas, TX",On-site,1648315334.35502
JDE Business Analyst- Finance,Hillwood,"Dallas, TX",On-site,1648315334.35502
Digital Business Analyst,Hilti North America,"Plano, TX",,1648315334.35502
Digital Business Analyst,Hilti North America,"Plano, TX",,1648315334.35502
Business Analyst II - Remote,HireGenics,United States,Remote,1648315334.35502
Business Analyst II - Remote,HireGenics,United States,Remote,1648315334.35502
Business Analyst - IV #: 22-02726,HireTalent - Diversity Staffing & Recruiting Firm,"Dallas, TX",,1648315334.35502
Business Analyst,Hitachi Vantara,"Dallas, TX",Medical benefit,1648315334.35502
Business Analyst,Hitachi Vantara,"Dallas, TX",Medical benefit,1648315334.35502
Business Analyst,Hitachi Vantara,"Dallas, TX",Medical benefit,1648315334.35502
Business Analyst,Hitachi Vantara,"Dallas, TX",Medical benefit,1648315334.35502
Logistics Business Analyst,HollyFrontier,"Dallas, TX",,1648315334.35502
Logistics Business Analyst,HollyFrontier,"Dallas, TX",,1648315334.35502
Business Analyst,Horace Mann,"Dallas, TX",,1648315334.35502
Business Analyst,Horace Mann,"Dallas, TX",,1648315334.35502
Business Analyst,Horace Mann,"Dallas, TX",,1648315334.35502
Business Analyst,Horace Mann,"Dallas, TX",,1648315334.35502
Business Analyst,Horace Mann,"Dallas, TX",,1648315334.35502
Business Analyst,Horizon Hobby,United States,Remote,1648315334.35502
Business Analyst (Remote),Hunter International Recruiting,United States,Remote,1648315334.35502
Business Analyst (Remote),Hunter International Recruiting,United States,Remote,1648315334.35502
AML Business Analyst 2,Huntington National Bank,United States,Remote,1648315334.35502
AML Business Analyst 3,Huntington National Bank,United States,Remote,1648315334.35502
Business Analyst (RPO) - Remote,IBM,"Coppell, TX",Remote,1648315334.35502
Maximo BA Business Transformation Mobile Consultant,IBM,"Dallas, TX",Medical benefit,1648315334.35502
Business Analyst,"IMA Financial Group, Inc.","Dallas, TX",On-site,1648315334.35502
Business Analyst,"IMA Financial Group, Inc.","Dallas, TX",On-site,1648315334.35502
Business Analyst,"IMA Financial Group, Inc.","Dallas, TX",On-site,1648315334.35502
Business Analyst,IT Motives,United States,Remote,1648315334.35502
"Hiring Business Analyst with banking, financial or treasury software experience @ Remote",Infinite Computer Solutions,United States,Remote,1648315334.35502
Business Analyst,"InfoIMAGE, Inc.","Coppell, TX",On-site,1648315334.35502
Business Analyst,InfoStride,United States,Remote,1648315334.35502
Business Analyst for OpenText xPressions Migration,"InfoTech Resources, Inc.",United States,Remote,1648315334.35502
Business Analyst - POS,InfoVision Inc.,"Irving, TX",Remote,1648315334.35502
Business Analyst - POS,InfoVision Inc.,"Irving, TX",Remote,1648315334.35502
Actimize Business Analyst,Infosys,United States,Remote,1648315334.35502
Actimize Business Analyst,Infosys,United States,Remote,1648315334.35502
OSS/BSS/BA Telecom Consultant,Infosys,United States,Remote,1648315334.35502
Senior Finance Process Improvement/Business Analyst,Inovalon,United States,Remote,1648315334.35502
Business Analyst,Insight Global,United States,Remote,1648315334.35502
REMOTE Business Analyst 2,Intellectual Capitol (ICAP),United States,Remote,1648315334.35502
REMOTE Business Analyst 2,Intellectual Capitol (ICAP),United States,Remote,1648315334.35502
Business Analyst,Iris Software Inc.,"Irving, TX",Hybrid,1648315334.35502
Business Analyst,Iris Software Inc.,"Irving, TX",Hybrid,1648315334.35502
Business Analyst,Iris Software Inc.,"Irving, TX",Hybrid,1648315334.35502
Business Analyst,JCPenney,"Dallas, TX",Remote,1648315334.35502
Business Analyst,JCPenney,"Dallas, TX",Remote,1648315334.35502
Enterprise Building Management System (EBMS) Business Analyst,JLL,"Dallas, TX",,1648315334.35502
Enterprise Building Management System (EBMS) Business Analyst,JLL,"Dallas, TX",,1648315334.35502
Enterprise Building Management System (EBMS) Business Analyst,JLL,"Dallas, TX",,1648315334.35502
Enterprise Building Management System (EBMS) Business Analyst,JLL Technologies,"Dallas, TX",,1648315334.35502
Enterprise Building Management System (EBMS) Business Analyst,JLL Technologies,"Dallas, TX",,1648315334.35502
Enterprise Building Management System (EBMS) Business Analyst,JLL Technologies,"Dallas, TX",,1648315334.35502
Talent Acquisition Business Analyst,JPMorgan Chase & Co.,"Plano, TX",On-site,1648315334.35502
Talent Acquisition Business Analyst,JPMorgan Chase & Co.,"Plano, TX",On-site,1648315334.35502
Talent Acquisition Business Analyst,JPMorgan Chase & Co.,"Plano, TX",On-site,1648315334.35502
Business Analyst - Service Now,JPMorgan Chase & Co.,"Plano, TX",,1648315334.35502
Business Analyst - Service Now,JPMorgan Chase & Co.,"Plano, TX",,1648315334.35502
Business Analyst - Service Now,JPMorgan Chase & Co.,"Plano, TX",,1648315334.35502
Business Analyst - Service Now,JPMorgan Chase & Co.,"Plano, TX",,1648315334.35502
Business Analyst - Service Now,JPMorgan Chase & Co.,"Plano, TX",,1648315334.35502
Technology Business Analyst,JPMorgan Chase & Co.,"Plano, TX",,1648315334.35502
Technology Business Analyst,JPMorgan Chase & Co.,"Plano, TX",,1648315334.35502
Technology Business Analyst,JPMorgan Chase & Co.,"Plano, TX",,1648315334.35502
Business Analyst,JPMorgan Chase & Co.,"Plano, TX",,1648315334.35502
Business Analyst,JPMorgan Chase & Co.,"Plano, TX",,1648315334.35502
Business Analyst,JPMorgan Chase & Co.,"Plano, TX",,1648315334.35502
Business Analyst,JPMorgan Chase & Co.,"Plano, TX",,1648315334.35502
ServiceNow Business Analyst,JPMorgan Chase & Co.,"Plano, TX",,1648315334.35502
ServiceNow Business Analyst,JPMorgan Chase & Co.,"Plano, TX",,1648315334.35502
ServiceNow Business Analyst,JPMorgan Chase & Co.,"Plano, TX",,1648315334.35502
ServiceNow Business Analyst,JPMorgan Chase & Co.,"Plano, TX",,1648315334.35502
Credit Risk Transformation Business Analyst,JPMorgan Chase & Co.,"Plano, TX",,1648315334.35502
Credit Risk Transformation Business Analyst,JPMorgan Chase & Co.,"Plano, TX",,1648315334.35502
Credit Risk Transformation Business Analyst,JPMorgan Chase & Co.,"Plano, TX",,1648315334.35502
CIB_Operations Digital & Platform Services-CDD Product Business Analyst,JPMorgan Chase & Co.,"Plano, TX",,1648315334.35502
CIB_Operations Digital & Platform Services-CDD Product Business Analyst,JPMorgan Chase & Co.,"Plano, TX",,1648315334.35502
Digital Channels Product - Business Analyst,JPMorgan Chase & Co.,"Plano, TX",,1648315334.35502
Digital Channels Product - Business Analyst,JPMorgan Chase & Co.,"Plano, TX",,1648315334.35502
ServiceNow Business Analyst - Service Management,JPMorgan Chase & Co.,"Plano, TX",,1648315334.35502
Business Analysis Spec. III,JPMorgan Chase & Co.,"Fort Worth, TX",,1648315334.35502
Business Analysis,JPMorgan Chase & Co.,"Plano, TX",,1648315334.35502
Business Analysis,JPMorgan Chase & Co.,"Plano, TX",,1648315334.35502
Business Analysis Specialist IV - Recon Services,JPMorgan Chase & Co.,"Fort Worth, TX",,1648315334.35502
Business Analysis & Planning Associate - Merchant Services Operations,JPMorgan Chase & Co.,"Plano, TX",,1648315334.35502
Business Analysis Associate II - Merchant Operations,JPMorgan Chase & Co.,"Plano, TX",On-site,1648315334.35502
CCB - Business Management and Analysis - Vice President,JPMorgan Chase & Co.,"Plano, TX",,1648315334.35502
AWM F&BM Planning & Analysis - Business Analysis Product Support - Associate,JPMorgan Chase & Co.,"Plano, TX",On-site,1648315334.35502
JPMorgan Payments-Strategic Payments Analyst,JPMorgan Chase & Co.,"Plano, TX",,1648315334.35502
Business Analyst (eCommerce),JRD Systems,United States,Remote,1648315334.35502
Business Analyst - EASE,Jack Henry & Associates,United States,Remote,1648315334.35502
Business Analyst,Johnson Controls,"Irving, TX",On-site,1648315334.35502
Business Analyst - Remote,June Homes (we're hiring!),United States,Remote,1648315334.35502
Business Analyst - Dallas,KLM Careers,"Dallas, TX",On-site,1648315334.35502
Business Analyst Salesforce Sales Cloud - June 2021,KOMMLINk GmbH,United States,Remote,1648315334.35502
Business Analyst- Health Insurance Industry,"Kaeppel Consulting, LLC",United States,Remote,1648315334.35502
Business Analyst,Knauf Insulation North America,United States,Remote,1648315334.35502
Business Analyst Regulatory Reporting (CCAR/BASEL),LTI - Larsen & Toubro Infotech,"Irving, TX",On-site,1648315334.35502
Business Analyst,"LanceSoft, Inc.",United States,Remote,1648315334.35502
100% Remote Business Analyst,Latitude Inc,United States,Remote,1648315334.35502
Enterprise Business Analyst ***REMOTE w/ COVID***,Latitude Inc,United States,Remote,1648315334.35502
Business Analyst - Southwest Region,Lehigh Hanson,"Irving, TX",On-site,1648315334.35502
Business Analyst - Southwest Region,Lehigh Hanson,"Irving, TX",On-site,1648315334.35502
Business Analyst (23341),"Levi, Ray & Shoup, Inc. (LRS)",United States,Remote,1648315334.35502
Claims Business Analyst,Lightbeam Health Solutions,"Irving, TX",,1648315334.35502
Business Analyst,Longroad Energy,United States,Remote,1648315334.35502
LOR - 35944 - Business Analyst w/Enrollment - Remote,Lorven Technologies Inc,United States,Remote,1648315334.35502
Business Analyst,Lume Deodorant,United States,Remote,1648315334.35502
Business Analyst,Luminos Labs,United States,Remote,1648315334.35502
Business Analyst/Quality Analyst,Lunavi,United States,Remote,1648315334.35502
SimCorp Business Analyst,Luxoft,United States,Remote,1648315334.35502
SimCorp Business Analyst,Luxoft,United States,Remote,1648315334.35502
SimCorp Business Analyst,Luxoft,United States,Remote,1648315334.35502
Business Analyst w/Enrollment,Luxoft,United States,Remote,1648315334.35502
Business Analyst Remote,Luxoft,United States,Remote,1648315334.35502
Recruiting Business Analyst,Lyft,United States,Remote,1648315334.35502
Business Analyst,MATRIX Resources,Dallas-Fort Worth Metroplex,On-site,1648315334.35502
Business Analyst,MATRIX Resources,Dallas-Fort Worth Metroplex,On-site,1648315334.35502
*Immediate*//Job Opportunity//Direct Client//Business Analyst (Reinsurance OR IFRS 17 OR P&C)// Remote (need to work in EST time),MFX,United States,Remote,1648315334.35502
Business Analyst,"Martek Global Services, Inc.",NAMER,Remote,1648315334.35502
Business Analyst- Informatics,Mastech Digital,United States,Remote,1648315334.35502
"Agile Business Analyst (Addison, TX; Chicago, IL; Denver, CO; Washington DC)",Matlen Silver,"Addison, TX",Remote,1648315334.35502
Business Analyst,Matlen Silver,United States,Remote,1648315334.35502
Econometric Modeling and Forecasting BA,Meridian Technologies,United States,Remote,1648315334.35502
Telco Wireline Networks Business Analyst/Product Owner,"Metasys Technologies, Inc.","Dallas, TX",,1648315334.35502
Business Analyst,Micasa Global,"Frisco, TX",On-site,1648315334.35502
Business Analyst,Micasa Global,"Frisco, TX",On-site,1648315334.35502
Business Analyst,Micasa Global,"Frisco, TX",,1648315334.35502
Info Security Business Analyst,Midwest Consulting Group,Dallas-Fort Worth Metroplex,Hybrid,1648315334.35502
Info Security Business Analyst,Midwest Consulting Group,Dallas-Fort Worth Metroplex,Hybrid,1648315334.35502
Info Security Business Analyst,Midwest Consulting Group,Dallas-Fort Worth Metroplex,Hybrid,1648315334.35502
Info Security Business Analyst,Midwest Consulting Group,Dallas-Fort Worth Metroplex,Hybrid,1648315334.35502
MDM BA,Mindtree,"Dallas, TX",,1648315334.35502
MDM BA,Mindtree,"Dallas, TX",,1648315334.35502
Business Analyst Salesforce,Modis,Dallas-Fort Worth Metroplex,Remote,1648315334.35502
Business Analyst Salesforce,Modis,Dallas-Fort Worth Metroplex,Remote,1648315334.35502
Business Analyst Salesforce,Modis,Dallas-Fort Worth Metroplex,Remote,1648315334.35502
Business Analyst,Mojo Trek,United States,Remote,1648315334.35502
"Analyst, Business",Molina Healthcare,United States,Remote,1648315334.35502
Business Analyst - Remote USA,MoneyGram International,"Dallas, TX",Remote,1648315334.35502
Web Business Analyst III,Mouser Electronics,"Mansfield, TX",,1648315334.35502
Web Business Analyst III,Mouser Electronics,"Mansfield, TX",,1648315334.35502
Business Analyst,NBCUniversal,United States,Remote,1648315334.35502
Business Analyst,NBCUniversal,United States,Remote,1648315334.35502
Business Analyst,NBCUniversal,United States,Remote,1648315334.35502
Business Analyst II,NFI,"Irving, TX",,1648315334.35502
Business Analyst II,NFI,"Irving, TX",,1648315334.35502
Business Analyst II,NFI,"Irving, TX",,1648315334.35502
Business Analyst II,NFI,"Dallas, TX",,1648315334.35502
Business Analyst II,NFI,"Dallas, TX",,1648315334.35502
Business Analyst - Life & Annuities,NTT DATA Services,"Dallas, TX",On-site,1648315334.35502
Business Analyst - Life and Annuities - Remote U.S.,NTT DATA Services,"Dallas, TX",Remote,1648315334.35502
Business Sys. Analysis Advisor,NTT DATA Services,"Plano, TX",,1648315334.35502
Business Analyst,Nascent Global,"Dallas, TX",On-site,1648315334.35502
Entry Level Business Analyst,National Software Management,"Dallas, TX",On-site,1648315334.35502
Business Analyst,Nelnet Community Engagement,United States,Remote,1648315334.35502
Agile Business Analyst,Ness Digital Engineering,United States,Remote,1648315334.35502
Agile Business Analyst,Ness Digital Engineering,United States,Remote,1648315334.35502
Business Analyst,Neudesic,"Dallas, TX",Hybrid,1648315334.35502
Business Analyst,Neudesic,"Dallas, TX",Hybrid,1648315334.35502
Business Analyst,Neudesic,"Dallas, TX",Hybrid,1648315334.35502
Business Analyst,Nolan Transportation Group (NTG),United States,Remote,1648315334.35502
Business Analyst,Nolan Transportation Group (NTG),United States,Remote,1648315334.35502
Business Analyst,Nolan Transportation Group (NTG),United States,Remote,1648315334.35502
Business Analyst,Nolan Transportation Group (NTG),United States,Remote,1648315334.35502
"Business Analyst, ORIX Back Office",ORIX Corporation USA,"Dallas, TX",,1648315334.35502
HRIS Business Analyst - Remote,Oceaneering,United States,Remote,1648315334.35502
Business Analyst,Oculus VR,United States,Remote,1648315334.35502
Business Analyst,Oculus VR,United States,Remote,1648315334.35502
Cloud Business Analyst,OpenText,"Dallas, TX",,1648315334.35502
Cloud Business Analyst,OpenText,"Dallas, TX",,1648315334.35502
Cloud Business Analyst,OpenText,"Dallas, TX",,1648315334.35502
Software Business Analyst,Oracle,United States,Remote,1648315334.35502
Business Analyst,Oregon Lottery,United States,Remote,1648315334.35502
Business Analyst,Oregon Lottery,United States,Remote,1648315334.35502
Business Analyst Mid,OscarMike,"Irving, TX",On-site,1648315334.35502
Business Analyst Mid,OscarMike,"Irving, TX",On-site,1648315334.35502
Business Analyst II - Portfolio Communications,PENNYMAC,"Fort Worth, TX",,1648315334.35502
Business Analyst II - Portfolio Communications,PENNYMAC,"Fort Worth, TX",,1648315334.35502
Business Analyst II - Portfolio Communications,PENNYMAC,"Fort Worth, TX",,1648315334.35502
Mortgage Business Analyst III,PENNYMAC,"Fort Worth, TX",,1648315334.35502
Mortgage Business Analyst III,PENNYMAC,"Fort Worth, TX",,1648315334.35502
Business Analyst,PLS Logistics Services,United States,Remote,1648315334.35502
Business Analyst II (REMOTE),Patriot Talent Solutions,United States,Remote,1648315334.35502
Business Analyst II (REMOTE),Patriot Talent Solutions,United States,Remote,1648315334.35502
Business Analyst,Patriot Talent Solutions,United States,Remote,1648315334.35502
Mortgage Business Analyst - Encompass/ Tavant (Remote),PenFed Credit Union,"Frisco, TX",Remote,1648315334.35502
Mortgage Business Analyst - Encompass/ Tavant (Remote),PenFed Credit Union,"Frisco, TX",Remote,1648315334.35502
Mortgage Business Analyst - Encompass/ Tavant (Remote),PenFed Credit Union,"Frisco, TX",Remote,1648315334.35502
Mortgage Business Analyst - Encompass/ Tavant (Remote),PenFed Credit Union,"Dallas, TX",Remote,1648315334.35502
Mortgage Business Analyst - Encompass/ Tavant (Remote),PenFed Credit Union,"Dallas, TX",Remote,1648315334.35502
Entry Level Business Analyst - New Grads,Perficient,"Dallas, TX",,1648315334.35502
Business Analyst,Periscope Holdings,United States,Remote,1648315334.35502
Business Analyst (Nashville TN),Philips,United States,Remote,1648315334.35502
Business Analyst (Nashville TN),Philips,United States,Remote,1648315334.35502
Business Analyst (Nashville TN),Philips,United States,Remote,1648315334.35502
Business Analyst (bilingual English and French),Phyton Talent Advisors,"Dallas, TX",Hybrid,1648315334.35502
Business Analyst (bilingual English and French),Phyton Talent Advisors,"Dallas, TX",Hybrid,1648315334.35502
Business Analyst (bilingual English and French),Phyton Talent Advisors,"Dallas, TX",Hybrid,1648315334.35502
Business Analyst,"Pinnacle Group, Inc.","Plano, TX",Hybrid,1648315334.35502
Business Analyst,"Pinnacle Group, Inc.","Plano, TX",Hybrid,1648315334.35502
Business Analyst,"Pinnacle Group, Inc.","Plano, TX",Hybrid,1648315334.35502
D&T Business Analyst,"Pinnacle Group, Inc.","Richardson, TX",,1648315334.35502
REMOTE Business Analysis resource III (HRIS Administrator),Planet Pharma,United States,Remote,1648315334.35502
"Business Analyst (Dynamics 365, Dataverse, Power Apps)",Planet Technologies,United States,Remote,1648315334.35502
JD Edwards Business Analyst (Manufacturing/Finance),Planet Technology,United States,Remote,1648315334.35502
Business Analyst,Professional Diversity Network,"Dallas, TX",$51K/yr - $69K/yr (LinkedIn est.),1648315334.35502
Business Alliance Analyst,Project Management Institute,United States,Remote,1648315334.35502
Business Alliance Analyst,Project Management Institute,United States,Remote,1648315334.35502
"Business Analyst, Life Product Development (Remote/Virtual)",Prudential Financial,United States,Remote,1648315334.35502
Client Business Analyst,Publicis,"Dallas, TX",,1648315334.35502
Client Business Analyst,Publicis,"Dallas, TX",,1648315334.35502
Business Analyst II,R Systems,"Fort Worth, TX",On-site,1648315334.35502
BA-Regulatory,RAPS Consulting Inc,"Irving, TX",On-site,1648315334.35502
Health Cloud Business Analyst -Remote,"RIT Solutions, Inc.","Dallas, TX",Remote,1648315334.35502
Business Analyst (IT PMO),"RealPage, Inc.","Richardson, TX",,1648315334.35502
Business Analyst (IT PMO),"RealPage, Inc.","Richardson, TX",,1648315334.35502
Business Analyst (IT PMO),"RealPage, Inc.","Richardson, TX",,1648315334.35502
Business Analyst (IT PMO),"RealPage, Inc.","Richardson, TX",,1648315334.35502
Business Analyst (IT PMO),"RealPage, Inc.","Richardson, TX",,1648315334.35502
Business Analyst (REMOTE),"RealPage, Inc.","Richardson, TX",Remote,1648315334.35502
Business Analyst - Remote,Red Hat,United States,Remote,1648315334.35502
Business Analyst,Republic National Distributing Company,"Grand Prairie, TX",On-site,1648315334.35502
ServiceNow- ITAM/ITIL - change/asset/config management,Resiliency LLC,"Dallas, TX",On-site,1648315334.35502
"Analyst, Business Analytics",Resolve Tech Solutions,Dallas-Fort Worth Metroplex,On-site,1648315334.35502
Business Analyst,Resource Innovations,United States,Remote,1648315334.35502
Business Analyst,RetailMeNot,"Dallas, TX","Medical, Vision, Dental, 401(k)",1648315334.35502
Business Analyst,RetailMeNot,"Dallas, TX","Medical, Vision, Dental, 401(k)",1648315334.35502
Business Analyst,Reyes Beer Division,United States,Remote,1648315334.35502
Business Analyst,Robert Half,"Addison, TX",Remote,1648315334.35502
Business Analyst,Robert Half,"Addison, TX",Remote,1648315334.35502
Business Analyst,Robert Half,"Addison, TX",Remote,1648315334.35502
Business Analyst,Robert Half,"Addison, TX",Remote,1648315334.35502
Business Analyst,Robert Half,"Dallas, TX",$35.63/hr - $41.25/hr,1648315334.35502
Business Analyst Manager,Robert Half,"Irving, TX",Hybrid,1648315334.35502
Business Analyst,Robert Half,"Dallas, TX",Hybrid,1648315334.35502
Business Analyst,Robert Half Technology,"Dallas, TX",Hybrid,1648315334.35502
Business Analyst,Robert Half Technology,"Dallas, TX",Hybrid,1648315334.35502
Business Analyst,Robert Half Technology,"Dallas, TX",Hybrid,1648315334.35502
Workday HCM Business Analyst,SMCI,United States,Remote,1648315334.35502
Business Analyst,STAND 8 Technology Services,"Fort Worth, TX",On-site,1648315334.35502
Ecommerce Business Analyst,Sally Beauty,"Denton, TX","Medical, Vision, Dental, 401(k), +1 benefit",1648315334.35502
Ecommerce Business Analyst,Sally Beauty,"Denton, TX","Medical, Vision, Dental, 401(k), +1 benefit",1648315334.35502
Ecommerce Business Analyst,Sally Beauty,"Denton, TX","Medical, Vision, Dental, 401(k), +1 benefit",1648315334.35502
JDE Order-To-Cash Business Analyst,"Schuback Search Associates, Ltd.","Dallas, TX",Hybrid,1648315334.35502
JDE Order-To-Cash Business Analyst,"Schuback Search Associates, Ltd.","Dallas, TX",Hybrid,1648315334.35502
JDE Order-To-Cash Business Analyst,"Schuback Search Associates, Ltd.","Dallas, TX",Hybrid,1648315334.35502
Business Analyst,Sentral,United States,Remote,1648315334.35502
Business Analyst,SiriusXM,"Irving, TX",,1648315334.35502
Business Analyst,SiriusXM,"Irving, TX",,1648315334.35502
Business Analyst - Fort Worth,Slalom,"Fort Worth, TX",On-site,1648315334.35502
Business Analyst - Fort Worth,Slalom,"Fort Worth, TX",On-site,1648315334.35502
Business Analyst - SEO,Snagajob,"Dallas, TX",Remote,1648315334.35502
Business Analyst - nCino,SolomonEdwards,United States,Remote,1648315334.35502
Business Practices Analyst,Splunk,"Dallas, TX",,1648315334.35502
Business Practices Analyst,Splunk,"Dallas, TX",,1648315334.35502
Support Operations Business Analyst,Splunk,"Plano, TX",,1648315334.35502
Support Operations Business Analyst,Splunk,"Plano, TX",,1648315334.35502
Support Operations Business Analyst,Splunk,"Plano, TX",,1648315334.35502
Business Practices Analyst,Splunk,"Plano, TX",,1648315334.35502
Business Analyst 8+ years,Staffing Technologies,"Dallas, TX",On-site,1648315334.35502
Business Analyst 8+ years,Staffing Technologies,"Dallas, TX",On-site,1648315334.35502
Business Analyst 8+ years,Staffing Technologies,"Dallas, TX",On-site,1648315334.35502
nCino Business Analyst,Strategic Systems Inc,United States,Remote,1648315334.35502
Business Analyst (ISO & NAIC Coding),"Stratus Technology Services, LLC",United States,Remote,1648315334.35502
Business Analyst,Sunpro Solar Energy Specialists,United States,Remote,1648315334.35502
Remote Business Analyst I - Interoperability,Surgical Information Systems,United States,Remote,1648315334.35502
Remote Business Analyst Analytics,Surgical Information Systems,United States,Remote,1648315334.35502
Ivalua Implementation program Manager & Business Analyst,"Synchrony Systems, Inc",United States,Remote,1648315334.35502
Business Analyst (Regulatory),Synechron,"Irving, TX",On-site,1648315334.35502
Business Analyst (Regulatory),Synechron,"Irving, TX",On-site,1648315334.35502
Business Analyst (Regulatory),Synechron,"Irving, TX",On-site,1648315334.35502
Business Analyst (Regulatory),Synechron,"Irving, TX",On-site,1648315334.35502
CTR - Business Analyst,TMX Finance Family of Companies,"Carrollton, TX",On-site,1648315334.35502
CTR - Business Analyst,TMX Finance Family of Companies,"Carrollton, TX",On-site,1648315334.35502
CTR - Business Analyst,TMX Finance Family of Companies,"Carrollton, TX",On-site,1648315334.35502
Business Analyst - IV,"TalentBurst, an Inc 5000 company","Dallas, TX",On-site,1648315334.35502
Business Analyst - IV,"TalentBurst, an Inc 5000 company","Dallas, TX",On-site,1648315334.35502
Business Analyst,Talentsearchpro,"Dallas, TX",On-site,1648315334.35502
"Business Analyst - power bi, sql server, oracle",Talentsearchpro,"Dallas, TX",On-site,1648315334.35502
Business Analyst (ITAM/ITIL),Talentsearchpro,"Dallas, TX",On-site,1648315334.35502
Business Analyst,Targetbase,"Irving, TX",,1648315334.35502
Business Analyst,Tech Mahindra,"Dallas, TX",Hybrid,1648315334.35502
Business Analyst,Tech Mahindra,"Dallas, TX",Hybrid,1648315334.35502
Business Analyst,Tech Mahindra,"Dallas, TX",Hybrid,1648315334.35502
Business Analyst with SQL or SSRS,TekPartners,United States,Remote,1648315334.35502
Mid- Level Business Analyst,TekPartners,United States,Remote,1648315334.35502
Business Analyst / Program Manager,Tenable,United States,Remote,1648315334.35502
Business Analyst,TestRail by Gurock,United States,Remote,1648315334.35502
Business Analyst,TestRail by Gurock,United States,Remote,1648315334.35502
Business Analyst,TestRail by Gurock,United States,Remote,1648315334.35502
Business Technical Analyst I,Texas A&M University-Commerce,"Commerce, TX",On-site,1648315334.35502
Business Technical Analyst III,Texas A&M University-Commerce,"Commerce, TX",On-site,1648315334.35502
Business Analyst,Texas Capital Bank,"Richardson, TX",On-site,1648315334.35502
Business Analyst,Texas Capital Bank,"Richardson, TX",On-site,1648315334.35502
Business Analyst,The Hired Guns,United States,Remote,1648315334.35502
Business Analyst II FMS,The University of Texas at Dallas,"Dallas, TX",1 benefit,1648315334.35502
Business Analyst II FMS,The University of Texas at Dallas,"Dallas, TX",1 benefit,1648315334.35502
Business Analyst( Insurance/Healthcare - SQL),Tietoevry,"Dallas, TX",On-site,1648315334.35502
Business Analyst( Insurance/Healthcare - SQL),Tietoevry,"Dallas, TX",On-site,1648315334.35502
Business Analyst( Insurance/Healthcare - SQL),Tietoevry,"Dallas, TX",On-site,1648315334.35502
Remote Business Analyst,Titan Professional Resources,United States,Remote,1648315334.35502
"Business Analyst, Data Steward",Toyota North America,"Plano, TX",On-site,1648315334.35502
"Business Analyst, Data Steward",Toyota North America,"Plano, TX",On-site,1648315334.35502
"Business Analyst, Data Steward",Toyota North America,"Plano, TX",On-site,1648315334.35502
Finance Business Analyst,Toyota North America,"Plano, TX",On-site,1648315334.35502
Business Technical Analyst,"True Group, Inc.",United States,Remote,1648315334.35502
Product Owner/Business Analyst,Turnberry Solutions,United States,Remote,1648315334.35502
Operations Business Analyst I,UNIFY Financial Credit Union,"Allen, TX",On-site,1648315334.35502
Business Analyst,US Tech Solutions,United States,Remote,1648315334.35502
Business Analyst,US Tech Solutions,United States,Remote,1648315334.35502
Business Analyst,US Tech Solutions,United States,Remote,1648315334.35502
Business Analyst,UST,United States,Remote,1648315334.35502
Business Analyst,UST,United States,Remote,1648315334.35502
Business Analyst,UST,United States,Remote,1648315334.35502
"Business Analyst, Clinical & Translational Research",UT Southwestern Medical Center,"Dallas, TX",On-site,1648315334.35502
Business Analyst,Ultimate Staffing,United States,Remote,1648315334.35502
Business Analyst - Remote/IL - Shield IL,University of Illinois System,United States,Remote,1648315334.35502
Business Analyst,"Veritone, Inc.",United States,Remote,1648315334.35502
Business Analyst,"Veritone, Inc.",United States,Remote,1648315334.35502
Conversion Business Analyst II - AMS360 (Remote),Vertafore,United States,Remote,1648315334.35502
Business Analyst II - Web Portal Applications,VertexOne,United States,Remote,1648315334.35502
AML/BSA Compliance Analyst,ViaPath Technologies,"Dallas, TX",On-site,1648315334.35502
Business Analyst,Virtual Service Operations,United States,Remote,1648315334.35502
Business Analyst,Virtual Service Operations,United States,Remote,1648315334.35502
"Business Analyst - Irving, TX",WellMed Medical Management,"Irving, TX",On-site,1648315334.35502
Business Analyst - OBIEE Developer,Wells Fargo,"Irving, TX",,1648315334.35502
IAM Business Analyst,Wipro,"Plano, TX",Hybrid,1648315334.35502
IAM Business Analyst,Wipro,"Plano, TX",Hybrid,1648315334.35502
IAM Business Analyst,Wipro,"Plano, TX",Hybrid,1648315334.35502
IAM Business Analyst,Wipro,"Plano, TX",Hybrid,1648315334.35502
Business Analyst with Actimize,Wipro Technologies,United States,Remote,1648315334.35502
"Job Opportunity | Business Analyst / Technical Writer---Dallas/Irving, TX --Job # 8174",World Wide Technology,"Irving, TX",On-site,1648315334.35502
"Job Opportunity | Business Analyst / Technical Writer---Dallas/Irving, TX --Job # 8174",World Wide Technology,"Irving, TX",On-site,1648315334.35502
"Job Opportunity | Business Analyst / Technical Writer---Dallas/Irving, TX --Job # 8174",World Wide Technology,"Irving, TX",On-site,1648315334.35502
Cloud Business Analyst,World Wide Technology,United States,Remote,1648315334.35502
Business Analyst,"Yoh, A Day & Zimmermann Company","Westlake, TX",On-site,1648315334.35502
Business Analyst,"Yoh, A Day & Zimmermann Company","Westlake, TX",On-site,1648315334.35502
Business Analyst,"Yoh, A Day & Zimmermann Company","Westlake, TX",On-site,1648315334.35502
E-Commerce Business Analyst,Zaelab,United States,Remote,1648315334.35502
"Business Analyst, Collaboration Tools",Zendesk,United States,Remote,1648315334.35502
Business Analyst - CRD,eClerx,United States,Remote,1648315334.35502
Business Analyst - CRD,eClerx,United States,Remote,1648315334.35502
Business Analyst,ettain group,"Addison, TX",Hybrid,1648315334.35502
Business Analyst,ettain group,"Addison, TX",Hybrid,1648315334.35502
Business Analyst,ettain group,United States,Remote,1648315334.35502
Business Analyst,ikon Technologies,"Arlington, TX",On-site,1648315334.35502
Business Analyst,ikon Technologies,"Arlington, TX",On-site,1648315334.35502
BA with domain exp of 9+ years inin Airline Industry,isite itecnologies inc,United States,Remote,1648315334.35502
